path,category,contrast,homogeneity,energy,correlation,entropy,height_mean,height_std,hist_entropy,gradient_mean
D:\homework\lund\CS_project\dataset_split\heightmap\Bark__bark 01_height.png,Bark,3.963858,0.534251,0.099199,0.938121,1.381588,0.515274,0.089091,4.090446,0.011694
D:\homework\lund\CS_project\dataset_split\heightmap\Bark__bark 02_height.png,Bark,6.860779,0.444031,0.082759,0.907632,1.484107,0.491479,0.096027,4.185994,0.015516
D:\homework\lund\CS_project\dataset_split\heightmap\Bark__bark 03_height.png,Bark,6.662070,0.490089,0.066757,0.974927,2.850601,0.517885,0.182904,6.000000,0.014086
D:\homework\lund\CS_project\dataset_split\heightmap\Bark__bark 04_height.png,Bark,7.148795,0.471011,0.061545,0.978338,2.966882,0.443606,0.203988,6.000000,0.015200
D:\homework\lund\CS_project\dataset_split\heightmap\Bark__bark 05_height.png,Bark,5.288375,0.545295,0.094163,0.964612,2.001247,0.501889,0.136742,5.167141,0.012241
D:\homework\lund\CS_project\dataset_split\heightmap\Bark__bark 06_height.png,Bark,5.734006,0.505151,0.072201,0.969268,1.901461,0.499606,0.153045,5.405410,0.013169
D:\homework\lund\CS_project\dataset_split\heightmap\Bark__bark 08_height.png,Bark,3.728881,0.562099,0.093058,0.958041,1.635046,0.511789,0.105391,4.649397,0.010589
D:\homework\lund\CS_project\dataset_split\heightmap\Bark__bark 100_height.png,Bark,4.936202,0.496482,0.076792,0.964965,2.270765,0.497872,0.132804,5.875000,0.013330
D:\homework\lund\CS_project\dataset_split\heightmap\Bark__bark 10_height.png,Bark,5.480022,0.500905,0.091940,0.948524,2.704538,0.515269,0.115040,5.925705,0.013451
D:\homework\lund\CS_project\dataset_split\heightmap\Bark__bark 11_height.png,Bark,5.911359,0.495315,0.073981,0.963410,2.289428,0.482163,0.142881,5.554229,0.013723
D:\homework\lund\CS_project\dataset_split\heightmap\Bark__bark 12_height.png,Bark,4.703192,0.498311,0.078753,0.961525,1.811655,0.509933,0.123938,5.000000,0.012937
D:\homework\lund\CS_project\dataset_split\heightmap\Bark__bark 13_height.png,Bark,8.796382,0.458050,0.057083,0.978388,3.019414,0.470960,0.226756,5.968750,0.016191
D:\homework\lund\CS_project\dataset_split\heightmap\Bark__bark 14_height.png,Bark,7.965752,0.446369,0.062983,0.970001,2.398806,0.493678,0.183198,5.818599,0.016059
D:\homework\lund\CS_project\dataset_split\heightmap\Bark__bark 15_height.png,Bark,2.197126,0.613174,0.127720,0.959287,1.116608,0.505497,0.081709,4.090446,0.008622
D:\homework\lund\CS_project\dataset_split\heightmap\Bark__bark 16_height.png,Bark,3.835417,0.551997,0.111852,0.920693,1.312068,0.505534,0.077248,4.185994,0.011040
D:\homework\lund\CS_project\dataset_split\heightmap\Bark__bark 17_height.png,Bark,12.815282,0.436807,0.067286,0.952172,2.885226,0.476891,0.183185,5.692946,0.019033
D:\homework\lund\CS_project\dataset_split\heightmap\Bark__bark 18_height.png,Bark,4.599593,0.522115,0.077675,0.971573,2.023711,0.480521,0.142367,5.327820,0.012381
D:\homework\lund\CS_project\dataset_split\heightmap\Bark__bark 19_height.png,Bark,2.862135,0.592451,0.097207,0.972114,1.359393,0.496912,0.113339,4.558771,0.009421
D:\homework\lund\CS_project\dataset_split\heightmap\Bark__bark 20_height.png,Bark,7.739380,0.457280,0.059959,0.975268,2.560461,0.464174,0.198896,5.726410,0.015795
D:\homework\lund\CS_project\dataset_split\heightmap\Bark__bark 21_height.png,Bark,4.120598,0.540073,0.103310,0.928606,1.602381,0.508336,0.084512,4.374345,0.011605
D:\homework\lund\CS_project\dataset_split\heightmap\Bark__bark 22_height.png,Bark,7.117598,0.449880,0.067337,0.955328,2.274836,0.486724,0.141301,5.449699,0.016109
D:\homework\lund\CS_project\dataset_split\heightmap\Bark__bark 23_height.png,Bark,4.178057,0.549945,0.105528,0.935179,1.969221,0.516478,0.089485,5.167141,0.011207
D:\homework\lund\CS_project\dataset_split\heightmap\Bark__bark 24_height.png,Bark,5.999608,0.508509,0.073711,0.977775,2.341209,0.480964,0.184612,5.554229,0.013538
D:\homework\lund\CS_project\dataset_split\heightmap\Bark__bark 25_height.png,Bark,7.017361,0.461976,0.074858,0.954299,2.229192,0.497426,0.138544,5.327820,0.015269
D:\homework\lund\CS_project\dataset_split\heightmap\Bark__bark 26_height.png,Bark,4.639764,0.523321,0.072101,0.978150,2.314145,0.503528,0.163381,5.818599,0.012039
D:\homework\lund\CS_project\dataset_split\heightmap\Bark__bark 27_height.png,Bark,3.091860,0.565693,0.128191,0.894731,0.933082,0.499701,0.060009,3.091917,0.010293
D:\homework\lund\CS_project\dataset_split\heightmap\Bark__bark 28_height.png,Bark,4.484851,0.523891,0.075665,0.973452,2.177160,0.489537,0.145403,5.692946,0.011956
D:\homework\lund\CS_project\dataset_split\heightmap\Bark__bark 29_height.png,Bark,6.345700,0.453352,0.080198,0.929587,2.186732,0.490372,0.106070,5.265320,0.015845
D:\homework\lund\CS_project\dataset_split\heightmap\Bark__bark 30_height.png,Bark,2.852538,0.590234,0.114722,0.945755,1.176713,0.506632,0.080514,3.994032,0.009594
D:\homework\lund\CS_project\dataset_split\heightmap\Bark__bark 31_height.png,Bark,3.478820,0.566148,0.105788,0.943464,1.242557,0.518018,0.087278,3.798727,0.010664
D:\homework\lund\CS_project\dataset_split\heightmap\Bark__bark 32_height.png,Bark,1.828828,0.652100,0.159272,0.932143,1.142344,0.501435,0.057614,3.699895,0.007459
D:\homework\lund\CS_project\dataset_split\heightmap\Bark__bark 33_height.png,Bark,2.697292,0.588429,0.113893,0.949670,1.237005,0.505258,0.081425,4.090446,0.009379
D:\homework\lund\CS_project\dataset_split\heightmap\Bark__bark 34_height.png,Bark,1.651280,0.654186,0.155975,0.938136,0.757783,0.507236,0.057362,3.194923,0.007261
D:\homework\lund\CS_project\dataset_split\heightmap\Bark__bark 35_height.png,Bark,4.131311,0.520902,0.100413,0.926007,1.290712,0.503295,0.083212,3.994032,0.012130
D:\homework\lund\CS_project\dataset_split\heightmap\Bark__bark 36_height.png,Bark,5.674807,0.508149,0.086370,0.933183,1.524459,0.506258,0.102996,4.374345,0.013145
D:\homework\lund\CS_project\dataset_split\heightmap\Bark__bark 37_height.png,Bark,6.148475,0.483701,0.087225,0.921313,1.933210,0.519089,0.098752,4.676397,0.014480
D:\homework\lund\CS_project\dataset_split\heightmap\Bark__bark 38_height.png,Bark,0.884156,0.741187,0.228824,0.913138,0.505172,0.503831,0.035111,2.354228,0.005286
D:\homework\lund\CS_project\dataset_split\heightmap\Bark__bark 39_height.png,Bark,1.081231,0.711638,0.190394,0.937883,0.673256,0.500401,0.046101,2.957035,0.005636
D:\homework\lund\CS_project\dataset_split\heightmap\Bark__bark 40_height.png,Bark,0.790878,0.759506,0.237472,0.920743,0.381015,0.502993,0.034685,2.029940,0.004765
D:\homework\lund\CS_project\dataset_split\heightmap\Bark__bark 41_height.png,Bark,8.276773,0.432475,0.066605,0.944236,2.533173,0.485892,0.136217,5.692946,0.017278
D:\homework\lund\CS_project\dataset_split\heightmap\Bark__bark 42_height.png,Bark,10.993599,0.427227,0.059219,0.963617,2.989281,0.478312,0.195096,5.818599,0.018982
D:\homework\lund\CS_project\dataset_split\heightmap\Bark__bark 43_height.png,Bark,5.560235,0.492068,0.080674,0.951633,2.204489,0.490017,0.119838,5.296570,0.013967
D:\homework\lund\CS_project\dataset_split\heightmap\Bark__bark 44_height.png,Bark,3.580117,0.553270,0.117512,0.916497,1.366625,0.494753,0.072943,3.896782,0.011371
D:\homework\lund\CS_project\dataset_split\heightmap\Bark__bark 45_height.png,Bark,3.891865,0.544452,0.104619,0.927854,1.462940,0.508758,0.081650,4.280639,0.011163
D:\homework\lund\CS_project\dataset_split\heightmap\Bark__bark 46_height.png,Bark,4.046755,0.539147,0.101911,0.929110,1.449082,0.502749,0.084116,4.185994,0.011852
D:\homework\lund\CS_project\dataset_split\heightmap\Bark__bark 47_height.png,Bark,1.360761,0.674707,0.207075,0.875500,0.612241,0.509765,0.036383,2.567818,0.007345
D:\homework\lund\CS_project\dataset_split\heightmap\Bark__bark 48_height.png,Bark,2.991573,0.575704,0.110675,0.940966,1.044256,0.496991,0.079008,3.600311,0.009818
D:\homework\lund\CS_project\dataset_split\heightmap\Bark__bark 49_height.png,Bark,2.583657,0.595271,0.113785,0.954676,1.402724,0.501992,0.084118,4.374345,0.009192
D:\homework\lund\CS_project\dataset_split\heightmap\Bark__bark 50_height.png,Bark,3.557904,0.563054,0.110253,0.927242,1.363628,0.529738,0.077604,3.994032,0.010590
D:\homework\lund\CS_project\dataset_split\heightmap\Bark__bark 51_height.png,Bark,6.352099,0.466787,0.073957,0.956790,2.257515,0.501639,0.135953,5.405410,0.015125
D:\homework\lund\CS_project\dataset_split\heightmap\Bark__bark 52_height.png,Bark,6.880511,0.462689,0.075739,0.942103,2.359060,0.488351,0.121861,5.661696,0.015484
D:\homework\lund\CS_project\dataset_split\heightmap\Bark__bark 53_height.png,Bark,3.695360,0.552033,0.080935,0.978342,1.889136,0.485843,0.146206,5.405410,0.010824
D:\homework\lund\CS_project\dataset_split\heightmap\Bark__bark 54_height.png,Bark,10.889007,0.418744,0.053707,0.963546,3.157310,0.476748,0.193748,5.968750,0.018693
D:\homework\lund\CS_project\dataset_split\heightmap\Bark__bark 55_height.png,Bark,2.652793,0.604735,0.094738,0.978474,1.429352,0.479494,0.124140,4.827209,0.008994
D:\homework\lund\CS_project\dataset_split\heightmap\Bark__bark 56_height.png,Bark,7.195886,0.458099,0.073678,0.939442,2.121699,0.488910,0.122039,5.167141,0.015574
D:\homework\lund\CS_project\dataset_split\heightmap\Bark__bark 57_height.png,Bark,2.437683,0.591790,0.150968,0.869595,0.755908,0.501291,0.047740,2.673795,0.009094
D:\homework\lund\CS_project\dataset_split\heightmap\Bark__bark 58_height.png,Bark,3.800135,0.527440,0.108468,0.920027,1.070927,0.494233,0.076328,3.699895,0.012151
D:\homework\lund\CS_project\dataset_split\heightmap\Bark__bark 59_height.png,Bark,1.160254,0.703011,0.183549,0.941358,0.705803,0.509265,0.049119,2.988285,0.005959
D:\homework\lund\CS_project\dataset_split\heightmap\Bark__bark 60_height.png,Bark,9.870688,0.412019,0.061965,0.948773,2.825729,0.482037,0.155148,5.875000,0.018285
D:\homework\lund\CS_project\dataset_split\heightmap\Bark__bark 61_height.png,Bark,4.103909,0.541104,0.093141,0.951200,1.435506,0.529459,0.102218,4.374345,0.011469
D:\homework\lund\CS_project\dataset_split\heightmap\Bark__bark 62_height.png,Bark,4.829558,0.506183,0.082821,0.954206,1.650525,0.483900,0.114957,4.649397,0.012936
D:\homework\lund\CS_project\dataset_split\heightmap\Bark__bark 63_height.png,Bark,5.846307,0.480806,0.071382,0.968437,2.162782,0.490310,0.152826,5.692946,0.014145
D:\homework\lund\CS_project\dataset_split\heightmap\Bark__bark 64_height.png,Bark,2.594895,0.604598,0.111741,0.965267,1.371382,0.493906,0.096330,4.374345,0.009045
D:\homework\lund\CS_project\dataset_split\heightmap\Bark__bark 65_height.png,Bark,4.627811,0.524508,0.078697,0.972662,2.132622,0.494657,0.146007,5.818599,0.012129
D:\homework\lund\CS_project\dataset_split\heightmap\Bark__bark 66_height.png,Bark,2.266850,0.631321,0.120193,0.962915,1.071361,0.501640,0.087098,3.798727,0.008411
D:\homework\lund\CS_project\dataset_split\heightmap\Bark__bark 67_height.png,Bark,4.985308,0.519414,0.077958,0.969054,2.481736,0.472882,0.142012,6.000000,0.012398
D:\homework\lund\CS_project\dataset_split\heightmap\Bark__bark 68_height.png,Bark,3.464889,0.562243,0.096802,0.970176,1.898387,0.508410,0.120520,5.405410,0.010715
D:\homework\lund\CS_project\dataset_split\heightmap\Bark__bark 69_height.png,Bark,7.914268,0.472603,0.071466,0.958343,2.799892,0.503262,0.154804,5.787349,0.015589
D:\homework\lund\CS_project\dataset_split\heightmap\Bark__bark 70_height.png,Bark,11.632728,0.414753,0.052091,0.970814,3.411882,0.473037,0.223938,6.000000,0.019322
D:\homework\lund\CS_project\dataset_split\heightmap\Bark__bark 71_height.png,Bark,1.890017,0.650433,0.171353,0.915630,0.923775,0.502304,0.052330,3.297285,0.007667
D:\homework\lund\CS_project\dataset_split\heightmap\Bark__bark 72_height.png,Bark,6.491507,0.451810,0.066989,0.960904,2.350057,0.486884,0.144192,5.692946,0.015655
D:\homework\lund\CS_project\dataset_split\heightmap\Bark__bark 73_height.png,Bark,1.556905,0.657365,0.169480,0.927265,0.760977,0.502834,0.051163,3.194923,0.007076
D:\homework\lund\CS_project\dataset_split\heightmap\Bark__bark 74_height.png,Bark,8.319231,0.431318,0.065258,0.961823,3.087564,0.483408,0.165159,6.000000,0.017279
D:\homework\lund\CS_project\dataset_split\heightmap\Bark__bark 75_height.png,Bark,2.578335,0.606453,0.107943,0.966014,1.292511,0.507166,0.097345,4.374345,0.009130
D:\homework\lund\CS_project\dataset_split\heightmap\Bark__bark 76_height.png,Bark,9.540412,0.416111,0.060882,0.950547,2.639833,0.500745,0.155833,5.818599,0.018246
D:\homework\lund\CS_project\dataset_split\heightmap\Bark__bark 77_height.png,Bark,14.716831,0.379722,0.046572,0.964853,3.585900,0.468135,0.228896,6.000000,0.021856
D:\homework\lund\CS_project\dataset_split\heightmap\Bark__bark 78_height.png,Bark,1.426753,0.682169,0.181111,0.919527,0.601693,0.518001,0.046460,2.567818,0.006401
D:\homework\lund\CS_project\dataset_split\heightmap\Bark__bark 79_height.png,Bark,6.544571,0.487825,0.066817,0.973381,2.451080,0.496421,0.175718,5.818599,0.014048
D:\homework\lund\CS_project\dataset_split\heightmap\Bark__bark 7_height.png,Bark,5.150789,0.503932,0.087500,0.937468,1.725914,0.504832,0.101185,4.558771,0.013097
D:\homework\lund\CS_project\dataset_split\heightmap\Bark__bark 80_height.png,Bark,9.121248,0.411139,0.055731,0.964651,3.056361,0.481018,0.179692,6.000000,0.018180
D:\homework\lund\CS_project\dataset_split\heightmap\Bark__bark 81_height.png,Bark,1.372197,0.692699,0.146594,0.975702,1.117209,0.495913,0.083671,4.185994,0.006443
D:\homework\lund\CS_project\dataset_split\heightmap\Bark__bark 82_height.png,Bark,7.160550,0.476356,0.071066,0.962817,2.363294,0.481482,0.155700,5.625000,0.014969
D:\homework\lund\CS_project\dataset_split\heightmap\Bark__bark 83_height.png,Bark,8.661974,0.433858,0.061969,0.967746,2.883882,0.486474,0.184113,5.968750,0.017026
D:\homework\lund\CS_project\dataset_split\heightmap\Bark__bark 84_height.png,Bark,6.058224,0.495472,0.059006,0.982399,2.953883,0.473566,0.208378,5.968750,0.013771
D:\homework\lund\CS_project\dataset_split\heightmap\Bark__bark 85_height.png,Bark,9.407712,0.469086,0.065215,0.957478,3.061051,0.481503,0.166503,5.818599,0.016436
D:\homework\lund\CS_project\dataset_split\heightmap\Bark__bark 86_height.png,Bark,1.431241,0.667478,0.178416,0.918097,0.601777,0.515255,0.046063,2.567818,0.007017
D:\homework\lund\CS_project\dataset_split\heightmap\Bark__bark 87_height.png,Bark,4.689399,0.525482,0.112427,0.885653,1.342627,0.542202,0.071137,3.896782,0.012378
D:\homework\lund\CS_project\dataset_split\heightmap\Bark__bark 88_height.png,Bark,8.077054,0.459934,0.058962,0.977842,3.348346,0.476767,0.213884,6.000000,0.015745
D:\homework\lund\CS_project\dataset_split\heightmap\Bark__bark 89_height.png,Bark,6.137894,0.472680,0.071212,0.960623,2.151655,0.486993,0.139600,5.480949,0.014735
D:\homework\lund\CS_project\dataset_split\heightmap\Bark__bark 90_height.png,Bark,9.886756,0.424252,0.060274,0.954462,3.127252,0.482324,0.165026,5.968750,0.018246
D:\homework\lund\CS_project\dataset_split\heightmap\Bark__bark 91_height.png,Bark,9.602356,0.417142,0.058639,0.955075,2.682200,0.482084,0.163818,5.625000,0.018363
D:\homework\lund\CS_project\dataset_split\heightmap\Bark__bark 92_height.png,Bark,5.203373,0.504073,0.092105,0.931675,1.688856,0.570366,0.097658,4.374345,0.013173
D:\homework\lund\CS_project\dataset_split\heightmap\Bark__bark 93_height.png,Bark,1.565728,0.662591,0.155200,0.939537,0.809558,0.512208,0.056345,3.194923,0.007096
D:\homework\lund\CS_project\dataset_split\heightmap\Bark__bark 94_height.png,Bark,7.847338,0.444266,0.069469,0.947114,2.273078,0.503337,0.136719,5.374160,0.016538
D:\homework\lund\CS_project\dataset_split\heightmap\Bark__bark 95_height.png,Bark,4.401936,0.518913,0.090169,0.950934,1.638238,0.526760,0.105894,4.374345,0.012126
D:\homework\lund\CS_project\dataset_split\heightmap\Bark__bark 96_height.png,Bark,0.666854,0.791877,0.234301,0.953904,0.573647,0.514437,0.041945,2.673795,0.003996
D:\homework\lund\CS_project\dataset_split\heightmap\Bark__bark 97_height.png,Bark,1.876125,0.624661,0.167777,0.875982,0.549558,0.509957,0.042842,2.354228,0.009087
D:\homework\lund\CS_project\dataset_split\heightmap\Bark__bark 98_height.png,Bark,2.487682,0.626229,0.090917,0.987636,2.026554,0.487367,0.159251,5.554229,0.008694
D:\homework\lund\CS_project\dataset_split\heightmap\Bark__bark 99_height.png,Bark,5.039504,0.509736,0.079211,0.961109,2.081421,0.496137,0.127246,5.480949,0.012734
D:\homework\lund\CS_project\dataset_split\heightmap\Bark__bark 9_height.png,Bark,3.984728,0.535299,0.099837,0.944688,1.598725,0.506993,0.094549,4.827209,0.011520
D:\homework\lund\CS_project\dataset_split\heightmap\Flooring__cherry_chevron_floor_34_60_height.jpg,Flooring,0.428312,0.856757,0.479073,0.633992,0.075620,0.507499,0.011308,0.691205,0.003682
D:\homework\lund\CS_project\dataset_split\heightmap\Flooring__cherry_herringbone_floor_34_34_height.jpg,Flooring,0.531080,0.806570,0.447464,0.525925,0.087107,0.507613,0.010864,0.691205,0.004635
D:\homework\lund\CS_project\dataset_split\heightmap\Flooring__cherry_herringbone_floor_34_35_height.jpg,Flooring,0.548440,0.803112,0.447837,0.504661,0.088049,0.507758,0.010799,0.691205,0.004687
D:\homework\lund\CS_project\dataset_split\heightmap\Flooring__cherry_small_regular_floor_34_75_height.jpg,Flooring,1.131946,0.675232,0.428990,0.095774,0.095348,0.489371,0.011628,0.691205,0.007760
D:\homework\lund\CS_project\dataset_split\heightmap\Flooring__cherry_wood_regular_floor_34_12_height.jpg,Flooring,0.444898,0.825986,0.556996,0.334597,0.080862,0.493352,0.007826,0.691205,0.003720
D:\homework\lund\CS_project\dataset_split\heightmap\Flooring__dark_oak_beveled_floor_34_84_height.jpg,Flooring,4.829013,0.757102,0.476669,0.298955,0.362634,0.498035,0.028796,1.559487,0.012420
D:\homework\lund\CS_project\dataset_split\heightmap\Flooring__dark_oak_chevron_floor_34_55_height.jpg,Flooring,0.515076,0.820769,0.440623,0.581009,0.095792,0.519311,0.011624,0.691205,0.004706
D:\homework\lund\CS_project\dataset_split\heightmap\Flooring__dark_oak_regular_floor_34_05_height.jpg,Flooring,0.599527,0.775121,0.462921,0.292920,0.104091,0.505885,0.009029,0.805082,0.005086
D:\homework\lund\CS_project\dataset_split\heightmap\Flooring__dark_old_wood_tiles_1_height.png,Flooring,1.141347,0.708037,0.291890,0.654905,0.370644,0.341925,0.021269,1.590737,0.007463
D:\homework\lund\CS_project\dataset_split\heightmap\Flooring__dark_old_wood_tiles_2_height.png,Flooring,4.793624,0.562460,0.139437,0.788248,1.131650,0.378383,0.053820,2.673795,0.013389
D:\homework\lund\CS_project\dataset_split\heightmap\Flooring__dark_old_wood_tiles_3_height.png,Flooring,7.066052,0.498132,0.120327,0.694193,1.303395,0.582864,0.053462,2.642545,0.017336
D:\homework\lund\CS_project\dataset_split\heightmap\Flooring__dark_pecan_chevron_floor_34_59_height.jpg,Flooring,0.422652,0.857010,0.486686,0.618420,0.074608,0.507128,0.010971,0.691205,0.003676
D:\homework\lund\CS_project\dataset_split\heightmap\Flooring__dark_pecan_herringbone_floor_34_33_height.jpg,Flooring,0.540484,0.801111,0.447083,0.506117,0.076318,0.507513,0.010746,0.691205,0.004771
D:\homework\lund\CS_project\dataset_split\heightmap\Flooring__dark_pecan_regular_floor_34_10_height.jpg,Flooring,0.446404,0.826594,0.556375,0.335233,0.088344,0.493381,0.007915,0.576938,0.003770
D:\homework\lund\CS_project\dataset_split\heightmap\Flooring__dark_shiny_wood_tiles_1_height.png,Flooring,1.320044,0.856746,0.302362,0.840532,0.373009,0.540184,0.031504,1.479786,0.004424
D:\homework\lund\CS_project\dataset_split\heightmap\Flooring__dark_shiny_wood_tiles_2_height.png,Flooring,1.062814,0.792444,0.262732,0.859840,0.335660,0.541335,0.030079,1.368393,0.005182
D:\homework\lund\CS_project\dataset_split\heightmap\Flooring__dark_shiny_wood_tiles_3_height.png,Flooring,1.651754,0.790290,0.236571,0.880316,0.397916,0.520613,0.041053,1.479786,0.005874
D:\homework\lund\CS_project\dataset_split\heightmap\Flooring__dark_shiny_wood_tiles_4_height.png,Flooring,0.371279,0.880468,0.484893,0.703277,0.076632,0.262459,0.011637,0.576938,0.002902
D:\homework\lund\CS_project\dataset_split\heightmap\Flooring__dark_shiny_wood_tiles_5_height.png,Flooring,4.277517,0.748327,0.211066,0.746311,0.923986,0.598412,0.045783,2.246641,0.009048
D:\homework\lund\CS_project\dataset_split\heightmap\Flooring__dark_shiny_wood_tiles_6_height.png,Flooring,4.472814,0.741746,0.203535,0.757702,1.010751,0.597172,0.047966,2.430042,0.009293
D:\homework\lund\CS_project\dataset_split\heightmap\Flooring__dark_shiny_wood_tiles_7_height.png,Flooring,4.508953,0.698002,0.194133,0.735731,0.853904,0.598824,0.046064,2.246641,0.010443
D:\homework\lund\CS_project\dataset_split\heightmap\Flooring__dark_shiny_wood_tiles_8_height.png,Flooring,5.286679,0.744414,0.202930,0.727718,1.217150,0.586546,0.048908,2.747958,0.009887
D:\homework\lund\CS_project\dataset_split\heightmap\Flooring__dark_wood_tiles_10_height.png,Flooring,4.328250,0.744367,0.229695,0.657711,0.757067,0.565821,0.039177,2.138541,0.009430
D:\homework\lund\CS_project\dataset_split\heightmap\Flooring__dark_wood_tiles_11_height.png,Flooring,4.307979,0.749149,0.229300,0.667579,0.684905,0.561931,0.039724,1.920849,0.009247
D:\homework\lund\CS_project\dataset_split\heightmap\Flooring__dark_wood_tiles_12_height.png,Flooring,2.302657,0.771895,0.246913,0.761290,0.535682,0.566221,0.034174,1.701238,0.006741
D:\homework\lund\CS_project\dataset_split\heightmap\Flooring__dark_wood_tiles_13_height.png,Flooring,3.630887,0.695397,0.211856,0.669504,0.606817,0.566236,0.036492,1.701238,0.009708
D:\homework\lund\CS_project\dataset_split\heightmap\Flooring__dark_wood_tiles_14_height.png,Flooring,3.722006,0.672750,0.200259,0.697701,0.661430,0.564093,0.038680,1.920849,0.010025
D:\homework\lund\CS_project\dataset_split\heightmap\Flooring__dark_wood_tiles_1_height.png,Flooring,4.685595,0.687518,0.183056,0.735266,1.148421,0.600869,0.046941,2.779208,0.010615
D:\homework\lund\CS_project\dataset_split\heightmap\Flooring__dark_wood_tiles_2_height.png,Flooring,5.245398,0.652939,0.160015,0.765854,1.149572,0.595716,0.052904,2.642545,0.011592
D:\homework\lund\CS_project\dataset_split\heightmap\Flooring__dark_wood_tiles_3_height.png,Flooring,6.280257,0.623247,0.153321,0.728753,1.239326,0.595697,0.053819,2.567818,0.013083
D:\homework\lund\CS_project\dataset_split\heightmap\Flooring__dark_wood_tiles_4_height.png,Flooring,5.530095,0.688436,0.183303,0.698135,1.093584,0.586856,0.047540,2.461292,0.011351
D:\homework\lund\CS_project\dataset_split\heightmap\Flooring__dark_wood_tiles_5_height.png,Flooring,8.501948,0.619406,0.162871,0.609796,1.064970,0.585402,0.051774,2.354228,0.015380
D:\homework\lund\CS_project\dataset_split\heightmap\Flooring__dark_wood_tiles_6_height.png,Flooring,8.482300,0.605015,0.154725,0.616659,1.077795,0.583258,0.052209,2.461292,0.015684
D:\homework\lund\CS_project\dataset_split\heightmap\Flooring__dark_wood_tiles_7_height.png,Flooring,8.498294,0.609669,0.155668,0.625298,1.069640,0.585123,0.052959,2.536568,0.015600
D:\homework\lund\CS_project\dataset_split\heightmap\Flooring__dark_wood_tiles_8_height.png,Flooring,5.180826,0.636820,0.175089,0.665950,0.825368,0.564287,0.043496,2.215391,0.012232
D:\homework\lund\CS_project\dataset_split\heightmap\Flooring__dark_wood_tiles_9_height.png,Flooring,4.217088,0.692938,0.208446,0.654545,0.642311,0.567302,0.038543,1.811278,0.010440
D:\homework\lund\CS_project\dataset_split\heightmap\Flooring__elm wood_chevron_floor_34_70_height.jpg,Flooring,0.399260,0.863683,0.491080,0.641837,0.076126,0.506703,0.011067,0.691205,0.003522
D:\homework\lund\CS_project\dataset_split\heightmap\Flooring__elm wood_regular_floor_34_23_height.jpg,Flooring,0.458860,0.822718,0.549530,0.330278,0.083680,0.493236,0.007907,0.576938,0.003784
D:\homework\lund\CS_project\dataset_split\heightmap\Flooring__elm wood_regular_floor_34_24_height.jpg,Flooring,0.459475,0.823935,0.555202,0.327248,0.090648,0.493275,0.007929,0.691205,0.003774
D:\homework\lund\CS_project\dataset_split\heightmap\Flooring__elm_basket_floor_34_100_height.jpg,Flooring,0.934131,0.725395,0.351889,0.465105,0.138773,0.506774,0.014028,0.691205,0.006043
D:\homework\lund\CS_project\dataset_split\heightmap\Flooring__elm_beveled_floor_34_94_height.jpg,Flooring,4.584599,0.792199,0.635803,0.287157,0.336039,0.490877,0.027884,1.590737,0.011454
D:\homework\lund\CS_project\dataset_split\heightmap\Flooring__elm_beveled_floor_34_95_height.jpg,Flooring,4.587989,0.793595,0.630283,0.286881,0.334135,0.491503,0.027947,1.590737,0.011429
D:\homework\lund\CS_project\dataset_split\heightmap\Flooring__elm_herringbone_floor_34_48_height.jpg,Flooring,0.545688,0.800584,0.446192,0.502740,0.076029,0.507677,0.010746,0.691205,0.004747
D:\homework\lund\CS_project\dataset_split\heightmap\Flooring__elm_herringbone_floor_34_49_height.jpg,Flooring,0.540757,0.800529,0.450295,0.495651,0.074021,0.507911,0.010655,0.691205,0.004766
D:\homework\lund\CS_project\dataset_split\heightmap\Flooring__elm_herringbone_floor_34_50_height.jpg,Flooring,0.544308,0.803402,0.446882,0.512257,0.085518,0.507923,0.010845,0.691205,0.004678
D:\homework\lund\CS_project\dataset_split\heightmap\Flooring__elm_small_regular_floor_34_81_height.jpg,Flooring,1.136731,0.669393,0.405863,0.101438,0.092916,0.487972,0.011618,0.691205,0.007784
D:\homework\lund\CS_project\dataset_split\heightmap\Flooring__grey_poplar_herringbone_floor_34_37_height.jpg,Flooring,0.536338,0.806921,0.453003,0.508225,0.087757,0.507881,0.010761,0.691205,0.004657
D:\homework\lund\CS_project\dataset_split\heightmap\Flooring__light_old_wood_tiles_1_height.png,Flooring,1.148037,0.708791,0.285482,0.675413,0.401502,0.341050,0.021907,1.846554,0.007316
D:\homework\lund\CS_project\dataset_split\heightmap\Flooring__light_pecan_regular_floor_34_11_height.jpg,Flooring,0.445043,0.826676,0.560971,0.329530,0.086513,0.493423,0.007812,0.691205,0.003745
D:\homework\lund\CS_project\dataset_split\heightmap\Flooring__light_pine_regular_floor_34_06_height.jpg,Flooring,0.513470,0.805234,0.560463,0.272891,0.085536,0.495747,0.008494,0.691205,0.004559
D:\homework\lund\CS_project\dataset_split\heightmap\Flooring__light_poplar_regular_floor_34_13_height.jpg,Flooring,0.459765,0.825579,0.568925,0.322041,0.088051,0.494225,0.008120,0.691205,0.003815
D:\homework\lund\CS_project\dataset_split\heightmap\Flooring__light_shiny_wood_tiles_1_height.png,Flooring,0.368371,0.882444,0.484435,0.709825,0.089236,0.262251,0.011625,0.576938,0.002859
D:\homework\lund\CS_project\dataset_split\heightmap\Flooring__light_shiny_wood_tiles_2_height.png,Flooring,4.268636,0.748734,0.212191,0.744927,0.919780,0.598744,0.045603,2.246641,0.009049
D:\homework\lund\CS_project\dataset_split\heightmap\Flooring__light_shiny_wood_tiles_3_height.png,Flooring,5.539400,0.675887,0.184384,0.717308,1.240654,0.597006,0.049351,2.779208,0.011675
D:\homework\lund\CS_project\dataset_split\heightmap\Flooring__light_shiny_wood_tiles_4_height.png,Flooring,5.047306,0.719627,0.190390,0.765253,1.229713,0.596552,0.051805,2.673795,0.010164
D:\homework\lund\CS_project\dataset_split\heightmap\Flooring__light_shiny_wood_tiles_5_height.png,Flooring,5.339112,0.746778,0.211243,0.706634,1.067408,0.588453,0.047408,2.461292,0.009937
D:\homework\lund\CS_project\dataset_split\heightmap\Flooring__light_shiny_wood_tiles_6_height.png,Flooring,5.593551,0.739194,0.205716,0.710056,1.109908,0.587452,0.048798,2.461292,0.010225
D:\homework\lund\CS_project\dataset_split\heightmap\Flooring__light_wood_tiles_1_height.png,Flooring,1.460964,0.788202,0.263016,0.823464,0.369443,0.540366,0.031441,1.368393,0.005941
D:\homework\lund\CS_project\dataset_split\heightmap\Flooring__light_wood_tiles_2_height.png,Flooring,4.810591,0.654531,0.175094,0.734094,1.114617,0.599570,0.047472,2.642545,0.011475
D:\homework\lund\CS_project\dataset_split\heightmap\Flooring__light_wood_tiles_3_height.png,Flooring,4.271166,0.693522,0.186396,0.748473,1.229646,0.600944,0.046061,3.091917,0.010111
D:\homework\lund\CS_project\dataset_split\heightmap\Flooring__light_wood_tiles_4_height.png,Flooring,5.246610,0.652881,0.160024,0.765728,1.149050,0.595715,0.052899,2.642545,0.011591
D:\homework\lund\CS_project\dataset_split\heightmap\Flooring__light_wood_tiles_5_height.png,Flooring,1.029425,0.803204,0.351042,0.663900,0.192927,0.526638,0.018901,1.031644,0.004850
D:\homework\lund\CS_project\dataset_split\heightmap\Flooring__light_wood_tiles_6_height.png,Flooring,4.306271,0.646248,0.178869,0.686408,0.685453,0.567737,0.040939,1.920849,0.011228
D:\homework\lund\CS_project\dataset_split\heightmap\Flooring__mahogany_basket_floor_34_99_height.jpg,Flooring,0.920686,0.725731,0.354696,0.461966,0.137105,0.506266,0.013838,0.691205,0.006010
D:\homework\lund\CS_project\dataset_split\heightmap\Flooring__mahogany_beveled_floor_34_92_height.jpg,Flooring,4.564384,0.795021,0.636374,0.291014,0.334536,0.490633,0.027886,1.590737,0.011414
D:\homework\lund\CS_project\dataset_split\heightmap\Flooring__mahogany_beveled_floor_34_93_height.jpg,Flooring,4.581888,0.793494,0.630719,0.288592,0.333452,0.491129,0.027894,1.590737,0.011387
D:\homework\lund\CS_project\dataset_split\heightmap\Flooring__mahogany_chevron_floor_34_68_height.jpg,Flooring,0.431846,0.854750,0.483904,0.612513,0.082761,0.507073,0.011039,0.691205,0.003733
D:\homework\lund\CS_project\dataset_split\heightmap\Flooring__mahogany_chevron_floor_34_69_height.jpg,Flooring,0.440385,0.855178,0.476317,0.627849,0.076126,0.507305,0.011353,0.691205,0.003694
D:\homework\lund\CS_project\dataset_split\heightmap\Flooring__mahogany_herringbone_floor_34_45_height.jpg,Flooring,0.557084,0.799813,0.444330,0.500873,0.085014,0.507616,0.010813,0.691205,0.004778
D:\homework\lund\CS_project\dataset_split\heightmap\Flooring__mahogany_herringbone_floor_34_46_height.jpg,Flooring,0.525569,0.806451,0.449589,0.521492,0.074977,0.507665,0.010766,0.691205,0.004650
D:\homework\lund\CS_project\dataset_split\heightmap\Flooring__mahogany_herringbone_floor_34_47_height.jpg,Flooring,0.533039,0.805141,0.450082,0.514264,0.074021,0.508234,0.010732,0.691205,0.004657
D:\homework\lund\CS_project\dataset_split\heightmap\Flooring__mahogany_regular_floor_34_20_height.jpg,Flooring,0.471086,0.820307,0.542732,0.332417,0.084703,0.493088,0.008074,0.576938,0.003783
D:\homework\lund\CS_project\dataset_split\heightmap\Flooring__mahogany_regular_floor_34_21_height.jpg,Flooring,0.463854,0.822095,0.544094,0.336327,0.089405,0.493033,0.007969,0.691205,0.003756
D:\homework\lund\CS_project\dataset_split\heightmap\Flooring__mahogany_regular_floor_34_22_height.jpg,Flooring,0.443410,0.827638,0.554359,0.341602,0.083145,0.493176,0.007896,0.691205,0.003665
D:\homework\lund\CS_project\dataset_split\heightmap\Flooring__mahogany_small_regular_floor_34_80_height.jpg,Flooring,1.136387,0.670369,0.406829,0.104646,0.095460,0.488010,0.011655,0.691205,0.007783
D:\homework\lund\CS_project\dataset_split\heightmap\Flooring__maple_beveled_floor_34_90_height.jpg,Flooring,4.569965,0.793732,0.629380,0.291306,0.334836,0.490985,0.027924,1.559487,0.011432
D:\homework\lund\CS_project\dataset_split\heightmap\Flooring__maple_beveled_floor_34_91_height.jpg,Flooring,4.568314,0.793572,0.632798,0.291345,0.333846,0.490621,0.027893,1.590737,0.011453
D:\homework\lund\CS_project\dataset_split\heightmap\Flooring__maple_chevron_floor_34_67_height.jpg,Flooring,0.410283,0.860979,0.490972,0.626070,0.074841,0.507454,0.010885,0.691205,0.003567
D:\homework\lund\CS_project\dataset_split\heightmap\Flooring__maple_harringbone_floor_34_43_height.jpg,Flooring,0.552297,0.798903,0.444499,0.501624,0.076318,0.507705,0.010834,0.691205,0.004806
D:\homework\lund\CS_project\dataset_split\heightmap\Flooring__maple_herringbone_floor_34_44_height.jpg,Flooring,0.544715,0.802103,0.450714,0.496482,0.074759,0.508754,0.010669,0.691205,0.004740
D:\homework\lund\CS_project\dataset_split\heightmap\Flooring__maple_regular_floor_34_18_height.jpg,Flooring,0.453130,0.825276,0.556780,0.335364,0.087054,0.493581,0.008041,0.691205,0.003744
D:\homework\lund\CS_project\dataset_split\heightmap\Flooring__maple_regular_floor_34_19_height.jpg,Flooring,0.461616,0.822051,0.539999,0.343629,0.085354,0.492935,0.008063,0.691205,0.003824
D:\homework\lund\CS_project\dataset_split\heightmap\Flooring__maple_small_regular_floor_34_79_height.jpg,Flooring,1.142843,0.669244,0.406207,0.103274,0.092699,0.488139,0.011707,0.691205,0.007840
D:\homework\lund\CS_project\dataset_split\heightmap\Flooring__oak_beveled_floor_34_82_height.jpg,Flooring,5.016062,0.762404,0.591216,0.285154,0.386735,0.503414,0.029381,1.701238,0.012850
D:\homework\lund\CS_project\dataset_split\heightmap\Flooring__oak_chevron_floor_34_51_height.jpg,Flooring,0.478503,0.830740,0.456177,0.587170,0.094103,0.490355,0.011236,0.691205,0.004355
D:\homework\lund\CS_project\dataset_split\heightmap\Flooring__oak_chevron_floor_34_52_height.jpg,Flooring,0.580762,0.800572,0.419942,0.541100,0.102907,0.529412,0.011570,0.805082,0.005111
D:\homework\lund\CS_project\dataset_split\heightmap\Flooring__oak_small_regular_floor_34_71_height.jpg,Flooring,1.108746,0.663330,0.381222,0.098446,0.093846,0.471066,0.011298,0.805082,0.007783
D:\homework\lund\CS_project\dataset_split\heightmap\Flooring__oak_wood_herringbone_floor_34_26_height.jpg,Flooring,0.633662,0.769164,0.416824,0.461373,0.100449,0.529777,0.011184,0.805082,0.005764
D:\homework\lund\CS_project\dataset_split\heightmap\Flooring__oak_wood_regular_floor_34_01_height.jpg,Flooring,0.993414,0.745465,0.449289,0.240074,0.124714,0.474471,0.011577,0.918564,0.006016
D:\homework\lund\CS_project\dataset_split\heightmap\Flooring__oak_wood_regular_floor_34_02_height.jpg,Flooring,1.293903,0.721678,0.446654,0.225563,0.164124,0.515654,0.013593,0.918564,0.007359
D:\homework\lund\CS_project\dataset_split\heightmap\Flooring__old_wood_tiles_10_height.png,Flooring,5.352512,0.634993,0.168341,0.683203,1.042435,0.598066,0.045801,2.567818,0.012653
D:\homework\lund\CS_project\dataset_split\heightmap\Flooring__old_wood_tiles_11_height.png,Flooring,4.675098,0.671413,0.176246,0.727567,1.020379,0.598435,0.046155,2.461292,0.011222
D:\homework\lund\CS_project\dataset_split\heightmap\Flooring__old_wood_tiles_12_height.png,Flooring,8.616947,0.648491,0.168188,0.614706,1.047197,0.587171,0.052470,2.354228,0.014941
D:\homework\lund\CS_project\dataset_split\heightmap\Flooring__old_wood_tiles_13_height.png,Flooring,8.558469,0.669385,0.177960,0.613266,1.021974,0.587140,0.052125,2.354228,0.014352
D:\homework\lund\CS_project\dataset_split\heightmap\Flooring__old_wood_tiles_14_height.png,Flooring,1.029254,0.777327,0.350085,0.605179,0.196723,0.527055,0.017360,0.918564,0.005584
D:\homework\lund\CS_project\dataset_split\heightmap\Flooring__old_wood_tiles_15_height.png,Flooring,1.083841,0.759417,0.337359,0.581444,0.181646,0.526409,0.017224,1.031644,0.005884
D:\homework\lund\CS_project\dataset_split\heightmap\Flooring__old_wood_tiles_16_height.png,Flooring,2.751964,0.703849,0.206139,0.806209,0.693896,0.526492,0.041614,1.920849,0.008162
D:\homework\lund\CS_project\dataset_split\heightmap\Flooring__old_wood_tiles_17_height.png,Flooring,2.584231,0.721601,0.200118,0.824388,0.672591,0.529441,0.042428,1.920849,0.007718
D:\homework\lund\CS_project\dataset_split\heightmap\Flooring__old_wood_tiles_18_height.png,Flooring,1.297527,0.757941,0.298853,0.694224,0.330781,0.524594,0.022389,1.337143,0.006211
D:\homework\lund\CS_project\dataset_split\heightmap\Flooring__old_wood_tiles_19_height.png,Flooring,1.286615,0.753394,0.295298,0.665052,0.271960,0.523515,0.021283,1.256566,0.006325
D:\homework\lund\CS_project\dataset_split\heightmap\Flooring__old_wood_tiles_1_height.png,Flooring,1.101699,0.715380,0.295543,0.669769,0.425018,0.341561,0.021348,1.780028,0.007208
D:\homework\lund\CS_project\dataset_split\heightmap\Flooring__old_wood_tiles_20_height.png,Flooring,1.657430,0.729034,0.248906,0.730285,0.429299,0.522446,0.027153,1.559487,0.007015
D:\homework\lund\CS_project\dataset_split\heightmap\Flooring__old_wood_tiles_21_height.png,Flooring,1.706604,0.713335,0.245317,0.733911,0.448656,0.524399,0.027726,1.590737,0.007243
D:\homework\lund\CS_project\dataset_split\heightmap\Flooring__old_wood_tiles_22_height.png,Flooring,1.235418,0.732201,0.306417,0.591494,0.217825,0.525311,0.018797,1.031644,0.006689
D:\homework\lund\CS_project\dataset_split\heightmap\Flooring__old_wood_tiles_23_height.png,Flooring,1.749373,0.654153,0.256263,0.551438,0.336778,0.523758,0.021443,1.368393,0.008889
D:\homework\lund\CS_project\dataset_split\heightmap\Flooring__old_wood_tiles_24_height.png,Flooring,1.155516,0.734124,0.313541,0.585818,0.233288,0.522391,0.018035,1.144314,0.006588
D:\homework\lund\CS_project\dataset_split\heightmap\Flooring__old_wood_tiles_25_height.png,Flooring,1.127442,0.746991,0.319464,0.603414,0.210697,0.524035,0.018195,1.144314,0.006306
D:\homework\lund\CS_project\dataset_split\heightmap\Flooring__old_wood_tiles_26_height.png,Flooring,1.779958,0.691148,0.230909,0.704470,0.373167,0.520906,0.026823,1.479786,0.007718
D:\homework\lund\CS_project\dataset_split\heightmap\Flooring__old_wood_tiles_27_height.png,Flooring,4.515740,0.663914,0.191940,0.670373,0.705141,0.565296,0.040816,2.029940,0.011298
D:\homework\lund\CS_project\dataset_split\heightmap\Flooring__old_wood_tiles_28_height.png,Flooring,5.049912,0.684389,0.188669,0.672717,0.810741,0.566355,0.043304,2.138541,0.011197
D:\homework\lund\CS_project\dataset_split\heightmap\Flooring__old_wood_tiles_29_height.png,Flooring,2.332274,0.764325,0.239908,0.766061,0.569374,0.566299,0.034782,1.811278,0.006946
D:\homework\lund\CS_project\dataset_split\heightmap\Flooring__old_wood_tiles_2_height.png,Flooring,4.156796,0.565448,0.145205,0.785320,1.108184,0.375759,0.049755,2.779208,0.012898
D:\homework\lund\CS_project\dataset_split\heightmap\Flooring__old_wood_tiles_3_height.png,Flooring,1.156933,0.710372,0.277932,0.667615,0.402838,0.314931,0.020919,1.701238,0.007206
D:\homework\lund\CS_project\dataset_split\heightmap\Flooring__old_wood_tiles_4_height.png,Flooring,1.157669,0.710199,0.277843,0.667500,0.403015,0.314929,0.020919,1.701238,0.007205
D:\homework\lund\CS_project\dataset_split\heightmap\Flooring__old_wood_tiles_5_height.png,Flooring,2.646624,0.609738,0.183487,0.695000,0.525269,0.536880,0.032408,1.590737,0.010814
D:\homework\lund\CS_project\dataset_split\heightmap\Flooring__old_wood_tiles_6_height.png,Flooring,2.593829,0.600754,0.189840,0.659792,0.542960,0.535620,0.030332,1.701238,0.010935
D:\homework\lund\CS_project\dataset_split\heightmap\Flooring__old_wood_tiles_7_height.png,Flooring,6.493579,0.534404,0.127591,0.725847,1.419813,0.581681,0.054198,2.884043,0.015903
D:\homework\lund\CS_project\dataset_split\heightmap\Flooring__old_wood_tiles_8_height.png,Flooring,4.977234,0.603849,0.153982,0.715209,1.059339,0.598406,0.046669,2.536568,0.013004
D:\homework\lund\CS_project\dataset_split\heightmap\Flooring__old_wood_tiles_9_height.png,Flooring,5.767511,0.577317,0.148243,0.674016,1.124405,0.597105,0.046882,2.567818,0.014256
D:\homework\lund\CS_project\dataset_split\heightmap\Flooring__painted_old_wood_tiles_1_height.png,Flooring,7.828889,0.514022,0.126519,0.650903,1.618919,0.612424,0.053162,3.194923,0.018513
D:\homework\lund\CS_project\dataset_split\heightmap\Flooring__painted_old_wood_tiles_2_height.png,Flooring,1.045757,0.772641,0.350384,0.592044,0.188610,0.526367,0.017191,1.031644,0.005590
D:\homework\lund\CS_project\dataset_split\heightmap\Flooring__painted_old_wood_tiles_3_height.png,Flooring,0.979297,0.795915,0.370327,0.605700,0.184469,0.526459,0.016941,0.918564,0.005214
D:\homework\lund\CS_project\dataset_split\heightmap\Flooring__painted_wood_tiles_1_height.png,Flooring,8.457420,0.635928,0.173465,0.604344,1.018479,0.588017,0.051332,2.461292,0.015099
D:\homework\lund\CS_project\dataset_split\heightmap\Flooring__painted_wood_tiles_2_height.png,Flooring,8.610891,0.685616,0.186043,0.618279,1.036026,0.589175,0.052720,2.461292,0.014065
D:\homework\lund\CS_project\dataset_split\heightmap\Flooring__painted_wood_tiles_3_height.png,Flooring,1.368376,0.741362,0.304602,0.611729,0.417527,0.527537,0.020391,1.811278,0.006769
D:\homework\lund\CS_project\dataset_split\heightmap\Flooring__painted_wood_tiles_4_height.png,Flooring,1.266917,0.741642,0.323764,0.566953,0.405987,0.524974,0.018472,1.846554,0.006808
D:\homework\lund\CS_project\dataset_split\heightmap\Flooring__painted_wood_tiles_5_height.png,Flooring,2.539898,0.732974,0.219779,0.769177,0.595870,0.565672,0.036549,1.920849,0.007769
D:\homework\lund\CS_project\dataset_split\heightmap\Flooring__painted_wood_tiles_6_height.png,Flooring,2.634914,0.730486,0.216717,0.766111,0.585750,0.565256,0.036926,1.811278,0.007924
D:\homework\lund\CS_project\dataset_split\heightmap\Flooring__painted_wood_tiles_7_height.png,Flooring,3.753745,0.702179,0.212901,0.691505,0.643999,0.565046,0.038429,2.138541,0.009545
D:\homework\lund\CS_project\dataset_split\heightmap\Flooring__painted_wood_tiles_8_height.png,Flooring,3.524297,0.716188,0.222492,0.681614,0.564839,0.568711,0.036645,1.701238,0.009216
D:\homework\lund\CS_project\dataset_split\heightmap\Flooring__painted_wood_tiles_9_height.png,Flooring,3.331743,0.806693,0.260269,0.709262,0.665726,0.565398,0.037371,1.920849,0.007554
D:\homework\lund\CS_project\dataset_split\heightmap\Flooring__pecan_basket_floor_34_97_height.jpg,Flooring,0.917066,0.727075,0.352445,0.472385,0.138472,0.506178,0.013967,0.691205,0.005976
D:\homework\lund\CS_project\dataset_split\heightmap\Flooring__pecan_beveled_floor_34_86_height.jpg,Flooring,4.567445,0.792909,0.636130,0.288848,0.334480,0.490765,0.027879,1.590737,0.011467
D:\homework\lund\CS_project\dataset_split\heightmap\Flooring__pecan_chevron_floor_34_57_height.jpg,Flooring,0.437378,0.851290,0.476552,0.623080,0.074608,0.508206,0.011248,0.691205,0.003819
D:\homework\lund\CS_project\dataset_split\heightmap\Flooring__pecan_chevron_floor_34_58_height.jpg,Flooring,0.425133,0.857805,0.479456,0.636480,0.075114,0.507107,0.011296,0.691205,0.003679
D:\homework\lund\CS_project\dataset_split\heightmap\Flooring__pecan_herringbone_floor_34_31_height.jpg,Flooring,0.558268,0.797566,0.445668,0.488712,0.075523,0.507780,0.010725,0.691205,0.004842
D:\homework\lund\CS_project\dataset_split\heightmap\Flooring__pecan_herringbone_floor_34_32_height.jpg,Flooring,0.540108,0.802050,0.448980,0.502831,0.075853,0.507844,0.010735,0.691205,0.004769
D:\homework\lund\CS_project\dataset_split\heightmap\Flooring__pecan_regular_floor_34_08_height.jpg,Flooring,0.446234,0.827427,0.556462,0.342023,0.088678,0.493234,0.007914,0.691205,0.003734
D:\homework\lund\CS_project\dataset_split\heightmap\Flooring__pecan_regular_floor_34_09_height.jpg,Flooring,0.455469,0.824349,0.557199,0.328266,0.084673,0.493592,0.008007,0.576938,0.003840
D:\homework\lund\CS_project\dataset_split\heightmap\Flooring__pecan_small_regular_floor_34_74_height.jpg,Flooring,1.137463,0.669723,0.407448,0.102856,0.094666,0.488229,0.011642,0.691205,0.007803
D:\homework\lund\CS_project\dataset_split\heightmap\Flooring__pine_beveled_floor_34_85_height.jpg,Flooring,4.601901,0.776328,0.612398,0.282935,0.336371,0.491265,0.027961,1.590737,0.012005
D:\homework\lund\CS_project\dataset_split\heightmap\Flooring__pine_chevron_floor_34_56_height.jpg,Flooring,0.492603,0.830519,0.447744,0.599483,0.098449,0.509590,0.011462,0.691205,0.004328
D:\homework\lund\CS_project\dataset_split\heightmap\Flooring__plywood_regular_floor_34_25_height.jpg,Flooring,0.458535,0.822620,0.551831,0.328304,0.087257,0.493356,0.007959,0.576938,0.003837
D:\homework\lund\CS_project\dataset_split\heightmap\Flooring__poplar_beveled_floor_34_87_height.jpg,Flooring,4.580380,0.788916,0.623875,0.287585,0.330408,0.491360,0.027945,1.590737,0.011507
D:\homework\lund\CS_project\dataset_split\heightmap\Flooring__poplar_chevron_floor_34_61_height.jpg,Flooring,0.440862,0.851183,0.475694,0.622052,0.082447,0.508616,0.011260,0.691205,0.003848
D:\homework\lund\CS_project\dataset_split\heightmap\Flooring__poplar_chevron_floor_34_62_height.jpg,Flooring,0.442807,0.853012,0.473989,0.628508,0.099834,0.507353,0.011438,0.691205,0.003790
D:\homework\lund\CS_project\dataset_split\heightmap\Flooring__poplar_herringbone_floor_34_36_height.jpg,Flooring,0.559507,0.798750,0.445713,0.492598,0.075579,0.507902,0.010799,0.691205,0.004819
D:\homework\lund\CS_project\dataset_split\heightmap\Flooring__poplar_regular_floor_34_14_height.jpg,Flooring,0.444135,0.828980,0.556103,0.347957,0.088232,0.493229,0.007930,0.576938,0.003682
D:\homework\lund\CS_project\dataset_split\heightmap\Flooring__poplar_small_regular_floor_34_76_height.jpg,Flooring,1.156872,0.668883,0.410370,0.100451,0.095486,0.488538,0.011738,0.691205,0.007844
D:\homework\lund\CS_project\dataset_split\heightmap\Flooring__red_oak_chevron_floor_34_54_height.jpg,Flooring,0.547683,0.810896,0.429436,0.568674,0.100386,0.524727,0.011696,0.691205,0.004908
D:\homework\lund\CS_project\dataset_split\heightmap\Flooring__red_oak_herringbone_floor_34_29_height.jpg,Flooring,0.607213,0.778538,0.426974,0.456844,0.095815,0.518992,0.010899,0.691205,0.005452
D:\homework\lund\CS_project\dataset_split\heightmap\Flooring__red_oak_regular_floor_34_04_height.jpg,Flooring,1.083165,0.727488,0.421675,0.227978,0.160342,0.503293,0.012233,1.031644,0.006636
D:\homework\lund\CS_project\dataset_split\heightmap\Flooring__red_oak_small_regular_floor_34_73_height.jpg,Flooring,1.337472,0.637867,0.354971,0.098827,0.108475,0.500531,0.012666,0.805082,0.008775
D:\homework\lund\CS_project\dataset_split\heightmap\Flooring__shiny_wood_tiles_1_height.png,Flooring,1.598129,0.731989,0.235477,0.789649,0.405758,0.499993,0.030243,1.368393,0.006483
D:\homework\lund\CS_project\dataset_split\heightmap\Flooring__shiny_wood_tiles_2_height.png,Flooring,0.360095,0.871281,0.467226,0.710040,0.093548,0.262308,0.011515,0.576938,0.002983
D:\homework\lund\CS_project\dataset_split\heightmap\Flooring__shiny_wood_tiles_3_height.png,Flooring,4.346629,0.806335,0.231827,0.751679,0.928793,0.598261,0.046601,2.246641,0.007931
D:\homework\lund\CS_project\dataset_split\heightmap\Flooring__shiny_wood_tiles_4_height.png,Flooring,4.609257,0.696095,0.192826,0.735221,0.867207,0.597635,0.046456,2.354228,0.010527
D:\homework\lund\CS_project\dataset_split\heightmap\Flooring__shiny_wood_tiles_5_height.png,Flooring,5.582214,0.726525,0.196065,0.711694,1.002708,0.590913,0.048851,2.354228,0.010534
D:\homework\lund\CS_project\dataset_split\heightmap\Flooring__shiny_wood_tiles_6_height.png,Flooring,1.224481,0.803597,0.301198,0.761281,0.274741,0.525683,0.024749,1.256566,0.005019
D:\homework\lund\CS_project\dataset_split\heightmap\Flooring__shiny_wood_tiles_7_height.png,Flooring,1.367913,0.773868,0.291194,0.717981,0.269791,0.526935,0.024030,1.256566,0.005651
D:\homework\lund\CS_project\dataset_split\heightmap\Flooring__sonoma_oak_basket_floor_34_96_height.jpg,Flooring,0.992033,0.706995,0.335862,0.450129,0.147938,0.514221,0.014258,0.805082,0.006520
D:\homework\lund\CS_project\dataset_split\heightmap\Flooring__sonoma_oak_beveled_floor_34_83_height.jpg,Flooring,4.764697,0.756824,0.482758,0.294048,0.345313,0.495461,0.028462,1.590737,0.012224
D:\homework\lund\CS_project\dataset_split\heightmap\Flooring__sonoma_oak_chevron_floor_34_53_height.jpg,Flooring,0.527975,0.818233,0.437837,0.565917,0.099972,0.515252,0.011364,0.691205,0.004610
D:\homework\lund\CS_project\dataset_split\heightmap\Flooring__sonoma_oak_herringbone_floor_34_27_height.jpg,Flooring,0.598113,0.782776,0.427912,0.477131,0.098809,0.519032,0.011072,0.805082,0.005307
D:\homework\lund\CS_project\dataset_split\heightmap\Flooring__sonoma_oak_herringbone_floor_34_28_height.jpg,Flooring,0.595611,0.783153,0.428623,0.474975,0.098916,0.515601,0.010977,0.805082,0.005298
D:\homework\lund\CS_project\dataset_split\heightmap\Flooring__sonoma_oak_regular_floor_34_03_height.jpg,Flooring,1.146504,0.741771,0.468358,0.234812,0.146538,0.500617,0.012766,0.805082,0.006601
D:\homework\lund\CS_project\dataset_split\heightmap\Flooring__teak_basket_floor_34_98_height.jpg,Flooring,0.927500,0.726331,0.352431,0.467402,0.135617,0.506028,0.013975,0.805082,0.005993
D:\homework\lund\CS_project\dataset_split\heightmap\Flooring__teak_beveled_floor_34_88_height.jpg,Flooring,4.598437,0.790257,0.627459,0.287594,0.333318,0.491069,0.027925,1.590737,0.011488
D:\homework\lund\CS_project\dataset_split\heightmap\Flooring__teak_chevron_floor_34_63_height.jpg,Flooring,0.421233,0.857656,0.487450,0.619363,0.075114,0.507213,0.010976,0.691205,0.003639
D:\homework\lund\CS_project\dataset_split\heightmap\Flooring__teak_chevron_floor_34_64_height.jpg,Flooring,0.425666,0.855457,0.485249,0.615724,0.075114,0.507028,0.011007,0.691205,0.003723
D:\homework\lund\CS_project\dataset_split\heightmap\Flooring__teak_herringbone_floor_34_38_height.jpg,Flooring,0.543619,0.803532,0.447048,0.510455,0.075539,0.507880,0.010808,0.691205,0.004694
D:\homework\lund\CS_project\dataset_split\heightmap\Flooring__teak_herringbone_floor_34_40_height.jpg,Flooring,0.543064,0.803785,0.445790,0.515111,0.085725,0.507521,0.010898,0.691205,0.004712
D:\homework\lund\CS_project\dataset_split\heightmap\Flooring__teak_small_regular_floor_34_77_height.jpg,Flooring,1.137301,0.669974,0.408373,0.101857,0.094119,0.488115,0.011599,0.691205,0.007760
D:\homework\lund\CS_project\dataset_split\heightmap\Flooring__teak_wood_regular_floor_34_15_height.jpg,Flooring,0.457435,0.822662,0.555618,0.324246,0.086846,0.493589,0.007999,0.691205,0.003834
D:\homework\lund\CS_project\dataset_split\heightmap\Flooring__varnished_pine_herringbone_floor_34_30_height.jpg,Flooring,0.605143,0.779754,0.429555,0.462873,0.096907,0.509987,0.010936,0.691205,0.005383
D:\homework\lund\CS_project\dataset_split\heightmap\Flooring__varnished_pine_regular_floor_34_07_height.jpg,Flooring,0.523159,0.801922,0.561395,0.251294,0.099255,0.495988,0.008465,0.805082,0.004678
D:\homework\lund\CS_project\dataset_split\heightmap\Flooring__walnut beveled_floor_34_89_height.jpg,Flooring,4.575884,0.794711,0.638436,0.289776,0.330998,0.490755,0.027882,1.590737,0.011427
D:\homework\lund\CS_project\dataset_split\heightmap\Flooring__walnut_chevron_floor34_65_height.jpg,Flooring,0.435303,0.855057,0.481669,0.625885,0.088392,0.508880,0.011200,0.691205,0.003778
D:\homework\lund\CS_project\dataset_split\heightmap\Flooring__walnut_chevron_floor_34_66_height.jpg,Flooring,0.418275,0.860363,0.486991,0.629973,0.076126,0.506780,0.011109,0.691205,0.003657
D:\homework\lund\CS_project\dataset_split\heightmap\Flooring__walnut_herrinbone_floor_34_39_height.jpg,Flooring,0.541046,0.804258,0.448279,0.510831,0.075306,0.507664,0.010802,0.691205,0.004666
D:\homework\lund\CS_project\dataset_split\heightmap\Flooring__walnut_herringbone_floor_34_41_height.jpg,Flooring,0.540861,0.801829,0.450345,0.502267,0.090127,0.507812,0.010711,0.691205,0.004722
D:\homework\lund\CS_project\dataset_split\heightmap\Flooring__walnut_herringbone_floor_34_42_height.jpg,Flooring,0.545439,0.800951,0.445450,0.513290,0.085506,0.508318,0.010805,0.691205,0.004735
D:\homework\lund\CS_project\dataset_split\heightmap\Flooring__walnut_regular_floor_34_16_height.jpg,Flooring,0.436915,0.830131,0.556250,0.350711,0.086109,0.493297,0.007889,0.576938,0.003654
D:\homework\lund\CS_project\dataset_split\heightmap\Flooring__walnut_regular_floor_34_17_height.jpg,Flooring,0.450761,0.825427,0.545123,0.346560,0.085750,0.493051,0.007918,0.576938,0.003700
D:\homework\lund\CS_project\dataset_split\heightmap\Flooring__walnut_small_regular_floor_34_78_height.jpg,Flooring,1.139889,0.668985,0.404436,0.103731,0.094817,0.487845,0.011606,0.691205,0.007778
D:\homework\lund\CS_project\dataset_split\heightmap\Flooring__washed_oak_small_regular_floor_34_72_height.jpg,Flooring,1.431430,0.631519,0.362775,0.096545,0.122705,0.511674,0.013176,0.805082,0.009206
D:\homework\lund\CS_project\dataset_split\heightmap\Flooring__wood_tiles_10_height.png,Flooring,4.098593,0.627205,0.172767,0.709057,0.744965,0.565891,0.041400,2.138541,0.011317
D:\homework\lund\CS_project\dataset_split\heightmap\Flooring__wood_tiles_11_height.png,Flooring,4.307951,0.638938,0.176816,0.686440,0.712009,0.564017,0.040875,1.920849,0.011417
D:\homework\lund\CS_project\dataset_split\heightmap\Flooring__wood_tiles_12_height.png,Flooring,3.321824,0.756747,0.240520,0.694527,0.686647,0.564145,0.036337,1.920849,0.008180
D:\homework\lund\CS_project\dataset_split\heightmap\Flooring__wood_tiles_13_height.png,Flooring,3.619538,0.695106,0.209900,0.678754,0.590205,0.565912,0.036968,1.701238,0.009720
D:\homework\lund\CS_project\dataset_split\heightmap\Flooring__wood_tiles_14_height.png,Flooring,3.433273,0.749428,0.234072,0.706594,0.662267,0.562757,0.037631,1.920849,0.008379
D:\homework\lund\CS_project\dataset_split\heightmap\Flooring__wood_tiles_1_height.png,Flooring,5.734733,0.673585,0.173918,0.704802,1.125593,0.587240,0.048997,2.567818,0.011911
D:\homework\lund\CS_project\dataset_split\heightmap\Flooring__wood_tiles_2_height.png,Flooring,5.806364,0.664834,0.168964,0.705709,1.037716,0.589243,0.049334,2.461292,0.012254
D:\homework\lund\CS_project\dataset_split\heightmap\Flooring__wood_tiles_3_height.png,Flooring,1.001604,0.822232,0.363193,0.674976,0.208375,0.525165,0.019017,1.144314,0.004565
D:\homework\lund\CS_project\dataset_split\heightmap\Flooring__wood_tiles_4_height.png,Flooring,2.638574,0.649256,0.192122,0.726738,0.560196,0.523868,0.034178,1.701238,0.009339
D:\homework\lund\CS_project\dataset_split\heightmap\Flooring__wood_tiles_5_height.png,Flooring,5.820036,0.657939,0.175157,0.670819,0.943865,0.564313,0.046503,2.354228,0.012295
D:\homework\lund\CS_project\dataset_split\heightmap\Flooring__wood_tiles_6_height.png,Flooring,4.610261,0.721532,0.218836,0.642165,0.666716,0.568262,0.039518,1.920849,0.010053
D:\homework\lund\CS_project\dataset_split\heightmap\Flooring__wood_tiles_7_height.png,Flooring,4.805042,0.655253,0.195499,0.629550,0.634846,0.562462,0.039696,1.811278,0.011541
D:\homework\lund\CS_project\dataset_split\heightmap\Flooring__wood_tiles_8_height.png,Flooring,4.737616,0.659273,0.199616,0.626705,0.622413,0.563859,0.039284,1.811278,0.011406
D:\homework\lund\CS_project\dataset_split\heightmap\Flooring__wood_tiles_9_height.png,Flooring,3.441697,0.673570,0.204587,0.687078,0.585570,0.565410,0.036559,1.811278,0.009786
D:\homework\lund\CS_project\dataset_split\heightmap\Wood__black_fine_wood_pbr_18_16_height.jpg,Wood,0.052091,0.973979,0.941652,0.187867,0.025497,0.498231,0.003509,0.347266,0.001971
D:\homework\lund\CS_project\dataset_split\heightmap\Wood__black_painted_wood_33_59_height.jpg,Wood,3.116173,0.529103,0.213368,0.328411,0.398202,0.493219,0.023473,1.590737,0.013606
D:\homework\lund\CS_project\dataset_split\heightmap\Wood__black_painted_wood_pbr_18_38_height.jpg,Wood,0.034249,0.982906,0.964273,0.081587,0.027739,0.498051,0.003111,0.347266,0.002321
D:\homework\lund\CS_project\dataset_split\heightmap\Wood__black_wood_pbr_18_35_height.jpg,Wood,0.001173,0.999413,0.998784,0.068113,0.018987,0.499226,0.002656,0.231872,0.001478
D:\homework\lund\CS_project\dataset_split\heightmap\Wood__blue_painted_wood_1_29_height.png,Wood,0.036434,0.983011,0.954155,0.522371,0.055778,0.500185,0.003571,0.576938,0.001167
D:\homework\lund\CS_project\dataset_split\heightmap\Wood__blue_painted_wood_2_41_height.png,Wood,0.549087,0.839970,0.419752,0.700784,0.477927,0.499713,0.014201,2.138541,0.004128
D:\homework\lund\CS_project\dataset_split\heightmap\Wood__blue_painted_wood_33_54_height.jpg,Wood,4.418485,0.466063,0.172684,0.308198,0.399551,0.486674,0.027676,1.479786,0.017112
D:\homework\lund\CS_project\dataset_split\heightmap\Wood__blue_painted_wood_3_79_height.png,Wood,0.726848,0.770161,0.407776,0.588010,0.223505,0.502973,0.014144,1.144314,0.005689
D:\homework\lund\CS_project\dataset_split\heightmap\Wood__blue_painted_wood_pbr_18_94_height.jpg,Wood,0.121733,0.941598,0.849983,0.419752,0.080357,0.498369,0.005074,0.691205,0.002292
D:\homework\lund\CS_project\dataset_split\heightmap\Wood__blue_painted_wood_planks_33_96_height.jpg,Wood,113.870834,0.541475,0.175530,0.397932,2.559087,0.811627,0.155267,5.135891,0.050805
D:\homework\lund\CS_project\dataset_split\heightmap\Wood__blue_painted_wooden_planks_pbr_18_55_height.jpg,Wood,4.118183,0.673413,0.340628,0.653509,0.779510,0.621095,0.037901,2.354228,0.009716
D:\homework\lund\CS_project\dataset_split\heightmap\Wood__blue_wooden_planks_01_height.png,Wood,8.809155,0.588717,0.217016,0.637406,0.879860,0.489806,0.055109,2.461292,0.013580
D:\homework\lund\CS_project\dataset_split\heightmap\Wood__cgaxis_pbr_13_blue_painted_wood_2_height.jpg,Wood,1.179924,0.674980,0.240663,0.743353,0.391921,0.408526,0.023400,1.701238,0.008065
D:\homework\lund\CS_project\dataset_split\heightmap\Wood__cgaxis_pbr_13_blue_painted_wood_3_height.jpg,Wood,0.562479,0.773553,0.299823,0.860598,0.229563,0.413143,0.021789,1.256566,0.005566
D:\homework\lund\CS_project\dataset_split\heightmap\Wood__cgaxis_pbr_13_blue_painted_wood_4_height.jpg,Wood,4.107568,0.473486,0.200344,0.172789,0.490937,0.404805,0.024544,1.590737,0.018006
D:\homework\lund\CS_project\dataset_split\heightmap\Wood__cgaxis_pbr_13_blue_painted_wood_5_height.jpg,Wood,3.373621,0.541011,0.220976,0.316331,0.698649,0.412126,0.024294,2.138541,0.014503
D:\homework\lund\CS_project\dataset_split\heightmap\Wood__cgaxis_pbr_13_blue_painted_wood_6_height.jpg,Wood,2.342469,0.605158,0.210012,0.751709,0.416735,0.417891,0.033974,1.590737,0.011974
D:\homework\lund\CS_project\dataset_split\heightmap\Wood__cgaxis_pbr_13_blue_wood_1_height.jpg,Wood,0.325576,0.863398,0.480259,0.758523,0.255445,0.410720,0.012476,1.368393,0.003270
D:\homework\lund\CS_project\dataset_split\heightmap\Wood__cgaxis_pbr_13_blue_wooden_planks_1_height.jpg,Wood,11.596525,0.501972,0.188944,0.677898,1.019717,0.489063,0.067177,2.884043,0.022376
D:\homework\lund\CS_project\dataset_split\heightmap\Wood__cgaxis_pbr_13_brown_painted_wood_1_height.jpg,Wood,0.330863,0.871981,0.418836,0.909766,0.206656,0.413879,0.020916,1.144314,0.002978
D:\homework\lund\CS_project\dataset_split\heightmap\Wood__cgaxis_pbr_13_dark_wood_1_height.jpg,Wood,0.737298,0.727345,0.440022,0.200332,0.131442,0.407996,0.009713,0.918564,0.006550
D:\homework\lund\CS_project\dataset_split\heightmap\Wood__cgaxis_pbr_13_dark_wood_2_height.jpg,Wood,0.996315,0.684848,0.295964,0.586660,0.208953,0.409123,0.016628,1.144314,0.008014
D:\homework\lund\CS_project\dataset_split\heightmap\Wood__cgaxis_pbr_13_dirty_light_wood_1_height.jpg,Wood,0.475176,0.801864,0.492836,0.341606,0.225134,0.410650,0.008087,1.368393,0.004869
D:\homework\lund\CS_project\dataset_split\heightmap\Wood__cgaxis_pbr_13_green_chipboard_1_height.jpg,Wood,0.955412,0.705161,0.380668,0.289997,0.236670,0.410375,0.012119,1.256566,0.007535
D:\homework\lund\CS_project\dataset_split\heightmap\Wood__cgaxis_pbr_13_green_painted_wood_1_height.jpg,Wood,2.991063,0.528426,0.187718,0.488545,0.651876,0.406612,0.026567,2.138541,0.014762
D:\homework\lund\CS_project\dataset_split\heightmap\Wood__cgaxis_pbr_13_green_painted_wood_2_height.jpg,Wood,4.251367,0.473047,0.199869,0.183318,0.510096,0.404762,0.025196,1.701238,0.018262
D:\homework\lund\CS_project\dataset_split\heightmap\Wood__cgaxis_pbr_13_green_painted_wood_3_height.jpg,Wood,3.443371,0.528265,0.199895,0.343091,0.688119,0.406965,0.025011,2.386997,0.014651
D:\homework\lund\CS_project\dataset_split\heightmap\Wood__cgaxis_pbr_13_green_painted_wood_4_height.jpg,Wood,0.602715,0.771707,0.387328,0.672563,0.200053,0.409050,0.014462,1.256566,0.004936
D:\homework\lund\CS_project\dataset_split\heightmap\Wood__cgaxis_pbr_13_green_painted_wooden_planks_1_height.jpg,Wood,11.317391,0.477646,0.137590,0.482595,1.812086,0.523932,0.052070,3.798727,0.021375
D:\homework\lund\CS_project\dataset_split\heightmap\Wood__cgaxis_pbr_13_grey_painted_wood_1_height.jpg,Wood,0.332323,0.871712,0.418045,0.908962,0.207083,0.413872,0.020859,1.144314,0.002995
D:\homework\lund\CS_project\dataset_split\heightmap\Wood__cgaxis_pbr_13_grey_wood_1_height.jpg,Wood,0.406857,0.813218,0.423862,0.693492,0.100488,0.409209,0.011980,0.691205,0.003982
D:\homework\lund\CS_project\dataset_split\heightmap\Wood__cgaxis_pbr_13_grey_wood_2_height.jpg,Wood,5.137501,0.437666,0.155680,0.301431,0.564099,0.401711,0.029957,1.701238,0.018404
D:\homework\lund\CS_project\dataset_split\heightmap\Wood__cgaxis_pbr_13_grey_wood_3_height.jpg,Wood,6.387708,0.423939,0.155402,0.260003,0.695564,0.403548,0.032724,2.029940,0.019003
D:\homework\lund\CS_project\dataset_split\heightmap\Wood__cgaxis_pbr_13_grey_wood_4_height.jpg,Wood,2.870963,0.533211,0.247924,0.122885,0.352715,0.406950,0.019652,1.448536,0.012530
D:\homework\lund\CS_project\dataset_split\heightmap\Wood__cgaxis_pbr_13_grey_wood_5_height.jpg,Wood,2.366265,0.548954,0.250117,0.189136,0.315260,0.406691,0.018450,1.368393,0.012803
D:\homework\lund\CS_project\dataset_split\heightmap\Wood__cgaxis_pbr_13_light_wood_1_height.jpg,Wood,0.153887,0.923096,0.631340,0.678819,0.032568,0.411380,0.005578,0.347266,0.001899
D:\homework\lund\CS_project\dataset_split\heightmap\Wood__cgaxis_pbr_13_light_wood_2_height.jpg,Wood,0.514314,0.784249,0.450735,0.478774,0.124022,0.402642,0.010034,0.918564,0.004945
D:\homework\lund\CS_project\dataset_split\heightmap\Wood__cgaxis_pbr_13_light_wood_3_height.jpg,Wood,2.374110,0.567386,0.199972,0.576410,0.500888,0.410316,0.025959,1.920849,0.012176
D:\homework\lund\CS_project\dataset_split\heightmap\Wood__cgaxis_pbr_13_light_wood_4_height.jpg,Wood,0.955970,0.705040,0.380492,0.289982,0.237648,0.410375,0.012122,1.256566,0.007534
D:\homework\lund\CS_project\dataset_split\heightmap\Wood__cgaxis_pbr_13_light_wood_5_height.jpg,Wood,1.056584,0.672966,0.356723,0.234409,0.149574,0.410512,0.012257,0.887314,0.008775
D:\homework\lund\CS_project\dataset_split\heightmap\Wood__cgaxis_pbr_13_old_wood_10_height.jpg,Wood,4.219704,0.488129,0.164349,0.487706,0.842535,0.404961,0.031714,2.430042,0.017459
D:\homework\lund\CS_project\dataset_split\heightmap\Wood__cgaxis_pbr_13_old_wood_11_height.jpg,Wood,1.912392,0.587157,0.212072,0.661653,0.424174,0.406220,0.025988,1.590737,0.011347
D:\homework\lund\CS_project\dataset_split\heightmap\Wood__cgaxis_pbr_13_old_wood_12_height.jpg,Wood,1.420390,0.641281,0.327223,0.271596,0.289192,0.405693,0.014803,1.368393,0.009640
D:\homework\lund\CS_project\dataset_split\heightmap\Wood__cgaxis_pbr_13_old_wood_13_height.jpg,Wood,2.809568,0.534019,0.231766,0.249947,0.412805,0.405197,0.021166,1.590737,0.014273
D:\homework\lund\CS_project\dataset_split\heightmap\Wood__cgaxis_pbr_13_old_wood_14_height.jpg,Wood,2.076058,0.588798,0.229935,0.426538,0.293315,0.406868,0.020630,1.368393,0.012062
D:\homework\lund\CS_project\dataset_split\heightmap\Wood__cgaxis_pbr_13_old_wood_15_height.jpg,Wood,2.243965,0.569345,0.263119,0.204284,0.411260,0.409984,0.018104,1.479786,0.012072
D:\homework\lund\CS_project\dataset_split\heightmap\Wood__cgaxis_pbr_13_old_wood_16_height.jpg,Wood,1.498007,0.629349,0.249221,0.593309,0.388184,0.408538,0.020841,1.780028,0.010206
D:\homework\lund\CS_project\dataset_split\heightmap\Wood__cgaxis_pbr_13_old_wood_1_height.jpg,Wood,1.145622,0.669109,0.382338,0.153640,0.347789,0.407923,0.012152,1.590737,0.008876
D:\homework\lund\CS_project\dataset_split\heightmap\Wood__cgaxis_pbr_13_old_wood_2_height.jpg,Wood,2.144409,0.578269,0.277965,0.192063,0.428951,0.406985,0.017618,1.590737,0.011964
D:\homework\lund\CS_project\dataset_split\heightmap\Wood__cgaxis_pbr_13_old_wood_3_height.jpg,Wood,3.851070,0.502821,0.161967,0.596552,0.889054,0.406751,0.034336,2.354228,0.015622
D:\homework\lund\CS_project\dataset_split\heightmap\Wood__cgaxis_pbr_13_old_wood_4_height.jpg,Wood,2.012490,0.573176,0.214309,0.578716,0.461259,0.407590,0.023947,1.701238,0.012094
D:\homework\lund\CS_project\dataset_split\heightmap\Wood__cgaxis_pbr_13_old_wood_5_height.jpg,Wood,1.516831,0.634200,0.246075,0.604811,0.310763,0.408135,0.021269,1.479786,0.009578
D:\homework\lund\CS_project\dataset_split\heightmap\Wood__cgaxis_pbr_13_old_wood_6_height.jpg,Wood,2.273923,0.566883,0.170139,0.790754,0.661225,0.407119,0.037012,2.029940,0.012659
D:\homework\lund\CS_project\dataset_split\heightmap\Wood__cgaxis_pbr_13_old_wood_7_height.jpg,Wood,1.700630,0.611281,0.301417,0.203313,0.321130,0.410333,0.015603,1.368393,0.010380
D:\homework\lund\CS_project\dataset_split\heightmap\Wood__cgaxis_pbr_13_old_wood_8_height.jpg,Wood,3.428805,0.529970,0.200993,0.341378,0.622049,0.406223,0.024970,2.215391,0.014645
D:\homework\lund\CS_project\dataset_split\heightmap\Wood__cgaxis_pbr_13_old_wood_9_height.jpg,Wood,1.184060,0.666963,0.337374,0.298375,0.276136,0.411036,0.013717,1.368393,0.008289
D:\homework\lund\CS_project\dataset_split\heightmap\Wood__cgaxis_pbr_13_orange_painted_wood_1_height.jpg,Wood,2.369961,0.582753,0.273634,0.222876,0.509008,0.409716,0.018912,1.811278,0.012173
D:\homework\lund\CS_project\dataset_split\heightmap\Wood__cgaxis_pbr_13_orange_painted_wood_2_height.jpg,Wood,1.147503,0.686829,0.412214,0.138125,0.368871,0.407066,0.012063,1.780028,0.008320
D:\homework\lund\CS_project\dataset_split\heightmap\Wood__cgaxis_pbr_13_orange_painted_wood_3_height.jpg,Wood,0.754639,0.728253,0.431139,0.259841,0.210582,0.410345,0.010334,1.225316,0.006744
D:\homework\lund\CS_project\dataset_split\heightmap\Wood__cgaxis_pbr_13_orange_painted_wooden_planks_1_height.jpg,Wood,2.498677,0.577955,0.280615,0.131976,0.378565,0.408415,0.018360,1.590737,0.012931
D:\homework\lund\CS_project\dataset_split\heightmap\Wood__cgaxis_pbr_13_orange_wooden_planks_1_height.jpg,Wood,19.256528,0.435157,0.128463,0.745287,2.151592,0.545371,0.096957,4.558771,0.029565
D:\homework\lund\CS_project\dataset_split\heightmap\Wood__cgaxis_pbr_13_purple_painted_wood_1_height.jpg,Wood,1.232324,0.681344,0.387673,0.325878,0.415342,0.407706,0.014359,1.590737,0.008189
D:\homework\lund\CS_project\dataset_split\heightmap\Wood__cgaxis_pbr_13_red_painted_wood_10_height.jpg,Wood,1.417809,0.667891,0.263615,0.701752,0.257820,0.415837,0.023896,1.256566,0.009347
D:\homework\lund\CS_project\dataset_split\heightmap\Wood__cgaxis_pbr_13_red_painted_wood_1_height.jpg,Wood,2.210626,0.568398,0.227851,0.456304,0.557875,0.405522,0.021922,1.998690,0.012613
D:\homework\lund\CS_project\dataset_split\heightmap\Wood__cgaxis_pbr_13_red_painted_wood_2_height.jpg,Wood,1.759863,0.628177,0.305720,0.326573,0.622645,0.408039,0.017402,2.138541,0.010147
D:\homework\lund\CS_project\dataset_split\heightmap\Wood__cgaxis_pbr_13_red_painted_wood_3_height.jpg,Wood,1.272945,0.682182,0.415301,0.063396,0.246010,0.408002,0.012284,1.256566,0.007852
D:\homework\lund\CS_project\dataset_split\heightmap\Wood__cgaxis_pbr_13_red_painted_wood_4_height.jpg,Wood,1.135765,0.683488,0.276037,0.662592,0.376095,0.409327,0.019906,1.590737,0.007870
D:\homework\lund\CS_project\dataset_split\heightmap\Wood__cgaxis_pbr_13_red_painted_wood_5_height.jpg,Wood,0.447866,0.802364,0.470098,0.491960,0.111352,0.400827,0.009395,0.805082,0.004468
D:\homework\lund\CS_project\dataset_split\heightmap\Wood__cgaxis_pbr_13_red_painted_wood_6_height.jpg,Wood,0.876744,0.723974,0.202393,0.933511,0.492374,0.405469,0.040655,2.138541,0.006963
D:\homework\lund\CS_project\dataset_split\heightmap\Wood__cgaxis_pbr_13_red_painted_wood_7_height.jpg,Wood,2.906969,0.559753,0.241132,0.275717,0.557076,0.408538,0.021863,1.889599,0.013437
D:\homework\lund\CS_project\dataset_split\heightmap\Wood__cgaxis_pbr_13_red_painted_wood_8_height.jpg,Wood,0.779136,0.734684,0.407948,0.380789,0.202597,0.408485,0.011481,1.144314,0.006045
D:\homework\lund\CS_project\dataset_split\heightmap\Wood__cgaxis_pbr_13_red_painted_wood_9_height.jpg,Wood,0.632725,0.762214,0.491427,0.276885,0.296785,0.410121,0.009551,1.928445,0.005990
D:\homework\lund\CS_project\dataset_split\heightmap\Wood__cgaxis_pbr_13_red_painted_wooden_planks_1_height.jpg,Wood,7.196948,0.783787,0.558821,0.763024,0.764789,0.392435,0.061861,2.988285,0.008213
D:\homework\lund\CS_project\dataset_split\heightmap\Wood__cgaxis_pbr_13_red_painted_wooden_planks_2_height.jpg,Wood,23.993955,0.562058,0.252551,0.433091,1.900746,0.549343,0.072591,3.699895,0.024496
D:\homework\lund\CS_project\dataset_split\heightmap\Wood__cgaxis_pbr_13_red_wood_1_height.jpg,Wood,0.540279,0.769977,0.484080,0.227303,0.110401,0.410134,0.008081,0.805082,0.005579
D:\homework\lund\CS_project\dataset_split\heightmap\Wood__cgaxis_pbr_13_rough_painted_wood_1_height.jpg,Wood,0.857326,0.792204,0.522144,0.471209,0.284304,0.413590,0.013467,1.256566,0.005702
D:\homework\lund\CS_project\dataset_split\heightmap\Wood__cgaxis_pbr_13_rough_wood_1_height.jpg,Wood,3.589434,0.505568,0.217962,0.232018,0.489068,0.405632,0.023803,1.701238,0.016052
D:\homework\lund\CS_project\dataset_split\heightmap\Wood__cgaxis_pbr_13_rough_wood_2_height.jpg,Wood,2.076367,0.607572,0.312721,0.102904,0.391847,0.408793,0.016330,1.590737,0.010592
D:\homework\lund\CS_project\dataset_split\heightmap\Wood__cgaxis_pbr_13_wood_10_height.jpg,Wood,6.149206,0.437192,0.158487,0.307633,0.761861,0.404549,0.033200,2.107291,0.018546
D:\homework\lund\CS_project\dataset_split\heightmap\Wood__cgaxis_pbr_13_wood_11_height.jpg,Wood,0.347574,0.835152,0.467369,0.687244,0.080428,0.410032,0.010941,0.691205,0.003505
D:\homework\lund\CS_project\dataset_split\heightmap\Wood__cgaxis_pbr_13_wood_12_height.jpg,Wood,2.345966,0.562875,0.244988,0.215679,0.243790,0.405951,0.018668,1.256566,0.012252
D:\homework\lund\CS_project\dataset_split\heightmap\Wood__cgaxis_pbr_13_wood_13_height.jpg,Wood,1.669977,0.622702,0.328716,0.151116,0.441131,0.408332,0.014966,1.701238,0.010178
D:\homework\lund\CS_project\dataset_split\heightmap\Wood__cgaxis_pbr_13_wood_14_height.jpg,Wood,1.066807,0.686540,0.349853,0.328648,0.314181,0.409613,0.013312,1.479786,0.008213
D:\homework\lund\CS_project\dataset_split\heightmap\Wood__cgaxis_pbr_13_wood_15_height.jpg,Wood,2.221494,0.560914,0.262697,0.153767,0.295066,0.407392,0.017429,1.256566,0.012338
D:\homework\lund\CS_project\dataset_split\heightmap\Wood__cgaxis_pbr_13_wood_16_height.jpg,Wood,0.361678,0.837326,0.543592,0.508407,0.125351,0.410564,0.008755,0.918564,0.004087
D:\homework\lund\CS_project\dataset_split\heightmap\Wood__cgaxis_pbr_13_wood_17_height.jpg,Wood,0.337582,0.857541,0.481863,0.734001,0.161460,0.410768,0.011900,1.113064,0.003370
D:\homework\lund\CS_project\dataset_split\heightmap\Wood__cgaxis_pbr_13_wood_18_height.jpg,Wood,1.230973,0.663568,0.323155,0.333672,0.285716,0.409332,0.014428,1.337143,0.008926
D:\homework\lund\CS_project\dataset_split\heightmap\Wood__cgaxis_pbr_13_wood_19_height.jpg,Wood,2.784815,0.541068,0.258688,0.095771,0.361212,0.407357,0.019015,1.479786,0.012320
D:\homework\lund\CS_project\dataset_split\heightmap\Wood__cgaxis_pbr_13_wood_1_height.jpg,Wood,0.704806,0.746387,0.239493,0.897719,0.288719,0.407130,0.028882,1.590737,0.005745
D:\homework\lund\CS_project\dataset_split\heightmap\Wood__cgaxis_pbr_13_wood_20_height.jpg,Wood,0.468387,0.796117,0.453658,0.518262,0.111768,0.401799,0.009959,0.805082,0.004661
D:\homework\lund\CS_project\dataset_split\heightmap\Wood__cgaxis_pbr_13_wood_21_height.jpg,Wood,1.753074,0.612870,0.235652,0.576786,0.390835,0.410288,0.022176,1.701238,0.010305
D:\homework\lund\CS_project\dataset_split\heightmap\Wood__cgaxis_pbr_13_wood_22_height.jpg,Wood,1.852102,0.611822,0.204385,0.692913,0.458210,0.409421,0.027018,1.811278,0.010684
D:\homework\lund\CS_project\dataset_split\heightmap\Wood__cgaxis_pbr_13_wood_2_height.jpg,Wood,3.297987,0.524519,0.183401,0.452059,0.350628,0.405016,0.026909,1.479786,0.013489
D:\homework\lund\CS_project\dataset_split\heightmap\Wood__cgaxis_pbr_13_wood_3_height.jpg,Wood,1.928531,0.598690,0.304622,0.141885,0.438305,0.408135,0.016136,1.590737,0.011177
D:\homework\lund\CS_project\dataset_split\heightmap\Wood__cgaxis_pbr_13_wood_4_height.jpg,Wood,0.935775,0.699226,0.239016,0.820537,0.241455,0.407884,0.024979,1.368393,0.007205
D:\homework\lund\CS_project\dataset_split\heightmap\Wood__cgaxis_pbr_13_wood_5_height.jpg,Wood,1.604754,0.626971,0.258831,0.441493,0.210064,0.408024,0.018292,1.144314,0.009029
D:\homework\lund\CS_project\dataset_split\heightmap\Wood__cgaxis_pbr_13_wood_6_height.jpg,Wood,2.324329,0.572718,0.214125,0.455663,0.289054,0.406340,0.022530,1.368393,0.011106
D:\homework\lund\CS_project\dataset_split\heightmap\Wood__cgaxis_pbr_13_wood_7_height.jpg,Wood,1.974488,0.597281,0.235777,0.447966,0.230250,0.406250,0.020531,1.256566,0.010290
D:\homework\lund\CS_project\dataset_split\heightmap\Wood__cgaxis_pbr_13_wood_8_height.jpg,Wood,0.344436,0.835736,0.382751,0.844911,0.098302,0.406164,0.016045,0.805082,0.003638
D:\homework\lund\CS_project\dataset_split\heightmap\Wood__cgaxis_pbr_13_wood_9_height.jpg,Wood,1.878225,0.595087,0.216923,0.624183,0.314317,0.404848,0.024439,1.479786,0.010924
D:\homework\lund\CS_project\dataset_split\heightmap\Wood__cgaxis_pbr_13_wood_logs_1_height.jpg,Wood,8.021783,0.468412,0.083451,0.949504,2.213746,0.612260,0.141555,4.280639,0.017549
D:\homework\lund\CS_project\dataset_split\heightmap\Wood__cgaxis_pbr_13_wood_logs_2_height.jpg,Wood,9.278243,0.444874,0.079633,0.963150,2.292163,0.593191,0.178081,4.558771,0.018664
D:\homework\lund\CS_project\dataset_split\heightmap\Wood__cgaxis_pbr_13_wooden_planks_10_height.jpg,Wood,1.842950,0.669803,0.173032,0.891265,0.611238,0.473890,0.045496,2.138541,0.008004
D:\homework\lund\CS_project\dataset_split\heightmap\Wood__cgaxis_pbr_13_wooden_planks_1_height.jpg,Wood,5.014444,0.734232,0.292396,0.912526,0.988423,0.511733,0.083816,2.461292,0.008771
D:\homework\lund\CS_project\dataset_split\heightmap\Wood__cgaxis_pbr_13_wooden_planks_2_height.jpg,Wood,3.518057,0.555800,0.200091,0.457894,0.749984,0.407928,0.028111,2.138541,0.014350
D:\homework\lund\CS_project\dataset_split\heightmap\Wood__cgaxis_pbr_13_wooden_planks_3_height.jpg,Wood,1.298849,0.677449,0.309363,0.470360,0.339029,0.408304,0.016846,1.479786,0.008768
D:\homework\lund\CS_project\dataset_split\heightmap\Wood__cgaxis_pbr_13_wooden_planks_4_height.jpg,Wood,15.272202,0.420463,0.110146,0.501339,2.144687,0.560798,0.061694,3.994032,0.025976
D:\homework\lund\CS_project\dataset_split\heightmap\Wood__cgaxis_pbr_13_wooden_planks_5_height.jpg,Wood,12.712190,0.520646,0.164442,0.533114,1.768170,0.580642,0.057901,3.798727,0.019635
D:\homework\lund\CS_project\dataset_split\heightmap\Wood__cgaxis_pbr_13_wooden_planks_6_height.jpg,Wood,10.517881,0.585438,0.255591,0.368393,1.185092,0.555993,0.045399,3.194923,0.016854
D:\homework\lund\CS_project\dataset_split\heightmap\Wood__cgaxis_pbr_13_wooden_planks_7_height.jpg,Wood,8.596728,0.493278,0.189272,0.390295,1.682996,0.518960,0.041633,3.398984,0.019750
D:\homework\lund\CS_project\dataset_split\heightmap\Wood__cgaxis_pbr_13_wooden_planks_8_height.jpg,Wood,24.096100,0.519082,0.164161,0.677968,2.160529,0.567537,0.097375,3.699895,0.023298
D:\homework\lund\CS_project\dataset_split\heightmap\Wood__cgaxis_pbr_13_wooden_planks_9_height.jpg,Wood,1.892046,0.657420,0.173277,0.880962,0.631985,0.426466,0.044238,2.138541,0.008422
D:\homework\lund\CS_project\dataset_split\heightmap\Wood__cherry_wood_33_25_height.jpg,Wood,0.438101,0.782649,0.540919,0.077968,0.040899,0.524852,0.005124,0.347266,0.003544
D:\homework\lund\CS_project\dataset_split\heightmap\Wood__cherry_wood_33_26_height.jpg,Wood,0.448151,0.780956,0.522161,0.120714,0.043511,0.522131,0.006170,0.462290,0.004089
D:\homework\lund\CS_project\dataset_split\heightmap\Wood__cherry_wood_33_27_height.jpg,Wood,0.444066,0.782806,0.539260,0.100674,0.044234,0.524940,0.006532,0.347266,0.004360
D:\homework\lund\CS_project\dataset_split\heightmap\Wood__cherry_wood_33_28_height.jpg,Wood,0.461079,0.773358,0.519530,0.084965,0.043470,0.522309,0.006009,0.462290,0.004292
D:\homework\lund\CS_project\dataset_split\heightmap\Wood__cyan_painted_wood_33_61_height.jpg,Wood,2.319598,0.545078,0.231217,0.300411,0.278639,0.470752,0.019721,1.256566,0.012292
D:\homework\lund\CS_project\dataset_split\heightmap\Wood__dark_fine_wood_pbr_18_05_height.jpg,Wood,0.321059,0.850981,0.528566,0.612402,0.062575,0.496178,0.009380,0.576938,0.003487
D:\homework\lund\CS_project\dataset_split\heightmap\Wood__dark_fine_wood_pbr_18_10_height.jpg,Wood,0.025987,0.987006,0.971007,0.185862,0.021721,0.498431,0.003274,0.231872,0.001635
D:\homework\lund\CS_project\dataset_split\heightmap\Wood__dark_fine_wood_pbr_18_18_height.jpg,Wood,0.014731,0.992635,0.984726,0.068252,0.020273,0.498357,0.002964,0.231872,0.001989
D:\homework\lund\CS_project\dataset_split\heightmap\Wood__dark_fine_wood_pbr_18_20_height.jpg,Wood,0.001069,0.999466,0.998909,0.040845,0.010451,0.498509,0.002566,0.231872,0.001654
D:\homework\lund\CS_project\dataset_split\heightmap\Wood__dark_fine_wood_pbr_18_23_height.jpg,Wood,0.021132,0.989435,0.977908,0.082400,0.020779,0.498074,0.002888,0.231872,0.001851
D:\homework\lund\CS_project\dataset_split\heightmap\Wood__dark_fine_wood_pbr_18_26_height.jpg,Wood,0.025087,0.987463,0.973182,0.119244,0.021558,0.498570,0.003207,0.231872,0.002035
D:\homework\lund\CS_project\dataset_split\heightmap\Wood__dark_fine_wood_pbr_18_29_height.jpg,Wood,0.254353,0.874674,0.708243,0.217798,0.042853,0.386976,0.005410,0.462290,0.003316
D:\homework\lund\CS_project\dataset_split\heightmap\Wood__dark_fine_wood_pbr_18_36_height.jpg,Wood,0.024036,0.987982,0.972611,0.214610,0.018987,0.498290,0.002873,0.231872,0.001717
D:\homework\lund\CS_project\dataset_split\heightmap\Wood__dark_fine_wood_pbr_18_43_height.jpg,Wood,0.022860,0.988570,0.975331,0.134175,0.018713,0.497900,0.002825,0.231872,0.001686
D:\homework\lund\CS_project\dataset_split\heightmap\Wood__dark_fine_wood_pbr_18_45_height.jpg,Wood,0.008454,0.995773,0.991119,0.091444,0.018713,0.498362,0.002587,0.231872,0.001539
D:\homework\lund\CS_project\dataset_split\heightmap\Wood__dark_fine_wood_pbr_18_47_height.jpg,Wood,0.000008,0.999996,0.999992,-0.000004,0.009357,0.499033,0.001949,0.231872,0.001199
D:\homework\lund\CS_project\dataset_split\heightmap\Wood__dark_fine_wood_pbr_18_48_height.jpg,Wood,0.001537,0.999231,0.998442,0.025997,0.011818,0.498241,0.002091,0.231872,0.001314
D:\homework\lund\CS_project\dataset_split\heightmap\Wood__dark_fine_wood_pbr_18_50_height.jpg,Wood,0.000275,0.999863,0.999722,0.024825,0.010177,0.498617,0.002195,0.231872,0.001419
D:\homework\lund\CS_project\dataset_split\heightmap\Wood__dark_oak_wood_33_13_height.jpg,Wood,1.156653,0.646474,0.360359,0.088497,0.134472,0.551207,0.011712,0.918564,0.009014
D:\homework\lund\CS_project\dataset_split\heightmap\Wood__dark_oak_wood_33_14_height.jpg,Wood,1.211320,0.640180,0.354113,0.085767,0.144591,0.549521,0.011996,0.805082,0.009218
D:\homework\lund\CS_project\dataset_split\heightmap\Wood__dark_painted_wood_08_height.png,Wood,0.327847,0.843657,0.405292,0.803218,0.084907,0.498778,0.013634,0.805082,0.003313
D:\homework\lund\CS_project\dataset_split\heightmap\Wood__dark_painted_wood_pbr_18_34_height.jpg,Wood,0.071007,0.964573,0.924096,0.118281,0.037234,0.497643,0.003274,0.347266,0.002268
D:\homework\lund\CS_project\dataset_split\heightmap\Wood__dark_pecan_wood_33_23_height.jpg,Wood,0.439887,0.782875,0.526561,0.106452,0.042281,0.522054,0.005419,0.462290,0.003966
D:\homework\lund\CS_project\dataset_split\heightmap\Wood__dark_shiny_wood_1_01_height.png,Wood,0.089902,0.955053,0.745440,0.810758,0.043741,0.499155,0.007021,0.691205,0.001148
D:\homework\lund\CS_project\dataset_split\heightmap\Wood__dark_shiny_wood_2_03_height.png,Wood,0.219619,0.891884,0.760024,0.208469,0.047550,0.498397,0.005267,0.462290,0.003200
D:\homework\lund\CS_project\dataset_split\heightmap\Wood__dark_shiny_wood_3_70_height.png,Wood,0.537507,0.815594,0.548115,0.438477,0.259767,0.498405,0.010176,1.144314,0.004329
D:\homework\lund\CS_project\dataset_split\heightmap\Wood__dark_shiny_wood_4_72_height.png,Wood,0.000015,0.999993,0.999985,0.041659,0.009574,0.499592,0.002014,0.231872,0.001028
D:\homework\lund\CS_project\dataset_split\heightmap\Wood__dark_shiny_wood_5_75_height.png,Wood,0.000000,1.000000,1.000000,1.000000,0.003282,0.499573,0.002201,0.231872,0.001366
D:\homework\lund\CS_project\dataset_split\heightmap\Wood__dark_shiny_wood_6_80_height.png,Wood,0.082720,0.958777,0.844868,0.639087,0.026550,0.500351,0.005010,0.462290,0.001118
D:\homework\lund\CS_project\dataset_split\heightmap\Wood__dark_shiny_wood_7_82_height.png,Wood,0.060742,0.969788,0.933102,0.181588,0.025032,0.499255,0.003826,0.347266,0.002283
D:\homework\lund\CS_project\dataset_split\heightmap\Wood__dark_wood_1_30_height.png,Wood,0.212746,0.897686,0.742404,0.367085,0.088309,0.498675,0.005898,0.691205,0.003242
D:\homework\lund\CS_project\dataset_split\heightmap\Wood__dark_wood_2_83_height.png,Wood,0.559270,0.783359,0.339952,0.769138,0.167760,0.497248,0.016682,1.031644,0.004707
D:\homework\lund\CS_project\dataset_split\heightmap\Wood__dark_wood_3_86_height.png,Wood,0.688451,0.747418,0.242366,0.919084,0.379262,0.496458,0.032186,1.590737,0.005827
D:\homework\lund\CS_project\dataset_split\heightmap\Wood__dark_wooden_planks_09_height.png,Wood,0.817215,0.738852,0.342128,0.635878,0.252354,0.497957,0.016048,1.256566,0.005934
D:\homework\lund\CS_project\dataset_split\heightmap\Wood__dirty_plywood_33_99_height.jpg,Wood,0.377619,0.846628,0.692498,0.122875,0.088319,0.545352,0.006865,0.691205,0.004715
D:\homework\lund\CS_project\dataset_split\heightmap\Wood__elm_wood_33_48_height.jpg,Wood,0.447299,0.781877,0.520940,0.122396,0.044224,0.522040,0.006130,0.462290,0.004478
D:\homework\lund\CS_project\dataset_split\heightmap\Wood__elm_wood_33_49_height.jpg,Wood,0.456212,0.776869,0.523904,0.091567,0.043567,0.521923,0.005975,0.462290,0.004262
D:\homework\lund\CS_project\dataset_split\heightmap\Wood__elm_wood_33_50_height.jpg,Wood,0.452066,0.777571,0.527834,0.084094,0.044306,0.521988,0.005674,0.462290,0.004015
D:\homework\lund\CS_project\dataset_split\heightmap\Wood__elm_wood_planks_33_76_height.jpg,Wood,30.093541,0.761874,0.612277,0.544950,0.950160,0.692007,0.093284,3.500000,0.019621
D:\homework\lund\CS_project\dataset_split\heightmap\Wood__elm_wood_planks_33_77_height.jpg,Wood,55.817870,0.663174,0.509548,0.487600,1.019102,0.668215,0.118279,3.367734,0.033672
D:\homework\lund\CS_project\dataset_split\heightmap\Wood__fine_wood_pbr_18_01_height.jpg,Wood,0.520723,0.773307,0.410002,0.554814,0.099095,0.498199,0.011167,0.691205,0.005097
D:\homework\lund\CS_project\dataset_split\heightmap\Wood__fine_wood_pbr_18_06_height.jpg,Wood,0.297000,0.853649,0.521453,0.623770,0.057405,0.497919,0.008722,0.691205,0.003243
D:\homework\lund\CS_project\dataset_split\heightmap\Wood__fine_wood_pbr_18_07_height.jpg,Wood,0.348296,0.838192,0.629204,0.282250,0.061221,0.498073,0.006960,0.576938,0.004105
D:\homework\lund\CS_project\dataset_split\heightmap\Wood__fine_wood_pbr_18_08_height.jpg,Wood,0.312024,0.853504,0.690663,0.127293,0.045318,0.498112,0.005875,0.576938,0.004202
D:\homework\lund\CS_project\dataset_split\heightmap\Wood__fine_wood_pbr_18_09_height.jpg,Wood,0.020343,0.989831,0.979045,0.056344,0.022571,0.498477,0.003009,0.231872,0.002137
D:\homework\lund\CS_project\dataset_split\heightmap\Wood__fine_wood_pbr_18_11_height.jpg,Wood,0.027856,0.986088,0.970797,0.090394,0.025265,0.498247,0.003231,0.231872,0.002125
D:\homework\lund\CS_project\dataset_split\heightmap\Wood__fine_wood_pbr_18_12_height.jpg,Wood,0.034645,0.982731,0.964266,0.067296,0.027056,0.498166,0.003374,0.231872,0.002317
D:\homework\lund\CS_project\dataset_split\heightmap\Wood__fine_wood_pbr_18_14_height.jpg,Wood,0.158227,0.921706,0.819557,0.231096,0.026550,0.498020,0.004633,0.462290,0.002593
D:\homework\lund\CS_project\dataset_split\heightmap\Wood__fine_wood_pbr_18_17_height.jpg,Wood,0.025996,0.987002,0.972303,0.113630,0.019807,0.498229,0.003051,0.231872,0.001747
D:\homework\lund\CS_project\dataset_split\heightmap\Wood__fine_wood_pbr_18_27_height.jpg,Wood,0.400355,0.819364,0.613585,0.150736,0.045672,0.497375,0.006710,0.462290,0.004655
D:\homework\lund\CS_project\dataset_split\heightmap\Wood__fine_wood_pbr_18_33_height.jpg,Wood,0.000821,0.999589,0.999167,0.028377,0.010998,0.498406,0.002101,0.231872,0.001273
D:\homework\lund\CS_project\dataset_split\heightmap\Wood__fine_wood_pbr_18_39_height.jpg,Wood,0.078817,0.960623,0.912229,0.177066,0.030315,0.498241,0.003654,0.347266,0.002351
D:\homework\lund\CS_project\dataset_split\heightmap\Wood__fine_wood_pbr_18_40_height.jpg,Wood,0.175696,0.912698,0.807026,0.157269,0.035578,0.497405,0.004446,0.347266,0.003024
D:\homework\lund\CS_project\dataset_split\heightmap\Wood__fine_wood_pbr_18_42_height.jpg,Wood,0.033729,0.983143,0.964404,0.098760,0.023857,0.498231,0.003122,0.347266,0.002055
D:\homework\lund\CS_project\dataset_split\heightmap\Wood__fine_wood_pbr_18_44_height.jpg,Wood,0.009678,0.995161,0.990029,0.056651,0.012639,0.498549,0.002469,0.347266,0.001653
D:\homework\lund\CS_project\dataset_split\heightmap\Wood__fine_wood_pbr_18_49_height.jpg,Wood,0.039726,0.980137,0.957521,0.117759,0.019260,0.498358,0.003173,0.347266,0.002025
D:\homework\lund\CS_project\dataset_split\heightmap\Wood__fine_wood_pbr_18_51_height.jpg,Wood,0.163726,0.918440,0.813193,0.200885,0.027563,0.497157,0.004272,0.347266,0.002750
D:\homework\lund\CS_project\dataset_split\heightmap\Wood__fine_wood_pbr_18_76_height.jpg,Wood,0.321559,0.846042,0.442928,0.765061,0.104591,0.498296,0.012279,0.805082,0.003311
D:\homework\lund\CS_project\dataset_split\heightmap\Wood__fine_wood_pbr_18_83_height.jpg,Wood,0.173232,0.919890,0.796474,0.452329,0.104322,0.498126,0.006077,0.805082,0.002764
D:\homework\lund\CS_project\dataset_split\heightmap\Wood__fine_wood_pbr_18_88_height.jpg,Wood,0.151521,0.924296,0.814909,0.318887,0.026044,0.498808,0.005034,0.347266,0.002217
D:\homework\lund\CS_project\dataset_split\heightmap\Wood__fine_wood_pbr_18_93_height.jpg,Wood,0.325753,0.850287,0.544663,0.576469,0.112344,0.498284,0.008646,0.805082,0.003409
D:\homework\lund\CS_project\dataset_split\heightmap\Wood__fine_wood_pbr_18_96_height.jpg,Wood,0.032034,0.983983,0.964539,0.172603,0.021681,0.498348,0.003231,0.231872,0.001809
D:\homework\lund\CS_project\dataset_split\heightmap\Wood__generic_wood_33_01_height.jpg,Wood,1.028460,0.668745,0.383303,0.111348,0.144051,0.484670,0.011099,0.918564,0.008098
D:\homework\lund\CS_project\dataset_split\heightmap\Wood__generic_wood_33_02_height.jpg,Wood,0.933083,0.683898,0.409600,0.085073,0.134931,0.484580,0.010311,0.805082,0.007788
D:\homework\lund\CS_project\dataset_split\heightmap\Wood__green_painted_old_wood_09_height.png,Wood,0.276476,0.886549,0.747126,0.227568,0.092576,0.500896,0.006320,0.805082,0.003539
D:\homework\lund\CS_project\dataset_split\heightmap\Wood__green_painted_wood_08_height.png,Wood,0.236325,0.887080,0.324057,0.964700,0.181010,0.501371,0.028259,1.256566,0.002548
D:\homework\lund\CS_project\dataset_split\heightmap\Wood__green_painted_wood_33_56_height.jpg,Wood,4.251294,0.480397,0.178393,0.337810,0.395553,0.488236,0.027752,1.590737,0.016406
D:\homework\lund\CS_project\dataset_split\heightmap\Wood__green_painted_wood_height.png,Wood,0.545101,0.789832,0.457189,0.475975,0.299873,0.511376,0.010341,1.590737,0.005013
D:\homework\lund\CS_project\dataset_split\heightmap\Wood__green_painted_wooden_planks_pbr_18_59_height.jpg,Wood,1.785999,0.800311,0.599827,0.386579,0.336225,0.577395,0.018521,1.590737,0.006563
D:\homework\lund\CS_project\dataset_split\heightmap\Wood__green_painted_wooden_planks_pbr_18_61_height.jpg,Wood,3.369067,0.784962,0.567503,0.292305,0.430673,0.577375,0.023924,2.029940,0.008272
D:\homework\lund\CS_project\dataset_split\heightmap\Wood__grey_wood_08_height.png,Wood,0.584895,0.781953,0.495899,0.357347,0.276196,0.497960,0.009745,1.479786,0.005411
D:\homework\lund\CS_project\dataset_split\heightmap\Wood__grey_wooden_planks_pbr_18_58_height.jpg,Wood,2.566443,0.788480,0.461899,0.538141,0.472241,0.559757,0.026335,1.811278,0.007062
D:\homework\lund\CS_project\dataset_split\heightmap\Wood__grey_wooden_planks_pbr_18_74_height.jpg,Wood,3.475039,0.781881,0.454772,0.708439,0.406855,0.539577,0.037915,1.590737,0.006883
D:\homework\lund\CS_project\dataset_split\heightmap\Wood__light oak_wood_33_03_height.jpg,Wood,1.193882,0.645650,0.356225,0.093126,0.135740,0.484790,0.011954,0.918564,0.008509
D:\homework\lund\CS_project\dataset_split\heightmap\Wood__light_fine_wood_pbr_18_03_height.jpg,Wood,1.139132,0.675700,0.284301,0.583167,0.173296,0.493716,0.017792,1.031644,0.006875
D:\homework\lund\CS_project\dataset_split\heightmap\Wood__light_fine_wood_pbr_18_04_height.jpg,Wood,0.192589,0.903973,0.579553,0.755883,0.056680,0.498079,0.009031,0.576938,0.002563
D:\homework\lund\CS_project\dataset_split\heightmap\Wood__light_fine_wood_pbr_18_100_height.jpg,Wood,0.262781,0.871672,0.692323,0.306293,0.051187,0.498162,0.006161,0.576938,0.003462
D:\homework\lund\CS_project\dataset_split\heightmap\Wood__light_fine_wood_pbr_18_13_height.jpg,Wood,0.000314,0.999843,0.999682,0.027621,0.010724,0.498993,0.002263,0.231872,0.001303
D:\homework\lund\CS_project\dataset_split\heightmap\Wood__light_fine_wood_pbr_18_15_height.jpg,Wood,0.000023,0.999988,0.999977,-0.000012,0.009357,0.498856,0.001870,0.231872,0.000969
D:\homework\lund\CS_project\dataset_split\heightmap\Wood__light_fine_wood_pbr_18_21_height.jpg,Wood,0.004728,0.997636,0.995157,0.046276,0.018657,0.498305,0.002482,0.231872,0.001651
D:\homework\lund\CS_project\dataset_split\heightmap\Wood__light_fine_wood_pbr_18_22_height.jpg,Wood,0.005755,0.997123,0.994154,0.030783,0.012639,0.498520,0.002652,0.231872,0.001638
D:\homework\lund\CS_project\dataset_split\heightmap\Wood__light_fine_wood_pbr_18_24_height.jpg,Wood,0.014861,0.992570,0.984654,0.060579,0.018987,0.498266,0.002810,0.231872,0.001924
D:\homework\lund\CS_project\dataset_split\heightmap\Wood__light_fine_wood_pbr_18_25_height.jpg,Wood,0.000008,0.999996,0.999992,-0.000004,0.009357,0.499327,0.002021,0.231872,0.001390
D:\homework\lund\CS_project\dataset_split\heightmap\Wood__light_fine_wood_pbr_18_28_height.jpg,Wood,0.063845,0.968080,0.929984,0.154459,0.021244,0.498745,0.003576,0.347266,0.002315
D:\homework\lund\CS_project\dataset_split\heightmap\Wood__light_fine_wood_pbr_18_30_height.jpg,Wood,0.032782,0.983609,0.965366,0.098781,0.012639,0.497840,0.002798,0.347266,0.001888
D:\homework\lund\CS_project\dataset_split\heightmap\Wood__light_fine_wood_pbr_18_32_height.jpg,Wood,0.006367,0.996816,0.993348,0.081824,0.011818,0.498866,0.002384,0.231872,0.001614
D:\homework\lund\CS_project\dataset_split\heightmap\Wood__light_fine_wood_pbr_18_37_height.jpg,Wood,0.063546,0.968233,0.923883,0.272083,0.021873,0.498518,0.003736,0.347266,0.002295
D:\homework\lund\CS_project\dataset_split\heightmap\Wood__light_fine_wood_pbr_18_41_height.jpg,Wood,0.146709,0.927015,0.840224,0.146411,0.038642,0.497696,0.004294,0.347266,0.002887
D:\homework\lund\CS_project\dataset_split\heightmap\Wood__light_oplar_wood_33_29_height.jpg,Wood,0.448979,0.781204,0.517882,0.141593,0.044852,0.523337,0.006895,0.462290,0.004945
D:\homework\lund\CS_project\dataset_split\heightmap\Wood__light_pecan_wood_33_24_height.jpg,Wood,0.438954,0.782982,0.528471,0.100744,0.041926,0.522019,0.005271,0.462290,0.003912
D:\homework\lund\CS_project\dataset_split\heightmap\Wood__light_pine_wood_33_15_height.jpg,Wood,1.147310,0.651709,0.362495,0.099114,0.126173,0.528530,0.011731,0.805082,0.008024
D:\homework\lund\CS_project\dataset_split\heightmap\Wood__light_pine_wood_33_16_height.jpg,Wood,1.039907,0.666826,0.380526,0.105563,0.104768,0.527137,0.011113,0.805082,0.007561
D:\homework\lund\CS_project\dataset_split\heightmap\Wood__light_shiny_wood_1_67_height.png,Wood,0.092459,0.954172,0.874551,0.434355,0.042498,0.499665,0.004569,0.576938,0.001785
D:\homework\lund\CS_project\dataset_split\heightmap\Wood__light_shiny_wood_2_71_height.png,Wood,0.360589,0.863819,0.622227,0.475145,0.171192,0.499462,0.008559,1.031644,0.003318
D:\homework\lund\CS_project\dataset_split\heightmap\Wood__light_shiny_wood_3_85_height.png,Wood,0.186036,0.916628,0.475704,0.887320,0.175880,0.528676,0.013708,1.256566,0.002164
D:\homework\lund\CS_project\dataset_split\heightmap\Wood__light_shiny_wood_4_89_height.png,Wood,0.032795,0.983602,0.921287,0.740254,0.021995,0.499891,0.004395,0.347266,0.000604
D:\homework\lund\CS_project\dataset_split\heightmap\Wood__light_wood_1_02_height.png,Wood,0.144570,0.928788,0.845880,0.149021,0.040489,0.499085,0.004724,0.347266,0.003015
D:\homework\lund\CS_project\dataset_split\heightmap\Wood__light_wood_2_13_height.png,Wood,0.175013,0.912494,0.670665,0.569986,0.018931,0.509928,0.003933,0.347266,0.001493
D:\homework\lund\CS_project\dataset_split\heightmap\Wood__light_wood_3_15_height.png,Wood,0.497272,0.823430,0.343941,0.842160,0.508126,0.512611,0.019307,2.184141,0.003784
D:\homework\lund\CS_project\dataset_split\heightmap\Wood__light_wood_4_16_height.png,Wood,0.706005,0.775525,0.250896,0.914471,0.442536,0.511730,0.031711,1.811278,0.004787
D:\homework\lund\CS_project\dataset_split\heightmap\Wood__light_wood_5_17_height.png,Wood,0.359340,0.874947,0.429422,0.921916,0.394158,0.512162,0.023337,1.811278,0.002623
D:\homework\lund\CS_project\dataset_split\heightmap\Wood__light_wood_6_21_height.png,Wood,0.123148,0.956652,0.733264,0.877330,0.177120,0.499623,0.010421,1.144314,0.000936
D:\homework\lund\CS_project\dataset_split\heightmap\Wood__light_wood_7_38_height.png,Wood,0.123167,0.938818,0.513036,0.906362,0.057759,0.499256,0.011938,0.576938,0.001282
D:\homework\lund\CS_project\dataset_split\heightmap\Wood__light_wood_8_77_height.png,Wood,0.260616,0.880397,0.561087,0.577070,0.158031,0.538660,0.006385,1.144314,0.002159
D:\homework\lund\CS_project\dataset_split\heightmap\Wood__mahogany_wood_33_44_height.jpg,Wood,0.439409,0.786697,0.522613,0.148026,0.046917,0.521992,0.006315,0.462290,0.004420
D:\homework\lund\CS_project\dataset_split\heightmap\Wood__mahogany_wood_33_45_height.jpg,Wood,0.456523,0.779687,0.534023,0.095989,0.045318,0.521586,0.006404,0.462290,0.004515
D:\homework\lund\CS_project\dataset_split\heightmap\Wood__mahogany_wood_33_46_height.jpg,Wood,0.425858,0.790636,0.533285,0.137149,0.042008,0.521828,0.005747,0.462290,0.004062
D:\homework\lund\CS_project\dataset_split\heightmap\Wood__mahogany_wood_33_47_height.jpg,Wood,0.442172,0.783571,0.545724,0.083449,0.039983,0.521440,0.005950,0.462290,0.004088
D:\homework\lund\CS_project\dataset_split\heightmap\Wood__mahogany_wood_planks_33_92_height.jpg,Wood,129.174312,0.655883,0.235240,0.622566,2.819250,0.824621,0.208575,5.449699,0.046870
D:\homework\lund\CS_project\dataset_split\heightmap\Wood__mahogany_wood_planks_33_93_height.jpg,Wood,54.851825,0.312857,0.059181,0.814953,4.367590,0.560245,0.193843,5.374160,0.036394
D:\homework\lund\CS_project\dataset_split\heightmap\Wood__mahogany_wood_planks_33_94_height.jpg,Wood,127.134873,0.232833,0.060296,0.563508,3.690048,0.547472,0.192051,5.104641,0.065083
D:\homework\lund\CS_project\dataset_split\heightmap\Wood__maple_wood_33_40_height.jpg,Wood,0.443207,0.783360,0.513004,0.149470,0.044579,0.523294,0.006440,0.462290,0.004334
D:\homework\lund\CS_project\dataset_split\heightmap\Wood__maple_wood_33_41_height.jpg,Wood,0.411874,0.800052,0.530255,0.187783,0.046861,0.521835,0.006069,0.462290,0.004119
D:\homework\lund\CS_project\dataset_split\heightmap\Wood__maple_wood_33_42_height.jpg,Wood,0.455023,0.776076,0.524531,0.087095,0.043428,0.524458,0.006211,0.462290,0.004406
D:\homework\lund\CS_project\dataset_split\heightmap\Wood__maple_wood_33_43_height.jpg,Wood,0.467685,0.770109,0.522195,0.062956,0.046877,0.524502,0.005986,0.347266,0.004246
D:\homework\lund\CS_project\dataset_split\heightmap\Wood__maple_wood_planks_33_91_height.jpg,Wood,87.413118,0.678771,0.290488,0.747054,2.448902,0.815369,0.210485,5.625000,0.033923
D:\homework\lund\CS_project\dataset_split\heightmap\Wood__mossy_old_wood_08_height.png,Wood,0.721453,0.744907,0.248171,0.887146,0.344470,0.497063,0.027696,1.780028,0.005830
D:\homework\lund\CS_project\dataset_split\heightmap\Wood__multi_color_pecan_wood_33_22_height.jpg,Wood,0.439003,0.783448,0.527329,0.107922,0.043526,0.522023,0.005467,0.347266,0.003988
D:\homework\lund\CS_project\dataset_split\heightmap\Wood__oak_wood_33_04_height.jpg,Wood,1.512007,0.603363,0.318021,0.078448,0.160901,0.574324,0.013530,0.918564,0.010523
D:\homework\lund\CS_project\dataset_split\heightmap\Wood__oak_wood_planks_33_75_height.jpg,Wood,15.398497,0.558069,0.287267,0.289697,0.849330,0.561558,0.052501,2.642545,0.021227
D:\homework\lund\CS_project\dataset_split\heightmap\Wood__old_painted_wood_04_height.png,Wood,0.563652,0.775812,0.372880,0.678673,0.147348,0.238976,0.014013,0.918564,0.004923
D:\homework\lund\CS_project\dataset_split\heightmap\Wood__old_pine_wood_wood_33_52_height.jpg,Wood,3.033363,0.524047,0.225631,0.149937,0.270241,0.507662,0.020488,1.256566,0.012521
D:\homework\lund\CS_project\dataset_split\heightmap\Wood__old_studded_wood_04_height.png,Wood,1.229405,0.683865,0.253172,0.740561,0.289290,0.496184,0.023715,1.368393,0.007126
D:\homework\lund\CS_project\dataset_split\heightmap\Wood__old_wood_1_043_height.png,Wood,37.967685,0.285071,0.055953,0.612091,3.744670,0.480416,0.110847,5.202820,0.042527
D:\homework\lund\CS_project\dataset_split\heightmap\Wood__old_wood_1_048_height.png,Wood,0.598900,0.775981,0.311085,0.864471,0.197330,0.502481,0.022893,1.256566,0.005119
D:\homework\lund\CS_project\dataset_split\heightmap\Wood__old_wood_1_053_height.png,Wood,0.397507,0.816654,0.382835,0.792604,0.108172,0.497772,0.014747,0.805082,0.004428
D:\homework\lund\CS_project\dataset_split\heightmap\Wood__old_wood_1_060_height.png,Wood,1.023824,0.677560,0.316251,0.511660,0.304696,0.497116,0.015439,1.368393,0.008068
D:\homework\lund\CS_project\dataset_split\heightmap\Wood__old_wood_1_063_height.png,Wood,0.324424,0.853449,0.580021,0.564388,0.135039,0.498671,0.008794,0.805082,0.003357
D:\homework\lund\CS_project\dataset_split\heightmap\Wood__old_wood_1_06_height.png,Wood,0.644926,0.765500,0.350406,0.685134,0.272964,0.314375,0.015494,1.479786,0.005290
D:\homework\lund\CS_project\dataset_split\heightmap\Wood__old_wood_1_087_height.png,Wood,0.373297,0.822935,0.507954,0.524973,0.077086,0.497700,0.008840,0.691205,0.004048
D:\homework\lund\CS_project\dataset_split\heightmap\Wood__old_wood_1_094_height.png,Wood,0.905598,0.703609,0.265321,0.789557,0.272525,0.495904,0.022546,1.448536,0.007161
D:\homework\lund\CS_project\dataset_split\heightmap\Wood__old_wood_1_096_height.png,Wood,0.933536,0.712050,0.288481,0.757259,0.381404,0.496926,0.021285,1.701238,0.006655
D:\homework\lund\CS_project\dataset_split\heightmap\Wood__old_wood_2_08_height.png,Wood,1.923382,0.630891,0.170126,0.876766,0.741760,0.344572,0.045192,2.354228,0.009361
D:\homework\lund\CS_project\dataset_split\heightmap\Wood__old_wood_33_66_height.jpg,Wood,11.212503,0.360916,0.099250,0.504565,1.157498,0.459710,0.052798,2.673795,0.026331
D:\homework\lund\CS_project\dataset_split\heightmap\Wood__old_wood_33_67_height.jpg,Wood,2.334671,0.554054,0.224697,0.389568,0.338446,0.477056,0.021255,1.479786,0.011751
D:\homework\lund\CS_project\dataset_split\heightmap\Wood__old_wood_33_68_height.jpg,Wood,2.452743,0.550259,0.220335,0.393801,0.366551,0.477344,0.021900,1.479786,0.011818
D:\homework\lund\CS_project\dataset_split\heightmap\Wood__old_wood_33_69_height.jpg,Wood,3.093987,0.508168,0.171437,0.574542,0.512414,0.468448,0.029554,1.811278,0.013807
D:\homework\lund\CS_project\dataset_split\heightmap\Wood__old_wood_33_70_height.jpg,Wood,3.035849,0.511053,0.174490,0.557403,0.471844,0.470828,0.028710,1.701238,0.013699
D:\homework\lund\CS_project\dataset_split\heightmap\Wood__old_wood_3_09_height.png,Wood,0.607559,0.774881,0.369778,0.672061,0.224106,0.289679,0.014406,1.256566,0.005155
D:\homework\lund\CS_project\dataset_split\heightmap\Wood__old_wood_4_10_height.png,Wood,1.275854,0.675869,0.241523,0.749299,0.339797,0.495675,0.024760,1.479786,0.008073
D:\homework\lund\CS_project\dataset_split\heightmap\Wood__old_wood_5_11_height.png,Wood,2.047565,0.585084,0.197378,0.737598,0.581658,0.495115,0.030834,2.029940,0.010903
D:\homework\lund\CS_project\dataset_split\heightmap\Wood__old_wood_6_19_height.png,Wood,1.046123,0.685543,0.294256,0.625514,0.399634,0.511738,0.018042,1.701238,0.007495
D:\homework\lund\CS_project\dataset_split\heightmap\Wood__old_wood_7_36_height.png,Wood,0.474832,0.799344,0.280992,0.920471,0.223250,0.497502,0.026680,1.479786,0.004384
D:\homework\lund\CS_project\dataset_split\heightmap\Wood__old_wood_8_39_height.png,Wood,0.495256,0.788076,0.434375,0.556682,0.108087,0.498495,0.010796,0.805082,0.004733
D:\homework\lund\CS_project\dataset_split\heightmap\Wood__old_wood_9_40_height.png,Wood,1.160320,0.683522,0.304585,0.527418,0.300284,0.497435,0.016813,1.479786,0.007620
D:\homework\lund\CS_project\dataset_split\heightmap\Wood__old_wood_pbr_18_77_height.jpg,Wood,0.980307,0.699403,0.336298,0.447823,0.159131,0.495382,0.014139,0.918564,0.007400
D:\homework\lund\CS_project\dataset_split\heightmap\Wood__old_wood_pbr_18_78_height.jpg,Wood,0.298822,0.856233,0.627620,0.416719,0.065625,0.498342,0.007077,0.576938,0.003699
D:\homework\lund\CS_project\dataset_split\heightmap\Wood__old_wood_pbr_18_79_height.jpg,Wood,0.428345,0.814717,0.575497,0.289113,0.115189,0.497235,0.007752,0.918564,0.004795
D:\homework\lund\CS_project\dataset_split\heightmap\Wood__old_wood_pbr_18_80_height.jpg,Wood,1.304677,0.642990,0.305137,0.364116,0.225418,0.943532,0.015286,1.182271,0.009202
D:\homework\lund\CS_project\dataset_split\heightmap\Wood__old_wood_pbr_18_87_height.jpg,Wood,0.919874,0.729440,0.327020,0.659966,0.248850,0.496697,0.017828,1.256566,0.006475
D:\homework\lund\CS_project\dataset_split\heightmap\Wood__old_wood_pbr_18_90_height.jpg,Wood,0.455761,0.803530,0.474945,0.493828,0.146194,0.496496,0.009532,0.805082,0.004404
D:\homework\lund\CS_project\dataset_split\heightmap\Wood__old_wood_pbr_18_91_height.jpg,Wood,0.538168,0.785931,0.461800,0.501686,0.197279,0.496879,0.010720,1.031644,0.005282
D:\homework\lund\CS_project\dataset_split\heightmap\Wood__old_wood_pbr_18_92_height.jpg,Wood,0.579057,0.762418,0.406462,0.488618,0.098492,0.496912,0.010940,0.805082,0.005630
D:\homework\lund\CS_project\dataset_split\heightmap\Wood__old_wood_pbr_18_98_height.jpg,Wood,0.700652,0.739020,0.414614,0.408748,0.162402,0.497243,0.011216,1.031644,0.006331
D:\homework\lund\CS_project\dataset_split\heightmap\Wood__old_wood_planks_33_71_height.jpg,Wood,28.457142,0.629783,0.307226,0.581809,1.248777,0.602296,0.093407,3.194923,0.021726
D:\homework\lund\CS_project\dataset_split\heightmap\Wood__old_wood_planks_33_72_height.jpg,Wood,31.414988,0.552510,0.233180,0.555573,1.246346,0.568323,0.094837,3.091917,0.025921
D:\homework\lund\CS_project\dataset_split\heightmap\Wood__old_wood_planks_33_74_height.jpg,Wood,26.009947,0.548005,0.223733,0.552664,1.142334,0.543212,0.086005,2.884043,0.024346
D:\homework\lund\CS_project\dataset_split\heightmap\Wood__old_wood_planks_33_97_height.jpg,Wood,171.390134,0.538059,0.187375,0.215828,2.553813,0.821482,0.165831,5.084323,0.073755
D:\homework\lund\CS_project\dataset_split\heightmap\Wood__old_wooden_planks_1_25_height.png,Wood,0.675273,0.785591,0.369994,0.744657,0.264914,0.498068,0.017514,1.368393,0.004773
D:\homework\lund\CS_project\dataset_split\heightmap\Wood__old_wooden_planks_2_37_height.png,Wood,2.724720,0.619905,0.171181,0.801527,1.183289,0.497986,0.040988,3.194923,0.010026
D:\homework\lund\CS_project\dataset_split\heightmap\Wood__old_wooden_planks_3_92_height.png,Wood,49.791035,0.317715,0.072118,0.443568,2.605104,0.474457,0.106001,3.994032,0.047363
D:\homework\lund\CS_project\dataset_split\heightmap\Wood__orange_painted_old_wood_01_height.png,Wood,1.235303,0.686517,0.273675,0.721613,0.509264,0.497980,0.022986,1.920849,0.007389
D:\homework\lund\CS_project\dataset_split\heightmap\Wood__orange_painted_wood_1_55_height.png,Wood,0.374056,0.853699,0.421579,0.811956,0.273148,0.498627,0.015029,1.368393,0.003428
D:\homework\lund\CS_project\dataset_split\heightmap\Wood__orange_painted_wood_2_59_height.png,Wood,0.318571,0.867075,0.457820,0.875596,0.227988,0.499018,0.017388,1.256566,0.003046
D:\homework\lund\CS_project\dataset_split\heightmap\Wood__orange_painted_wood_33_55_height.jpg,Wood,4.345996,0.467636,0.174106,0.311806,0.390995,0.487115,0.027531,1.479786,0.017065
D:\homework\lund\CS_project\dataset_split\heightmap\Wood__orange_painted_wood_33_60_height.jpg,Wood,2.523689,0.555738,0.230981,0.361172,0.349468,0.496119,0.021596,1.479786,0.012102
D:\homework\lund\CS_project\dataset_split\heightmap\Wood__orange_painted_wood_planks_33_95_height.jpg,Wood,125.178912,0.514705,0.171128,0.284214,2.354722,0.814344,0.148820,4.914268,0.060476
D:\homework\lund\CS_project\dataset_split\heightmap\Wood__orange_painted_wooden_planks_pbr_18_53_height.jpg,Wood,3.368850,0.776114,0.580778,0.710941,0.451657,0.624519,0.037836,1.811278,0.007811
D:\homework\lund\CS_project\dataset_split\heightmap\Wood__orange_painted_wooden_planks_pbr_18_57_height.jpg,Wood,2.658423,0.726347,0.411348,0.408491,0.391643,0.637905,0.022937,1.701238,0.008324
D:\homework\lund\CS_project\dataset_split\heightmap\Wood__orange_painted_wooden_planks_pbr_18_71_height.jpg,Wood,5.117418,0.721424,0.409498,0.811553,0.684996,0.554513,0.058828,2.354228,0.009135
D:\homework\lund\CS_project\dataset_split\heightmap\Wood__orange_painted_wooden_planks_pbr_18_86_height.jpg,Wood,9.334617,0.708986,0.477441,0.537625,0.378930,0.557034,0.049969,1.590737,0.013931
D:\homework\lund\CS_project\dataset_split\heightmap\Wood__painted_wood_02_height.png,Wood,0.725384,0.766462,0.360794,0.731998,0.201620,0.496990,0.017553,1.031644,0.005557
D:\homework\lund\CS_project\dataset_split\heightmap\Wood__pecan_wood_33_19_height.jpg,Wood,0.414078,0.795434,0.547877,0.126889,0.041775,0.521598,0.005268,0.462290,0.003758
D:\homework\lund\CS_project\dataset_split\heightmap\Wood__pecan_wood_33_20_height.jpg,Wood,0.427615,0.789871,0.518467,0.159050,0.043718,0.522378,0.005789,0.462290,0.004034
D:\homework\lund\CS_project\dataset_split\heightmap\Wood__pecan_wood_33_21_height.jpg,Wood,0.432145,0.786860,0.520774,0.137417,0.041502,0.522264,0.005652,0.462290,0.004029
D:\homework\lund\CS_project\dataset_split\heightmap\Wood__pecan_wood_cladding_33_86_height.jpg,Wood,26.639769,0.586386,0.110722,0.665004,2.248638,0.638769,0.100448,3.468750,0.026532
D:\homework\lund\CS_project\dataset_split\heightmap\Wood__pecan_wood_planks_33_81_height.jpg,Wood,53.604672,0.679845,0.517303,0.363838,0.832042,0.694074,0.103233,3.194923,0.033815
D:\homework\lund\CS_project\dataset_split\heightmap\Wood__pecan_wood_planks_33_82_height.jpg,Wood,16.017699,0.910418,0.870295,0.247763,0.333988,0.725466,0.051982,2.567818,0.011832
D:\homework\lund\CS_project\dataset_split\heightmap\Wood__pine_wood_planks_33_78_height.jpg,Wood,42.195494,0.641766,0.398531,0.511706,0.940751,0.675830,0.105917,3.367734,0.026411
D:\homework\lund\CS_project\dataset_split\heightmap\Wood__pine_wood_planks_33_79_height.jpg,Wood,26.398351,0.607423,0.358296,0.753576,0.819907,0.656325,0.117778,3.297285,0.021091
D:\homework\lund\CS_project\dataset_split\heightmap\Wood__pine_wood_planks_33_80_height.jpg,Wood,73.402918,0.534241,0.313294,0.312132,0.964307,0.659600,0.116681,3.194923,0.048593
D:\homework\lund\CS_project\dataset_split\heightmap\Wood__pink_painted_wood_05_height.png,Wood,0.143110,0.930424,0.655108,0.777627,0.098063,0.499626,0.007668,0.805082,0.001562
D:\homework\lund\CS_project\dataset_split\heightmap\Wood__plywood_07_height.png,Wood,3.195381,0.539508,0.210131,0.389202,0.586322,0.216261,0.024983,1.811278,0.014174
D:\homework\lund\CS_project\dataset_split\heightmap\Wood__plywood_33_98_height.jpg,Wood,0.415073,0.796140,0.532519,0.158561,0.043799,0.521822,0.005768,0.462290,0.004071
D:\homework\lund\CS_project\dataset_split\heightmap\Wood__plywood_side_33_100_height.jpg,Wood,0.554384,0.764532,0.493724,0.255644,0.059471,0.498144,0.008408,0.576938,0.005398
D:\homework\lund\CS_project\dataset_split\heightmap\Wood__poplar_wood_33_30_height.jpg,Wood,0.401344,0.805681,0.530340,0.220943,0.045865,0.521929,0.006360,0.462290,0.004183
D:\homework\lund\CS_project\dataset_split\heightmap\Wood__poplar_wood_33_31_height.jpg,Wood,0.439203,0.785898,0.533569,0.125127,0.043840,0.521837,0.005956,0.462290,0.003874
D:\homework\lund\CS_project\dataset_split\heightmap\Wood__poplar_wood_33_32_height.jpg,Wood,0.442090,0.784592,0.531781,0.121254,0.044579,0.521899,0.005937,0.462290,0.003873
D:\homework\lund\CS_project\dataset_split\heightmap\Wood__poplar_wood_cladding_33_87_height.jpg,Wood,25.366292,0.504433,0.098136,0.643520,2.372635,0.618071,0.094969,3.668645,0.027644
D:\homework\lund\CS_project\dataset_split\heightmap\Wood__poplar_wood_planks_33_88_height.jpg,Wood,33.358300,0.423972,0.088566,0.862778,2.128532,0.415630,0.175428,4.738897,0.026852
D:\homework\lund\CS_project\dataset_split\heightmap\Wood__purple_painted_wood_04_height.png,Wood,0.289406,0.872043,0.490388,0.804716,0.120973,0.530014,0.012314,0.918564,0.002656
D:\homework\lund\CS_project\dataset_split\heightmap\Wood__purple_painted_wood_33_64_height.jpg,Wood,2.117100,0.568674,0.239930,0.334491,0.282454,0.475322,0.019279,1.256566,0.011235
D:\homework\lund\CS_project\dataset_split\heightmap\Wood__red_oak_wood_33_10_height.jpg,Wood,1.270079,0.631349,0.346409,0.083349,0.167506,0.562032,0.012290,0.918564,0.009551
D:\homework\lund\CS_project\dataset_split\heightmap\Wood__red_oak_wood_33_11_height.jpg,Wood,1.192640,0.642893,0.355171,0.097419,0.145087,0.547792,0.011965,0.918564,0.009106
D:\homework\lund\CS_project\dataset_split\heightmap\Wood__red_oak_wood_33_12_height.jpg,Wood,1.298937,0.628355,0.340979,0.087288,0.135101,0.549137,0.012468,0.918564,0.009595
D:\homework\lund\CS_project\dataset_split\heightmap\Wood__red_painted_old_wood_08_height.png,Wood,0.311191,0.865854,0.650193,0.451192,0.125010,0.500733,0.007826,0.918564,0.003357
D:\homework\lund\CS_project\dataset_split\heightmap\Wood__red_painted_pine_wood_33_53_height.jpg,Wood,3.542905,0.501079,0.213357,0.138157,0.251734,0.509658,0.022063,1.144314,0.013545
D:\homework\lund\CS_project\dataset_split\heightmap\Wood__red_painted_wood_1_18_height.png,Wood,4.023550,0.565375,0.199168,0.517871,1.070277,0.529668,0.031752,2.747958,0.013973
D:\homework\lund\CS_project\dataset_split\heightmap\Wood__red_painted_wood_2_31_height.png,Wood,0.157818,0.921159,0.769513,0.484587,0.025538,0.498393,0.005404,0.462290,0.002297
D:\homework\lund\CS_project\dataset_split\heightmap\Wood__red_painted_wood_33_57_height.jpg,Wood,4.922795,0.464695,0.174717,0.291349,0.400189,0.495474,0.028868,1.479786,0.015841
D:\homework\lund\CS_project\dataset_split\heightmap\Wood__red_painted_wood_3_88_height.png,Wood,0.024243,0.989364,0.974786,0.438832,0.051280,0.500126,0.003631,0.576938,0.000797
D:\homework\lund\CS_project\dataset_split\heightmap\Wood__red_painted_wooden_planks_pbr_18_52_height.jpg,Wood,2.537329,0.652918,0.251478,0.736808,0.524900,0.567156,0.034088,1.780028,0.008987
D:\homework\lund\CS_project\dataset_split\heightmap\Wood__red_painted_wooden_planks_pbr_18_54_height.jpg,Wood,4.582247,0.768817,0.526788,0.579029,0.432559,0.615447,0.036810,1.590737,0.008901
D:\homework\lund\CS_project\dataset_split\heightmap\Wood__red_painted_wooden_planks_pbr_18_56_height.jpg,Wood,4.159092,0.699037,0.365927,0.435124,0.484479,0.572182,0.029679,2.029940,0.010024
D:\homework\lund\CS_project\dataset_split\heightmap\Wood__red_painted_wooden_planks_pbr_18_60_height.jpg,Wood,2.518156,0.816021,0.625431,0.398674,0.422327,0.570188,0.022014,2.029940,0.006303
D:\homework\lund\CS_project\dataset_split\heightmap\Wood__red_painted_wooden_planks_pbr_18_63_height.jpg,Wood,3.999175,0.786625,0.434629,0.549380,0.759928,0.578922,0.032610,2.246641,0.007714
D:\homework\lund\CS_project\dataset_split\heightmap\Wood__red_painted_wooden_planks_pbr_18_70_height.jpg,Wood,4.405429,0.749191,0.432976,0.794703,0.637523,0.601186,0.051131,2.246641,0.008466
D:\homework\lund\CS_project\dataset_split\heightmap\Wood__red_painted_wooden_planks_pbr_18_73_height.jpg,Wood,5.304407,0.784322,0.541135,0.764069,0.479749,0.557176,0.052037,1.920849,0.008202
D:\homework\lund\CS_project\dataset_split\heightmap\Wood__red_shiny_wood_01_height.png,Wood,0.071147,0.964426,0.883380,0.558229,0.021995,0.500053,0.004816,0.347266,0.001027
D:\homework\lund\CS_project\dataset_split\heightmap\Wood__red_wooden_planks_02_height.png,Wood,8.557807,0.632684,0.189101,0.716721,1.099411,0.490208,0.061385,2.884043,0.012177
D:\homework\lund\CS_project\dataset_split\heightmap\Wood__rough_wooden_planks_pbr_18_66_height.jpg,Wood,2.810138,0.717870,0.319179,0.746278,0.801224,0.566214,0.036565,2.673795,0.008039
D:\homework\lund\CS_project\dataset_split\heightmap\Wood__shiny_wood_04_height.png,Wood,0.168159,0.916357,0.519643,0.902400,0.072051,0.510729,0.014037,0.805082,0.001839
D:\homework\lund\CS_project\dataset_split\heightmap\Wood__shiny_wood_05_height.png,Wood,0.128419,0.935791,0.836633,0.319083,0.012639,0.240522,0.002831,0.347266,0.001501
D:\homework\lund\CS_project\dataset_split\heightmap\Wood__shiny_wood_1_23_height.png,Wood,0.159818,0.920133,0.595595,0.784238,0.054104,0.499782,0.008221,0.576938,0.001655
D:\homework\lund\CS_project\dataset_split\heightmap\Wood__shiny_wood_2_45_height.png,Wood,0.135143,0.932977,0.404096,0.962599,0.082229,0.500655,0.020663,0.805082,0.001461
D:\homework\lund\CS_project\dataset_split\heightmap\Wood__shiny_wood_3_height.png,Wood,0.218191,0.893546,0.428002,0.897944,0.087455,0.499194,0.015651,0.918564,0.002136
D:\homework\lund\CS_project\dataset_split\heightmap\Wood__sonoma_oak_wood_33_06_height.jpg,Wood,1.109616,0.653033,0.371324,0.073703,0.139041,0.547558,0.011334,0.805082,0.008627
D:\homework\lund\CS_project\dataset_split\heightmap\Wood__sonoma_oak_wood_33_07_height.jpg,Wood,1.115730,0.653146,0.367655,0.090590,0.131683,0.541585,0.011477,0.918564,0.008732
D:\homework\lund\CS_project\dataset_split\heightmap\Wood__sonoma_oak_wood_33_08_height.jpg,Wood,1.164478,0.646166,0.359419,0.087775,0.139782,0.549390,0.011747,0.918564,0.009046
D:\homework\lund\CS_project\dataset_split\heightmap\Wood__sonoma_oak_wood_33_09_height.jpg,Wood,1.471419,0.608345,0.324365,0.075385,0.170504,0.574136,0.013285,0.918564,0.010497
D:\homework\lund\CS_project\dataset_split\heightmap\Wood__teak_wood_33_33_height.jpg,Wood,0.409163,0.802177,0.522698,0.219153,0.046958,0.522232,0.006417,0.462290,0.004292
D:\homework\lund\CS_project\dataset_split\heightmap\Wood__teak_wood_33_34_height.jpg,Wood,0.446691,0.783201,0.521568,0.135604,0.046917,0.522214,0.006272,0.462290,0.004177
D:\homework\lund\CS_project\dataset_split\heightmap\Wood__teak_wood_33_35_height.jpg,Wood,0.399341,0.803736,0.539321,0.187723,0.044057,0.521779,0.005648,0.462290,0.003730
D:\homework\lund\CS_project\dataset_split\heightmap\Wood__teak_wood_planks_33_84_height.jpg,Wood,78.522595,0.589809,0.435029,0.446868,0.517095,0.654352,0.133189,3.163673,0.044668
D:\homework\lund\CS_project\dataset_split\heightmap\Wood__teak_wood_planks_33_85_height.jpg,Wood,120.775915,0.370308,0.196490,0.272974,0.632190,0.582226,0.145392,3.091917,0.071579
D:\homework\lund\CS_project\dataset_split\heightmap\Wood__two_color_painted_wood_33_63_height.jpg,Wood,2.165308,0.565384,0.244978,0.309088,0.283321,0.466892,0.019129,1.225316,0.011465
D:\homework\lund\CS_project\dataset_split\heightmap\Wood__varnished_pine_wood_33_17_height.jpg,Wood,1.124680,0.655323,0.368002,0.106406,0.148476,0.527618,0.011644,0.805082,0.008187
D:\homework\lund\CS_project\dataset_split\heightmap\Wood__varnished_pine_wood_33_18_height.jpg,Wood,1.138847,0.651899,0.362760,0.101807,0.126857,0.527463,0.011698,0.805082,0.008037
D:\homework\lund\CS_project\dataset_split\heightmap\Wood__walnut_wood_33_36_height.jpg,Wood,0.418087,0.793678,0.541244,0.136058,0.042008,0.521730,0.005494,0.462290,0.003718
D:\homework\lund\CS_project\dataset_split\heightmap\Wood__walnut_wood_33_37_height.jpg,Wood,0.444321,0.780818,0.517173,0.125024,0.042787,0.523725,0.005943,0.347266,0.004297
D:\homework\lund\CS_project\dataset_split\heightmap\Wood__walnut_wood_33_38_height.jpg,Wood,0.416443,0.795952,0.536605,0.160061,0.044579,0.521747,0.005859,0.462290,0.004063
D:\homework\lund\CS_project\dataset_split\heightmap\Wood__walnut_wood_33_39_height.jpg,Wood,0.411692,0.797744,0.545276,0.145694,0.044796,0.521538,0.005642,0.462290,0.003981
D:\homework\lund\CS_project\dataset_split\heightmap\Wood__walnut_wood_planks_33_83_height.jpg,Wood,101.879968,0.504278,0.363422,0.369336,0.489690,0.632048,0.141927,3.091917,0.058112
D:\homework\lund\CS_project\dataset_split\heightmap\Wood__walnut_wood_planks_33_89_height.jpg,Wood,89.732874,0.312755,0.083338,0.647543,2.518008,0.411339,0.179608,4.827209,0.050907
D:\homework\lund\CS_project\dataset_split\heightmap\Wood__walnut_wood_planks_33_90_height.jpg,Wood,130.523574,0.263221,0.078907,0.516154,2.615629,0.452437,0.184864,4.827209,0.068131
D:\homework\lund\CS_project\dataset_split\heightmap\Wood__washed_oak_wood_33_05_height.jpg,Wood,1.478692,0.606063,0.321484,0.075563,0.144324,0.574028,0.013327,0.918564,0.010352
D:\homework\lund\CS_project\dataset_split\heightmap\Wood__white_fine_wood_pbr_18_02_height.jpg,Wood,0.624084,0.762921,0.373307,0.604630,0.119366,0.497283,0.013178,0.805082,0.005140
D:\homework\lund\CS_project\dataset_split\heightmap\Wood__white_fine_wood_pbr_18_19_height.jpg,Wood,0.007206,0.996397,0.992509,0.073348,0.012639,0.498852,0.002615,0.231872,0.001748
D:\homework\lund\CS_project\dataset_split\heightmap\Wood__white_fine_wood_pbr_18_31_height.jpg,Wood,0.002845,0.998578,0.997069,0.057509,0.012365,0.498911,0.002383,0.231872,0.001656
D:\homework\lund\CS_project\dataset_split\heightmap\Wood__white_fine_wood_pbr_18_97_height.jpg,Wood,0.341754,0.838121,0.581451,0.434621,0.059142,0.498235,0.007719,0.576938,0.003272
D:\homework\lund\CS_project\dataset_split\heightmap\Wood__white_painted_old_wood_04_height.png,Wood,2.414454,0.579900,0.246127,0.404514,0.508800,0.496452,0.021932,1.701238,0.012070
D:\homework\lund\CS_project\dataset_split\heightmap\Wood__white_painted_wood_33_58_height.jpg,Wood,2.594332,0.551575,0.225379,0.322092,0.352111,0.499999,0.021220,1.479786,0.011755
D:\homework\lund\CS_project\dataset_split\heightmap\Wood__white_painted_wood_33_62_height.jpg,Wood,2.141004,0.552705,0.240185,0.273117,0.260749,0.463536,0.018529,1.256566,0.012162
D:\homework\lund\CS_project\dataset_split\heightmap\Wood__white_painted_wood_pbr_18_46_height.jpg,Wood,0.000015,0.999992,0.999985,-0.000008,0.009357,0.498552,0.001747,0.231872,0.001223
D:\homework\lund\CS_project\dataset_split\heightmap\Wood__white_painted_wooden_planks_pbr_18_82_height.jpg,Wood,3.583141,0.817631,0.672751,0.510350,0.428672,0.549318,0.029186,1.811278,0.007285
D:\homework\lund\CS_project\dataset_split\heightmap\Wood__white_painted_wooden_planks_pbr_18_84_height.jpg,Wood,4.630498,0.649005,0.338542,0.508733,0.351098,0.538831,0.033917,1.590737,0.012136
D:\homework\lund\CS_project\dataset_split\heightmap\Wood__white_painted_wooden_planks_pbr_18_85_height.jpg,Wood,4.894265,0.651739,0.336708,0.553984,0.357267,0.537287,0.036281,1.479786,0.011732
D:\homework\lund\CS_project\dataset_split\heightmap\Wood__wood 01_height.png,Wood,0.466900,0.820907,0.216241,0.975749,0.343655,0.503871,0.048330,2.354228,0.003339
D:\homework\lund\CS_project\dataset_split\heightmap\Wood__wood 02_height.png,Wood,1.694918,0.666371,0.135551,0.964166,0.621507,0.519743,0.076227,3.194923,0.006973
D:\homework\lund\CS_project\dataset_split\heightmap\Wood__wood 03_height.png,Wood,0.553987,0.801478,0.220227,0.966572,0.272448,0.499135,0.045084,1.920849,0.003632
D:\homework\lund\CS_project\dataset_split\heightmap\Wood__wood 04_height.png,Wood,0.345560,0.848052,0.267467,0.969312,0.207641,0.494032,0.036849,1.701238,0.002747
D:\homework\lund\CS_project\dataset_split\heightmap\Wood__wood 05_height.png,Wood,0.460737,0.815256,0.281249,0.934171,0.229648,0.502551,0.029002,1.701238,0.003418
D:\homework\lund\CS_project\dataset_split\heightmap\Wood__wood 06_height.png,Wood,0.617493,0.780551,0.241417,0.940276,0.240600,0.502069,0.035441,1.811278,0.004073
D:\homework\lund\CS_project\dataset_split\heightmap\Wood__wood 07_height.png,Wood,0.517503,0.806947,0.237584,0.956093,0.233188,0.503015,0.037771,1.701238,0.003542
D:\homework\lund\CS_project\dataset_split\heightmap\Wood__wood 08_height.png,Wood,0.604658,0.781458,0.217457,0.961958,0.295265,0.505315,0.044066,2.029940,0.004459
D:\homework\lund\CS_project\dataset_split\heightmap\Wood__wood 09_height.png,Wood,0.574378,0.798462,0.185070,0.980668,0.394876,0.519217,0.060221,2.461292,0.003725
D:\homework\lund\CS_project\dataset_split\heightmap\Wood__wood 10_height.png,Wood,0.467795,0.814361,0.254824,0.956293,0.233907,0.499917,0.035927,1.811278,0.003517
D:\homework\lund\CS_project\dataset_split\heightmap\Wood__wood 11_height.png,Wood,1.226606,0.690810,0.138709,0.975373,0.835167,0.526183,0.078392,3.798727,0.006333
D:\homework\lund\CS_project\dataset_split\heightmap\Wood__wood 12_height.png,Wood,1.500579,0.695365,0.218675,0.872420,0.461893,0.508471,0.037724,2.138541,0.006559
D:\homework\lund\CS_project\dataset_split\heightmap\Wood__wood 13_height.png,Wood,0.275314,0.873124,0.356954,0.939674,0.188317,0.497154,0.023318,1.701238,0.002429
D:\homework\lund\CS_project\dataset_split\heightmap\Wood__wood 14_height.png,Wood,0.284438,0.868060,0.276441,0.971192,0.184889,0.505763,0.034566,1.479786,0.002493
D:\homework\lund\CS_project\dataset_split\heightmap\Wood__wood 15_height.png,Wood,0.231495,0.887312,0.357792,0.947284,0.100658,0.510333,0.022781,1.031644,0.002131
D:\homework\lund\CS_project\dataset_split\heightmap\Wood__wood 16_height.png,Wood,0.258666,0.877155,0.322900,0.957429,0.149523,0.514925,0.026908,1.590737,0.002229
D:\homework\lund\CS_project\dataset_split\heightmap\Wood__wood 17_height.png,Wood,0.241918,0.890080,0.256361,0.986641,0.220844,0.567881,0.046883,1.920849,0.002015
D:\homework\lund\CS_project\dataset_split\heightmap\Wood__wood 18_height.png,Wood,0.324364,0.852051,0.363558,0.884438,0.116039,0.519729,0.018041,0.918564,0.003033
D:\homework\lund\CS_project\dataset_split\heightmap\Wood__wood 19_height.png,Wood,0.407158,0.831024,0.219921,0.978114,0.224572,0.516955,0.047642,1.811278,0.003074
D:\homework\lund\CS_project\dataset_split\heightmap\Wood__wood 20_height.png,Wood,0.229520,0.888674,0.323789,0.958500,0.111881,0.513595,0.025601,1.144314,0.002115
D:\homework\lund\CS_project\dataset_split\heightmap\Wood__wood 21_height.png,Wood,0.313556,0.860112,0.234294,0.983861,0.259889,0.534374,0.048596,2.029940,0.002502
D:\homework\lund\CS_project\dataset_split\heightmap\Wood__wood 22_height.png,Wood,0.176973,0.912134,0.481961,0.903546,0.088356,0.509645,0.014432,0.918564,0.001852
D:\homework\lund\CS_project\dataset_split\heightmap\Wood__wood 23_height.png,Wood,0.300190,0.859786,0.258600,0.974970,0.194513,0.528845,0.038108,1.590737,0.002667
D:\homework\lund\CS_project\dataset_split\heightmap\Wood__wood 24_height.png,Wood,0.232707,0.890813,0.289833,0.974473,0.147297,0.514322,0.033145,1.368393,0.002099
D:\homework\lund\CS_project\dataset_split\heightmap\Wood__wood 25_height.png,Wood,0.469270,0.815344,0.247423,0.956608,0.288395,0.530715,0.036119,1.920849,0.003454
D:\homework\lund\CS_project\dataset_split\heightmap\Wood__wood 26_height.png,Wood,0.235544,0.884881,0.379387,0.928951,0.104730,0.507365,0.019739,1.031644,0.002271
D:\homework\lund\CS_project\dataset_split\heightmap\Wood__wood 27_height.png,Wood,0.363151,0.848826,0.203678,0.988252,0.282609,0.560175,0.061860,2.354228,0.002754
D:\homework\lund\CS_project\dataset_split\heightmap\Wood__wood 28_height.png,Wood,0.220661,0.892884,0.279308,0.981804,0.181750,0.559011,0.038409,1.590737,0.002052
D:\homework\lund\CS_project\dataset_split\heightmap\Wood__wood 29_height.png,Wood,0.367427,0.841552,0.294756,0.950374,0.216298,0.521481,0.029824,1.590737,0.003068
D:\homework\lund\CS_project\dataset_split\heightmap\Wood__wood_1_049_height.png,Wood,0.359177,0.838000,0.426375,0.771026,0.140643,0.500718,0.013250,0.918564,0.003538
D:\homework\lund\CS_project\dataset_split\heightmap\Wood__wood_1_050_height.png,Wood,0.473527,0.793424,0.393172,0.687600,0.164508,0.496179,0.012808,1.031644,0.004616
D:\homework\lund\CS_project\dataset_split\heightmap\Wood__wood_1_051_height.png,Wood,0.363908,0.829856,0.450408,0.644501,0.092563,0.497306,0.010258,0.691205,0.003937
D:\homework\lund\CS_project\dataset_split\heightmap\Wood__wood_1_056_height.png,Wood,0.491577,0.798122,0.454292,0.644059,0.155718,0.498127,0.012349,0.918564,0.004898
D:\homework\lund\CS_project\dataset_split\heightmap\Wood__wood_1_062_height.png,Wood,0.337243,0.852193,0.572155,0.593139,0.234594,0.498655,0.009362,1.368393,0.003458
D:\homework\lund\CS_project\dataset_split\heightmap\Wood__wood_1_064_height.png,Wood,0.417871,0.825334,0.463085,0.673466,0.205687,0.499473,0.011787,1.256566,0.003813
D:\homework\lund\CS_project\dataset_split\heightmap\Wood__wood_1_065_height.png,Wood,0.390622,0.821080,0.285088,0.933938,0.204839,0.500427,0.026610,1.368393,0.004044
D:\homework\lund\CS_project\dataset_split\heightmap\Wood__wood_1_066_height.png,Wood,0.327751,0.841735,0.446263,0.712735,0.093422,0.499238,0.010888,0.805082,0.003255
D:\homework\lund\CS_project\dataset_split\heightmap\Wood__wood_1_076_height.png,Wood,0.143476,0.928307,0.763840,0.581539,0.025032,0.499378,0.005691,0.462290,0.001977
D:\homework\lund\CS_project\dataset_split\heightmap\Wood__wood_1_090_height.png,Wood,0.421366,0.822028,0.335676,0.873411,0.177160,0.501520,0.019753,1.144314,0.004024
D:\homework\lund\CS_project\dataset_split\heightmap\Wood__wood_1_22_height.png,Wood,0.425058,0.819897,0.441232,0.695281,0.161229,0.499546,0.012398,0.918564,0.004109
D:\homework\lund\CS_project\dataset_split\heightmap\Wood__wood_2_097_height.png,Wood,1.050734,0.675771,0.210964,0.855279,0.322540,0.497817,0.029547,1.590737,0.007951
D:\homework\lund\CS_project\dataset_split\heightmap\Wood__wood_2_26_height.png,Wood,0.304166,0.864079,0.682988,0.280625,0.086560,0.498452,0.006498,0.691205,0.003575
D:\homework\lund\CS_project\dataset_split\heightmap\Wood__wood_3_27_height.png,Wood,0.219151,0.890986,0.451354,0.867031,0.080356,0.499192,0.013471,0.691205,0.002407
D:\homework\lund\CS_project\dataset_split\heightmap\Wood__wood_4_33_height.png,Wood,0.306349,0.853407,0.534475,0.602321,0.086392,0.499420,0.008578,0.805082,0.003276
D:\homework\lund\CS_project\dataset_split\heightmap\Wood__wood_5_34_height.png,Wood,0.490271,0.801481,0.230836,0.967239,0.345179,0.497891,0.042975,1.920849,0.004149
D:\homework\lund\CS_project\dataset_split\heightmap\Wood__wood_6_35_height.png,Wood,0.377567,0.826120,0.369738,0.848017,0.130340,0.497735,0.016901,0.918564,0.003856
D:\homework\lund\CS_project\dataset_split\heightmap\Wood__wood_7_42_height.png,Wood,0.525013,0.778913,0.409749,0.574412,0.166453,0.497520,0.011493,0.918564,0.005197
D:\homework\lund\CS_project\dataset_split\heightmap\Wood__wood_8_46_height.png,Wood,0.679603,0.746349,0.260226,0.873273,0.282779,0.496452,0.025340,1.368393,0.005725
D:\homework\lund\CS_project\dataset_split\heightmap\Wood__wood_9_47_height.png,Wood,0.858184,0.730564,0.210112,0.918689,0.374740,0.496527,0.035750,1.811278,0.006058
D:\homework\lund\CS_project\dataset_split\heightmap\Wood__wooden_logs_33_73_height.jpg,Wood,28.737762,0.360252,0.120049,0.707294,0.641968,0.516145,0.110791,2.988285,0.032595
D:\homework\lund\CS_project\dataset_split\heightmap\Wood__wooden_planks_04_height.png,Wood,24.467064,0.358714,0.073148,0.646026,2.247766,0.480958,0.092840,4.280639,0.032531
D:\homework\lund\CS_project\dataset_split\heightmap\Wood__wooden_planks_2_73_height.png,Wood,32.905764,0.500867,0.159987,0.327529,1.499708,0.484957,0.078014,3.962782,0.028458
D:\homework\lund\CS_project\dataset_split\heightmap\Wood__wooden_planks_pbr_18_64_height.jpg,Wood,4.474210,0.769727,0.524417,0.853759,0.399641,0.594971,0.061428,1.701238,0.008678
D:\homework\lund\CS_project\dataset_split\heightmap\Wood__wooden_planks_pbr_18_65_height.jpg,Wood,6.250140,0.802940,0.479160,0.658456,0.649768,0.556372,0.048191,2.461292,0.008700
D:\homework\lund\CS_project\dataset_split\heightmap\Wood__wooden_planks_pbr_18_67_height.jpg,Wood,7.489277,0.687980,0.148663,0.850558,0.844285,0.495418,0.078307,2.354228,0.009228
D:\homework\lund\CS_project\dataset_split\heightmap\Wood__wooden_planks_pbr_18_68_height.jpg,Wood,2.260331,0.783179,0.467492,0.470854,0.404705,0.584458,0.022405,1.590737,0.006960
D:\homework\lund\CS_project\dataset_split\heightmap\Wood__wooden_planks_pbr_18_69_height.jpg,Wood,2.212256,0.773966,0.455730,0.327214,0.454192,0.583627,0.019658,2.172346,0.007310
D:\homework\lund\CS_project\dataset_split\heightmap\Wood__wooden_planks_pbr_18_72_height.jpg,Wood,8.642369,0.518951,0.200257,0.840156,0.863552,0.570925,0.082975,2.673795,0.014001
D:\homework\lund\CS_project\dataset_split\heightmap\Wood__wooden_planks_pbr_18_75_height.jpg,Wood,6.837711,0.633059,0.248282,0.794218,0.448777,0.528460,0.063899,1.701238,0.012452
D:\homework\lund\CS_project\dataset_split\heightmap\Wood__wooden_planks_pbr_18_81_height.jpg,Wood,1.394115,0.801905,0.484873,0.456986,0.231448,0.535211,0.017432,1.256566,0.005755
D:\homework\lund\CS_project\dataset_split\heightmap\Wood__wooden_planks_pbr_18_89_height.jpg,Wood,4.570357,0.749757,0.525134,0.312611,0.380579,0.495458,0.028458,1.590737,0.010590
D:\homework\lund\CS_project\dataset_split\heightmap\Wood__wooden_planks_pbr_18_95_height.jpg,Wood,3.407599,0.765503,0.396637,0.703566,0.370598,0.556469,0.037648,1.590737,0.007569
D:\homework\lund\CS_project\dataset_split\heightmap\Wood__wooden_planks_with_moss_pbr_18_62_height.jpg,Wood,2.464101,0.804001,0.407883,0.513530,0.390909,0.609345,0.024499,1.920849,0.006435
D:\homework\lund\CS_project\dataset_split\heightmap\Wood__worn_painted_wood_02_height.png,Wood,0.235691,0.899051,0.697169,0.520792,0.087417,0.499441,0.007409,0.691205,0.002758
D:\homework\lund\CS_project\dataset_split\heightmap\Wood__yellow_painted_pine_wood_33_51_height.jpg,Wood,3.471281,0.505402,0.214460,0.146406,0.239950,0.516236,0.021941,1.144314,0.013501
D:\homework\lund\CS_project\dataset_split\heightmap\Wood__yellow_painted_wood_07_height.png,Wood,0.200887,0.906302,0.761884,0.380928,0.075584,0.500942,0.005954,0.691205,0.002711
D:\homework\lund\CS_project\dataset_split\heightmap\Wood__yellow_painted_wood_33_65_height.jpg,Wood,2.131585,0.566487,0.237889,0.336680,0.278306,0.474595,0.019394,1.256566,0.011314
D:\homework\lund\CS_project\dataset_split\heightmap\Wood__yellow_painted_wooden_planks_pbr_18_99_height.jpg,Wood,3.337371,0.771009,0.499155,0.458988,0.377545,0.589848,0.027089,1.701238,0.007930
D:\homework\lund\CS_project\dataset_split\heightmap\Wood__yellow_wood_04_height.png,Wood,0.997119,0.699196,0.225138,0.856637,0.274300,0.496455,0.028799,1.256566,0.007246
