heightmap_id,category,terrace_steps,steps_4,steps_6,steps_8,steps_10,steps_12,steps_16,gamma,edge_sigma,morph_strength,contrast,homogeneity,energy,correlation,entropy,height_mean,height_std,hist_entropy,gradient_mean
Bark__bark 01_height,Bark,4,1,0,0,0,0,0,0.500000,0.500000,0.500000,20.734778,0.854397,0.588988,0.903517,1.200964,0.701219,0.163138,3.163673,0.011380
Bark__bark 01_height,Bark,4,1,0,0,0,0,0,0.500000,3.000000,2.000000,1.908377,0.842711,0.264748,0.983082,0.836216,0.808763,0.118332,2.461292,0.004086
Bark__bark 01_height,Bark,4,1,0,0,0,0,0,0.500000,4.500000,2.000000,1.284615,0.837729,0.212998,0.984084,0.711679,0.777850,0.099666,2.673795,0.003640
Bark__bark 01_height,Bark,4,1,0,0,0,0,0,0.500000,0.500000,2.000000,8.240709,0.941176,0.614299,0.959745,0.433795,0.859241,0.159039,1.590737,0.004483
Bark__bark 01_height,Bark,4,1,0,0,0,0,0,1.000000,1.500000,0.500000,13.408981,0.704325,0.253636,0.959499,3.572531,0.511613,0.203625,6.000000,0.012875
Bark__bark 01_height,Bark,4,1,0,0,0,0,0,1.000000,4.500000,2.000000,1.688110,0.857774,0.346017,0.982284,1.598606,0.642665,0.109509,4.649397,0.003658
Bark__bark 01_height,Bark,4,1,0,0,0,0,0,1.500000,0.500000,1.500000,14.262482,0.897739,0.534356,0.956101,1.080059,0.536462,0.202209,2.536568,0.007784
Bark__bark 01_height,Bark,4,1,0,0,0,0,0,1.500000,1.500000,2.000000,5.541605,0.870548,0.444247,0.976618,2.356925,0.592747,0.173142,4.527521,0.005551
Bark__bark 01_height,Bark,4,1,0,0,0,0,0,1.500000,3.000000,1.000000,6.427173,0.704796,0.226843,0.978388,3.224305,0.436798,0.192764,6.000000,0.009463
Bark__bark 01_height,Bark,4,1,0,0,0,0,0,2.000000,1.500000,2.000000,6.427051,0.840680,0.308075,0.976826,2.663232,0.517866,0.186395,5.084323,0.006640
Bark__bark 01_height,Bark,4,1,0,0,0,0,0,2.000000,4.500000,0.500000,8.018055,0.577743,0.145198,0.977675,3.175224,0.259051,0.212487,6.000000,0.012876
Bark__bark 01_height,Bark,6,0,1,0,0,0,0,0.500000,0.500000,0.500000,10.728905,0.827401,0.434626,0.939565,1.161905,0.707283,0.150063,3.767477,0.009684
Bark__bark 01_height,Bark,6,0,1,0,0,0,0,0.500000,3.000000,2.000000,0.852489,0.906021,0.512936,0.975688,0.814548,0.809146,0.065284,2.884043,0.002199
Bark__bark 01_height,Bark,6,0,1,0,0,0,0,0.500000,4.500000,2.000000,0.695550,0.889787,0.360890,0.981486,0.777741,0.791763,0.067794,2.988285,0.002291
Bark__bark 01_height,Bark,6,0,1,0,0,0,0,0.500000,0.500000,2.000000,2.753376,0.959556,0.815308,0.939595,0.339479,0.829660,0.073306,1.701238,0.002299
Bark__bark 01_height,Bark,6,0,1,0,0,0,0,1.000000,1.500000,0.500000,10.698261,0.608225,0.159294,0.966728,3.605919,0.504631,0.200555,5.968750,0.014125
Bark__bark 01_height,Bark,6,0,1,0,0,0,0,1.000000,4.500000,2.000000,1.585156,0.832283,0.190635,0.984199,1.496674,0.640597,0.113644,4.467070,0.004033
Bark__bark 01_height,Bark,6,0,1,0,0,0,0,1.500000,0.500000,1.500000,8.595661,0.862087,0.400986,0.967937,1.289869,0.540172,0.182966,3.865532,0.007485
Bark__bark 01_height,Bark,6,0,1,0,0,0,0,1.500000,1.500000,2.000000,3.872265,0.843383,0.353480,0.979663,2.415146,0.583276,0.154677,5.167141,0.005407
Bark__bark 01_height,Bark,6,0,1,0,0,0,0,1.500000,3.000000,1.000000,5.775587,0.679845,0.125168,0.980441,3.108198,0.427937,0.192042,5.925705,0.009447
Bark__bark 01_height,Bark,6,0,1,0,0,0,0,2.000000,1.500000,2.000000,4.754480,0.826311,0.251966,0.978838,2.846539,0.512718,0.167718,5.327820,0.006115
Bark__bark 01_height,Bark,6,0,1,0,0,0,0,2.000000,4.500000,0.500000,7.098472,0.570667,0.091290,0.978071,3.052966,0.267906,0.201342,5.937500,0.012237
Bark__bark 01_height,Bark,8,0,0,1,0,0,0,0.500000,0.500000,0.500000,8.854331,0.781959,0.324820,0.949004,1.229466,0.706770,0.146956,4.280639,0.010252
Bark__bark 01_height,Bark,8,0,0,1,0,0,0,0.500000,3.000000,2.000000,0.791823,0.882199,0.286606,0.982331,0.807742,0.814870,0.074284,2.884043,0.002507
Bark__bark 01_height,Bark,8,0,0,1,0,0,0,0.500000,4.500000,2.000000,0.690643,0.873196,0.226212,0.984425,0.798549,0.793132,0.074193,3.194923,0.002529
Bark__bark 01_height,Bark,8,0,0,1,0,0,0,0.500000,0.500000,2.000000,1.854836,0.947973,0.638543,0.958593,0.314780,0.841323,0.074329,1.669988,0.002297
Bark__bark 01_height,Bark,8,0,0,1,0,0,0,1.000000,1.500000,0.500000,9.375733,0.586981,0.102494,0.969644,3.607378,0.505753,0.196851,6.000000,0.013651
Bark__bark 01_height,Bark,8,0,0,1,0,0,0,1.000000,4.500000,2.000000,1.580392,0.831834,0.196983,0.984252,1.531706,0.634748,0.112913,4.467070,0.004002
Bark__bark 01_height,Bark,8,0,0,1,0,0,0,1.500000,0.500000,1.500000,7.103183,0.838700,0.338662,0.972490,1.351876,0.544889,0.180642,3.962782,0.007730
Bark__bark 01_height,Bark,8,0,0,1,0,0,0,1.500000,1.500000,2.000000,3.464062,0.826010,0.217636,0.980746,2.372526,0.593068,0.150160,4.827209,0.005405
Bark__bark 01_height,Bark,8,0,0,1,0,0,0,1.500000,3.000000,1.000000,5.733455,0.672133,0.102510,0.980551,3.120724,0.426823,0.192577,5.925705,0.009562
Bark__bark 01_height,Bark,8,0,0,1,0,0,0,2.000000,1.500000,2.000000,4.488166,0.814038,0.185344,0.980231,2.919958,0.502162,0.169240,5.522979,0.006178
Bark__bark 01_height,Bark,8,0,0,1,0,0,0,2.000000,4.500000,0.500000,6.782356,0.578090,0.088311,0.978207,3.023053,0.268950,0.197410,6.000000,0.011906
Bark__bark 01_height,Bark,10,0,0,0,1,0,0,0.500000,0.500000,0.500000,7.279793,0.743552,0.255716,0.956704,1.393869,0.706822,0.144281,4.185994,0.010262
Bark__bark 01_height,Bark,10,0,0,0,1,0,0,0.500000,3.000000,2.000000,0.713273,0.877560,0.240769,0.982580,0.738813,0.817896,0.071417,2.779208,0.002508
Bark__bark 01_height,Bark,10,0,0,0,1,0,0,0.500000,4.500000,2.000000,0.661276,0.873514,0.230790,0.984131,0.725630,0.793929,0.072001,2.988285,0.002513
Bark__bark 01_height,Bark,10,0,0,0,1,0,0,0.500000,0.500000,2.000000,1.602541,0.938071,0.573459,0.962760,0.342169,0.847964,0.072637,1.811278,0.002419
Bark__bark 01_height,Bark,10,0,0,0,1,0,0,1.000000,1.500000,0.500000,9.247588,0.576366,0.088350,0.970171,3.590375,0.505041,0.196985,5.968750,0.013721
Bark__bark 01_height,Bark,10,0,0,0,1,0,0,1.000000,4.500000,2.000000,1.597684,0.830228,0.200485,0.984571,1.548726,0.635206,0.114097,4.649397,0.004015
Bark__bark 01_height,Bark,10,0,0,0,1,0,0,1.500000,0.500000,1.500000,6.328447,0.819566,0.267616,0.975301,1.562464,0.540276,0.179071,3.994032,0.007738
Bark__bark 01_height,Bark,10,0,0,0,1,0,0,1.500000,1.500000,2.000000,3.322539,0.826699,0.225658,0.980496,2.370947,0.591942,0.145510,4.827209,0.005303
Bark__bark 01_height,Bark,10,0,0,0,1,0,0,1.500000,3.000000,1.000000,5.603656,0.673622,0.101628,0.980559,3.061920,0.426665,0.190360,5.875000,0.009435
Bark__bark 01_height,Bark,10,0,0,0,1,0,0,2.000000,1.500000,2.000000,4.231111,0.816580,0.202393,0.980471,2.842993,0.502582,0.164066,5.327820,0.005956
Bark__bark 01_height,Bark,10,0,0,0,1,0,0,2.000000,4.500000,0.500000,6.624823,0.581333,0.088920,0.978186,3.008394,0.268804,0.195028,5.968750,0.011730
Bark__bark 01_height,Bark,12,0,0,0,0,1,0,0.500000,0.500000,0.500000,6.513260,0.736127,0.249157,0.960096,1.424224,0.706026,0.142635,4.527521,0.010031
Bark__bark 01_height,Bark,12,0,0,0,0,1,0,0.500000,3.000000,2.000000,0.707016,0.876649,0.241253,0.983048,0.757590,0.813481,0.071348,2.779208,0.002503
Bark__bark 01_height,Bark,12,0,0,0,0,1,0,0.500000,4.500000,2.000000,0.651422,0.874621,0.237911,0.984333,0.750296,0.792015,0.071146,2.988285,0.002464
Bark__bark 01_height,Bark,12,0,0,0,0,1,0,0.500000,0.500000,2.000000,1.449835,0.918609,0.450135,0.970840,0.367751,0.846517,0.076340,1.920849,0.002606
Bark__bark 01_height,Bark,12,0,0,0,0,1,0,1.000000,1.500000,0.500000,9.161619,0.569971,0.079945,0.970490,3.606522,0.504684,0.197161,6.000000,0.013754
Bark__bark 01_height,Bark,12,0,0,0,0,1,0,1.000000,4.500000,2.000000,1.588777,0.830684,0.186916,0.984530,1.544499,0.634998,0.113742,4.649397,0.004004
Bark__bark 01_height,Bark,12,0,0,0,0,1,0,1.500000,0.500000,1.500000,5.965674,0.809007,0.268733,0.976603,1.728364,0.539383,0.177710,4.575102,0.007677
Bark__bark 01_height,Bark,12,0,0,0,0,1,0,1.500000,1.500000,2.000000,3.147967,0.825114,0.178569,0.981271,2.396004,0.590309,0.144764,4.914268,0.005196
Bark__bark 01_height,Bark,12,0,0,0,0,1,0,1.500000,3.000000,1.000000,5.523594,0.674406,0.103337,0.980775,3.050004,0.426189,0.190248,5.875000,0.009404
Bark__bark 01_height,Bark,12,0,0,0,0,1,0,2.000000,1.500000,2.000000,4.145203,0.814031,0.172938,0.980344,2.842655,0.502543,0.162362,5.405410,0.005943
Bark__bark 01_height,Bark,12,0,0,0,0,1,0,2.000000,4.500000,0.500000,6.529592,0.585478,0.090804,0.978021,2.925604,0.269285,0.192962,5.968750,0.011626
Bark__bark 01_height,Bark,16,0,0,0,0,0,1,0.500000,0.500000,0.500000,5.690422,0.691736,0.182513,0.964982,1.667555,0.705742,0.142414,4.851768,0.010143
Bark__bark 01_height,Bark,16,0,0,0,0,0,1,0.500000,3.000000,2.000000,0.686970,0.878454,0.243404,0.983074,0.788435,0.813897,0.071083,2.884043,0.002486
Bark__bark 01_height,Bark,16,0,0,0,0,0,1,0.500000,4.500000,2.000000,0.643631,0.875128,0.235412,0.984314,0.768582,0.791891,0.071419,3.091917,0.002477
Bark__bark 01_height,Bark,16,0,0,0,0,0,1,0.500000,0.500000,2.000000,1.031952,0.913166,0.449816,0.973564,0.464665,0.844464,0.068965,1.920849,0.002399
Bark__bark 01_height,Bark,16,0,0,0,0,0,1,1.000000,1.500000,0.500000,8.963266,0.570188,0.075674,0.970782,3.592758,0.504371,0.196142,5.968750,0.013607
Bark__bark 01_height,Bark,16,0,0,0,0,0,1,1.000000,4.500000,2.000000,1.541498,0.831243,0.185646,0.984612,1.506230,0.633828,0.112359,4.558771,0.003952
Bark__bark 01_height,Bark,16,0,0,0,0,0,1,1.500000,0.500000,1.500000,5.263461,0.791934,0.206253,0.978084,1.946195,0.540597,0.173242,4.795959,0.007495
Bark__bark 01_height,Bark,16,0,0,0,0,0,1,1.500000,1.500000,2.000000,3.079444,0.823325,0.189915,0.981082,2.354749,0.589536,0.142939,5.000000,0.005194
Bark__bark 01_height,Bark,16,0,0,0,0,0,1,1.500000,3.000000,1.000000,5.447863,0.676419,0.102542,0.980561,3.007513,0.425366,0.187994,5.875000,0.009336
Bark__bark 01_height,Bark,16,0,0,0,0,0,1,2.000000,1.500000,2.000000,4.116788,0.813928,0.157621,0.980268,2.806074,0.502461,0.161908,5.405410,0.005941
Bark__bark 01_height,Bark,16,0,0,0,0,0,1,2.000000,4.500000,0.500000,6.536229,0.584237,0.091282,0.978055,2.864768,0.269628,0.193165,6.000000,0.011624
Bark__bark 13_height,Bark,4,1,0,0,0,0,0,0.500000,0.500000,0.500000,18.512066,0.892523,0.588646,0.937471,0.882036,0.760943,0.191716,2.430042,0.009342
Bark__bark 13_height,Bark,4,1,0,0,0,0,0,0.500000,3.000000,2.000000,1.594627,0.892566,0.438731,0.990183,0.801237,0.885155,0.141036,2.461292,0.002910
Bark__bark 13_height,Bark,4,1,0,0,0,0,0,0.500000,4.500000,2.000000,1.200085,0.864268,0.305198,0.991809,0.653765,0.873910,0.134088,2.461292,0.003082
Bark__bark 13_height,Bark,4,1,0,0,0,0,0,0.500000,0.500000,2.000000,4.865373,0.968197,0.729101,0.973486,0.470334,0.900443,0.150029,1.479786,0.002564
Bark__bark 13_height,Bark,4,1,0,0,0,0,0,1.000000,1.500000,0.500000,12.395476,0.751151,0.341695,0.966913,3.039904,0.585511,0.216727,6.000000,0.011304
Bark__bark 13_height,Bark,4,1,0,0,0,0,0,1.000000,4.500000,2.000000,1.653804,0.847338,0.361383,0.984917,1.243524,0.703674,0.116434,3.994032,0.003766
Bark__bark 13_height,Bark,4,1,0,0,0,0,0,1.500000,0.500000,1.500000,10.981667,0.928766,0.607881,0.961734,0.938504,0.604471,0.189298,2.852793,0.005751
Bark__bark 13_height,Bark,4,1,0,0,0,0,0,1.500000,1.500000,2.000000,4.520363,0.891828,0.513899,0.978472,2.003817,0.638223,0.161199,4.558771,0.004531
Bark__bark 13_height,Bark,4,1,0,0,0,0,0,1.500000,3.000000,1.000000,5.718720,0.707027,0.196376,0.984244,2.855098,0.520275,0.213727,6.000000,0.009103
Bark__bark 13_height,Bark,4,1,0,0,0,0,0,2.000000,1.500000,2.000000,4.895470,0.884565,0.410786,0.981190,2.123023,0.572452,0.181585,4.707647,0.004820
Bark__bark 13_height,Bark,4,1,0,0,0,0,0,2.000000,4.500000,0.500000,7.132929,0.582010,0.140304,0.984478,2.761276,0.376524,0.241098,6.000000,0.012438
Bark__bark 13_height,Bark,6,0,1,0,0,0,0,0.500000,0.500000,0.500000,9.562259,0.866816,0.508283,0.949490,0.768468,0.754193,0.155222,3.194923,0.008115
Bark__bark 13_height,Bark,6,0,1,0,0,0,0,0.500000,3.000000,2.000000,0.934030,0.888439,0.563541,0.981639,0.593262,0.840387,0.077912,2.461292,0.002513
Bark__bark 13_height,Bark,6,0,1,0,0,0,0,0.500000,4.500000,2.000000,0.682074,0.877823,0.438932,0.985360,0.544109,0.833467,0.075162,2.461292,0.002452
Bark__bark 13_height,Bark,6,0,1,0,0,0,0,0.500000,0.500000,2.000000,3.181477,0.951422,0.706269,0.956467,0.298296,0.853834,0.092488,1.479786,0.002681
Bark__bark 13_height,Bark,6,0,1,0,0,0,0,1.000000,1.500000,0.500000,7.941318,0.681347,0.232794,0.977219,2.562758,0.590484,0.209015,5.726410,0.011087
Bark__bark 13_height,Bark,6,0,1,0,0,0,0,1.000000,4.500000,2.000000,1.063725,0.839677,0.244579,0.990351,1.115237,0.723330,0.117798,3.896782,0.003419
Bark__bark 13_height,Bark,6,0,1,0,0,0,0,1.500000,0.500000,1.500000,7.194740,0.888961,0.446559,0.970675,0.939863,0.599791,0.176101,3.699895,0.006333
Bark__bark 13_height,Bark,6,0,1,0,0,0,0,1.500000,1.500000,2.000000,2.920043,0.847559,0.331282,0.984459,1.735240,0.641074,0.153370,4.467070,0.004797
Bark__bark 13_height,Bark,6,0,1,0,0,0,0,1.500000,3.000000,1.000000,4.423869,0.665072,0.129595,0.986469,2.634325,0.516948,0.202254,5.968750,0.008994
Bark__bark 13_height,Bark,6,0,1,0,0,0,0,2.000000,1.500000,2.000000,3.175167,0.838338,0.279996,0.984840,2.286208,0.561676,0.162357,5.327820,0.005054
Bark__bark 13_height,Bark,6,0,1,0,0,0,0,2.000000,4.500000,0.500000,5.820379,0.562118,0.088115,0.985813,2.632180,0.376733,0.227681,6.000000,0.011753
Bark__bark 13_height,Bark,8,0,0,1,0,0,0,0.500000,0.500000,0.500000,7.003493,0.835891,0.410580,0.962252,0.783645,0.757009,0.152399,3.569061,0.007928
Bark__bark 13_height,Bark,8,0,0,1,0,0,0,0.500000,3.000000,2.000000,0.579659,0.896399,0.484891,0.986056,0.536172,0.847818,0.070724,2.354228,0.002100
Bark__bark 13_height,Bark,8,0,0,1,0,0,0,0.500000,4.500000,2.000000,0.465727,0.883673,0.359609,0.988849,0.512804,0.841089,0.071181,2.461292,0.002121
Bark__bark 13_height,Bark,8,0,0,1,0,0,0,0.500000,0.500000,2.000000,1.858245,0.951246,0.694149,0.958574,0.298433,0.854555,0.074263,1.590737,0.002225
Bark__bark 13_height,Bark,8,0,0,1,0,0,0,1.000000,1.500000,0.500000,6.622473,0.627963,0.153798,0.980688,2.616397,0.588507,0.207834,5.692946,0.011283
Bark__bark 13_height,Bark,8,0,0,1,0,0,0,1.000000,4.500000,2.000000,0.987191,0.821450,0.188279,0.990797,1.097751,0.716015,0.115823,3.896782,0.003612
Bark__bark 13_height,Bark,8,0,0,1,0,0,0,1.500000,0.500000,1.500000,5.360197,0.864837,0.371989,0.977073,0.964944,0.592359,0.171786,4.185994,0.006283
Bark__bark 13_height,Bark,8,0,0,1,0,0,0,1.500000,1.500000,2.000000,2.169124,0.829373,0.277215,0.986944,1.790477,0.640741,0.144770,4.707647,0.004580
Bark__bark 13_height,Bark,8,0,0,1,0,0,0,1.500000,3.000000,1.000000,4.015663,0.657478,0.099092,0.987330,2.515626,0.515478,0.199817,5.818599,0.008761
Bark__bark 13_height,Bark,8,0,0,1,0,0,0,2.000000,1.500000,2.000000,2.503501,0.813414,0.243070,0.987757,2.175909,0.559391,0.160475,5.167141,0.005051
Bark__bark 13_height,Bark,8,0,0,1,0,0,0,2.000000,4.500000,0.500000,5.559324,0.556045,0.073043,0.985973,2.589621,0.376973,0.223619,6.000000,0.011581
Bark__bark 13_height,Bark,10,0,0,0,1,0,0,0.500000,0.500000,0.500000,5.594066,0.806910,0.343587,0.968839,0.840207,0.756402,0.149178,3.398984,0.007881
Bark__bark 13_height,Bark,10,0,0,0,1,0,0,0.500000,3.000000,2.000000,0.460285,0.899386,0.386435,0.988671,0.552150,0.854019,0.070022,2.461292,0.001905
Bark__bark 13_height,Bark,10,0,0,0,1,0,0,0.500000,4.500000,2.000000,0.414956,0.885877,0.284828,0.989976,0.504325,0.846323,0.071575,2.567818,0.002028
Bark__bark 13_height,Bark,10,0,0,0,1,0,0,0.500000,0.500000,2.000000,1.198954,0.954091,0.631926,0.970871,0.311299,0.863547,0.071164,1.701238,0.001815
Bark__bark 13_height,Bark,10,0,0,0,1,0,0,1.000000,1.500000,0.500000,6.051529,0.606542,0.114901,0.982093,2.648954,0.588639,0.206215,5.726410,0.011195
Bark__bark 13_height,Bark,10,0,0,0,1,0,0,1.000000,4.500000,2.000000,0.946078,0.821569,0.180053,0.990855,1.097475,0.716182,0.114011,3.994032,0.003566
Bark__bark 13_height,Bark,10,0,0,0,1,0,0,1.500000,0.500000,1.500000,4.290280,0.836968,0.278895,0.981793,1.080251,0.594267,0.171252,4.090446,0.006293
Bark__bark 13_height,Bark,10,0,0,0,1,0,0,1.500000,1.500000,2.000000,1.835742,0.821400,0.202406,0.988312,1.782195,0.640310,0.141077,4.649397,0.004424
Bark__bark 13_height,Bark,10,0,0,0,1,0,0,1.500000,3.000000,1.000000,3.901621,0.657061,0.101067,0.987553,2.506055,0.514492,0.198924,5.818599,0.008668
Bark__bark 13_height,Bark,10,0,0,0,1,0,0,2.000000,1.500000,2.000000,2.375290,0.806455,0.207562,0.988540,2.214558,0.558539,0.161001,5.135891,0.005082
Bark__bark 13_height,Bark,10,0,0,0,1,0,0,2.000000,4.500000,0.500000,5.533453,0.555298,0.070310,0.986002,2.564972,0.378265,0.223237,5.968750,0.011569
Bark__bark 13_height,Bark,12,0,0,0,0,1,0,0.500000,0.500000,0.500000,4.873012,0.784564,0.302681,0.972235,0.856311,0.757337,0.147358,3.896782,0.007899
Bark__bark 13_height,Bark,12,0,0,0,0,1,0,0.500000,3.000000,2.000000,0.450244,0.885472,0.291319,0.989118,0.512529,0.853327,0.070543,2.461292,0.002089
Bark__bark 13_height,Bark,12,0,0,0,0,1,0,0.500000,4.500000,2.000000,0.418983,0.875728,0.228764,0.990200,0.496422,0.844286,0.071699,2.461292,0.002178
Bark__bark 13_height,Bark,12,0,0,0,0,1,0,0.500000,0.500000,2.000000,1.077463,0.939286,0.514144,0.973147,0.233537,0.864069,0.068428,1.590737,0.001936
Bark__bark 13_height,Bark,12,0,0,0,0,1,0,1.000000,1.500000,0.500000,5.827246,0.601521,0.111057,0.982656,2.667052,0.587749,0.205809,5.757660,0.011115
Bark__bark 13_height,Bark,12,0,0,0,0,1,0,1.000000,4.500000,2.000000,0.915509,0.824247,0.176757,0.991144,1.100236,0.715156,0.113951,3.994032,0.003488
Bark__bark 13_height,Bark,12,0,0,0,0,1,0,1.500000,0.500000,1.500000,3.753258,0.829277,0.277008,0.983707,1.144663,0.593077,0.169730,4.154744,0.006200
Bark__bark 13_height,Bark,12,0,0,0,0,1,0,1.500000,1.500000,2.000000,1.703907,0.820657,0.221664,0.988923,1.767690,0.640686,0.139715,4.649397,0.004339
Bark__bark 13_height,Bark,12,0,0,0,0,1,0,1.500000,3.000000,1.000000,3.898664,0.651315,0.094123,0.987751,2.512767,0.513848,0.200037,5.818599,0.008740
Bark__bark 13_height,Bark,12,0,0,0,0,1,0,2.000000,1.500000,2.000000,2.256065,0.799233,0.177788,0.989039,2.181251,0.559115,0.160512,5.167141,0.005090
Bark__bark 13_height,Bark,12,0,0,0,0,1,0,2.000000,4.500000,0.500000,5.509289,0.555356,0.068479,0.986063,2.566085,0.378334,0.223237,6.000000,0.011541
Bark__bark 13_height,Bark,16,0,0,0,0,0,1,0.500000,0.500000,0.500000,3.945072,0.739951,0.237570,0.977338,1.038635,0.756813,0.148091,3.798727,0.007977
Bark__bark 13_height,Bark,16,0,0,0,0,0,1,0.500000,3.000000,2.000000,0.406075,0.885621,0.314970,0.989159,0.510221,0.850752,0.068364,2.461292,0.002066
Bark__bark 13_height,Bark,16,0,0,0,0,0,1,0.500000,4.500000,2.000000,0.383821,0.881709,0.264749,0.990208,0.494164,0.843279,0.069666,2.461292,0.002113
Bark__bark 13_height,Bark,16,0,0,0,0,0,1,0.500000,0.500000,2.000000,0.800698,0.922067,0.453673,0.979289,0.319693,0.863662,0.068177,1.701238,0.001983
Bark__bark 13_height,Bark,16,0,0,0,0,0,1,1.000000,1.500000,0.500000,5.587532,0.590778,0.086415,0.983144,2.610637,0.587912,0.204519,5.757660,0.011042
Bark__bark 13_height,Bark,16,0,0,0,0,0,1,1.000000,4.500000,2.000000,0.888994,0.827172,0.175204,0.991194,1.088252,0.715201,0.113061,3.994032,0.003450
Bark__bark 13_height,Bark,16,0,0,0,0,0,1,1.500000,0.500000,1.500000,3.136187,0.789740,0.196380,0.986384,1.298353,0.594367,0.169461,4.649397,0.006316
Bark__bark 13_height,Bark,16,0,0,0,0,0,1,1.500000,1.500000,2.000000,1.626264,0.807398,0.172988,0.989794,1.774600,0.640891,0.141364,4.649397,0.004436
Bark__bark 13_height,Bark,16,0,0,0,0,0,1,1.500000,3.000000,1.000000,3.891982,0.650116,0.089792,0.987758,2.535151,0.514009,0.200166,5.818599,0.008761
Bark__bark 13_height,Bark,16,0,0,0,0,0,1,2.000000,1.500000,2.000000,2.169163,0.792100,0.156179,0.989513,2.223472,0.558782,0.161590,5.167141,0.005123
Bark__bark 13_height,Bark,16,0,0,0,0,0,1,2.000000,4.500000,0.500000,5.498283,0.556381,0.067703,0.986039,2.534523,0.378385,0.222933,5.968750,0.011528
Bark__bark 24_height,Bark,4,1,0,0,0,0,0,0.500000,0.500000,0.500000,17.338806,0.891825,0.565614,0.949551,1.115451,0.775738,0.206571,3.194923,0.008946
Bark__bark 24_height,Bark,4,1,0,0,0,0,0,0.500000,3.000000,2.000000,1.612904,0.878631,0.396875,0.988898,0.776467,0.884883,0.133163,2.461292,0.003181
Bark__bark 24_height,Bark,4,1,0,0,0,0,0,0.500000,4.500000,2.000000,1.183995,0.856842,0.295906,0.990870,0.619655,0.873350,0.125707,2.461292,0.003201
Bark__bark 24_height,Bark,4,1,0,0,0,0,0,0.500000,0.500000,2.000000,5.997811,0.955008,0.681957,0.966912,0.481859,0.896801,0.149136,1.590737,0.003325
Bark__bark 24_height,Bark,4,1,0,0,0,0,0,1.000000,1.500000,0.500000,11.231216,0.768037,0.369858,0.972787,3.056608,0.629004,0.227140,6.000000,0.010359
Bark__bark 24_height,Bark,4,1,0,0,0,0,0,1.000000,4.500000,2.000000,1.481594,0.850847,0.392583,0.986503,0.874353,0.739852,0.115946,2.884043,0.003554
Bark__bark 24_height,Bark,4,1,0,0,0,0,0,1.500000,0.500000,1.500000,12.587776,0.908520,0.551810,0.961059,1.077116,0.623566,0.201219,3.091917,0.006825
Bark__bark 24_height,Bark,4,1,0,0,0,0,0,1.500000,1.500000,2.000000,3.647924,0.892819,0.427025,0.972152,1.767501,0.688282,0.127985,4.154744,0.004030
Bark__bark 24_height,Bark,4,1,0,0,0,0,0,1.500000,3.000000,1.000000,5.575803,0.725132,0.226782,0.984879,2.757656,0.546559,0.215546,5.968750,0.008596
Bark__bark 24_height,Bark,4,1,0,0,0,0,0,2.000000,1.500000,2.000000,5.637509,0.855543,0.376441,0.979775,2.206849,0.574409,0.187855,4.558771,0.005913
Bark__bark 24_height,Bark,4,1,0,0,0,0,0,2.000000,4.500000,0.500000,6.129279,0.628562,0.159595,0.985653,2.710293,0.409297,0.232386,6.000000,0.010832
Bark__bark 24_height,Bark,6,0,1,0,0,0,0,0.500000,0.500000,0.500000,8.668104,0.878402,0.549274,0.963794,1.176875,0.779735,0.173170,4.512602,0.007230
Bark__bark 24_height,Bark,6,0,1,0,0,0,0,0.500000,3.000000,2.000000,0.785830,0.898440,0.517352,0.986240,0.382637,0.865503,0.082661,1.701238,0.002210
Bark__bark 24_height,Bark,6,0,1,0,0,0,0,0.500000,4.500000,2.000000,0.588484,0.888658,0.476547,0.987807,0.361556,0.857409,0.076649,1.811278,0.002202
Bark__bark 24_height,Bark,6,0,1,0,0,0,0,0.500000,0.500000,2.000000,2.752317,0.959967,0.681053,0.964377,0.252886,0.878399,0.094179,1.031644,0.002232
Bark__bark 24_height,Bark,6,0,1,0,0,0,0,1.000000,1.500000,0.500000,7.314361,0.706297,0.260314,0.980002,2.923466,0.618539,0.214668,5.937500,0.010229
Bark__bark 24_height,Bark,6,0,1,0,0,0,0,1.000000,4.500000,2.000000,1.071124,0.837927,0.239048,0.988276,0.838947,0.732278,0.107216,2.988285,0.003465
Bark__bark 24_height,Bark,6,0,1,0,0,0,0,1.500000,0.500000,1.500000,7.181029,0.884186,0.415246,0.971855,0.995699,0.614439,0.179959,3.767477,0.006420
Bark__bark 24_height,Bark,6,0,1,0,0,0,0,1.500000,1.500000,2.000000,2.313083,0.870602,0.349167,0.982106,1.571200,0.676785,0.127688,3.994032,0.003916
Bark__bark 24_height,Bark,6,0,1,0,0,0,0,1.500000,3.000000,1.000000,4.102757,0.703574,0.158936,0.987537,2.608461,0.545722,0.203805,5.968750,0.008029
Bark__bark 24_height,Bark,6,0,1,0,0,0,0,2.000000,1.500000,2.000000,3.055244,0.844021,0.305434,0.985643,1.904596,0.590486,0.164385,4.185994,0.004892
Bark__bark 24_height,Bark,6,0,1,0,0,0,0,2.000000,4.500000,0.500000,5.124551,0.601045,0.089924,0.987224,2.563297,0.414743,0.224880,5.968750,0.010446
Bark__bark 24_height,Bark,8,0,0,1,0,0,0,0.500000,0.500000,0.500000,6.809678,0.840981,0.437142,0.969900,1.151970,0.776501,0.168150,4.795959,0.007682
Bark__bark 24_height,Bark,8,0,0,1,0,0,0,0.500000,3.000000,2.000000,0.504490,0.900454,0.371514,0.982453,0.390437,0.869746,0.059176,1.811278,0.001945
Bark__bark 24_height,Bark,8,0,0,1,0,0,0,0.500000,4.500000,2.000000,0.440346,0.889771,0.285003,0.985154,0.354855,0.858994,0.060373,1.920849,0.002027
Bark__bark 24_height,Bark,8,0,0,1,0,0,0,0.500000,0.500000,2.000000,1.404083,0.960047,0.701225,0.955613,0.213221,0.888347,0.062748,1.256566,0.001753
Bark__bark 24_height,Bark,8,0,0,1,0,0,0,1.000000,1.500000,0.500000,5.912969,0.666174,0.183877,0.983381,2.868719,0.621142,0.211259,6.000000,0.010016
Bark__bark 24_height,Bark,8,0,0,1,0,0,0,1.000000,4.500000,2.000000,0.899582,0.846316,0.189761,0.989023,0.854242,0.736483,0.101536,3.091917,0.003148
Bark__bark 24_height,Bark,8,0,0,1,0,0,0,1.500000,0.500000,1.500000,5.409511,0.862219,0.353052,0.977650,0.984690,0.614462,0.174924,4.218139,0.006377
Bark__bark 24_height,Bark,8,0,0,1,0,0,0,1.500000,1.500000,2.000000,1.910616,0.847155,0.264226,0.985958,1.529279,0.675357,0.130816,3.896782,0.004012
Bark__bark 24_height,Bark,8,0,0,1,0,0,0,1.500000,3.000000,1.000000,3.865070,0.690201,0.121706,0.987989,2.540081,0.544789,0.201248,5.894455,0.008027
Bark__bark 24_height,Bark,8,0,0,1,0,0,0,2.000000,1.500000,2.000000,2.542525,0.826532,0.260997,0.986901,1.972718,0.593180,0.156589,4.467070,0.004835
Bark__bark 24_height,Bark,8,0,0,1,0,0,0,2.000000,4.500000,0.500000,5.034353,0.593752,0.076921,0.987456,2.543258,0.415270,0.225137,6.000000,0.010488
Bark__bark 24_height,Bark,10,0,0,0,1,0,0,0.500000,0.500000,0.500000,5.337881,0.823207,0.388772,0.974747,1.163148,0.775884,0.161811,4.249389,0.007289
Bark__bark 24_height,Bark,10,0,0,0,1,0,0,0.500000,3.000000,2.000000,0.480517,0.892799,0.341107,0.985087,0.357047,0.861796,0.062902,1.701238,0.002018
Bark__bark 24_height,Bark,10,0,0,0,1,0,0,0.500000,4.500000,2.000000,0.414187,0.888452,0.266322,0.987047,0.348084,0.853747,0.062369,1.811278,0.002025
Bark__bark 24_height,Bark,10,0,0,0,1,0,0,0.500000,0.500000,2.000000,1.399544,0.942515,0.592821,0.963294,0.237366,0.869514,0.068223,1.256566,0.002154
Bark__bark 24_height,Bark,10,0,0,0,1,0,0,1.000000,1.500000,0.500000,5.489234,0.649297,0.142879,0.984510,2.864421,0.620394,0.210884,6.000000,0.009971
Bark__bark 24_height,Bark,10,0,0,0,1,0,0,1.000000,4.500000,2.000000,0.883385,0.844918,0.216098,0.988961,0.850627,0.736255,0.100638,3.091917,0.003168
Bark__bark 24_height,Bark,10,0,0,0,1,0,0,1.500000,0.500000,1.500000,4.367461,0.844258,0.292110,0.981616,1.193042,0.619081,0.173279,4.090446,0.006182
Bark__bark 24_height,Bark,10,0,0,0,1,0,0,1.500000,1.500000,2.000000,1.778442,0.837933,0.242283,0.987037,1.500311,0.672351,0.131958,3.896782,0.004062
Bark__bark 24_height,Bark,10,0,0,0,1,0,0,1.500000,3.000000,1.000000,3.779603,0.686619,0.103805,0.988154,2.532530,0.544890,0.200553,5.968750,0.008002
Bark__bark 24_height,Bark,10,0,0,0,1,0,0,2.000000,1.500000,2.000000,2.408358,0.808270,0.206065,0.987484,1.935805,0.593254,0.155654,4.467070,0.004998
Bark__bark 24_height,Bark,10,0,0,0,1,0,0,2.000000,4.500000,0.500000,5.016696,0.591667,0.074763,0.987428,2.517639,0.415844,0.224428,6.000000,0.010519
Bark__bark 24_height,Bark,12,0,0,0,0,1,0,0.500000,0.500000,0.500000,4.629054,0.806632,0.343045,0.977971,1.263550,0.775349,0.161386,4.883018,0.007165
Bark__bark 24_height,Bark,12,0,0,0,0,1,0,0.500000,3.000000,2.000000,0.416943,0.899036,0.354307,0.984897,0.369118,0.865291,0.057962,1.811278,0.001884
Bark__bark 24_height,Bark,12,0,0,0,0,1,0,0.500000,4.500000,2.000000,0.379140,0.894006,0.269258,0.986871,0.365154,0.856457,0.059357,1.920849,0.001910
Bark__bark 24_height,Bark,12,0,0,0,0,1,0,0.500000,0.500000,2.000000,1.008943,0.939513,0.578740,0.967832,0.208955,0.875273,0.060156,1.479786,0.001872
Bark__bark 24_height,Bark,12,0,0,0,0,1,0,1.000000,1.500000,0.500000,5.328870,0.641459,0.128626,0.984918,2.861482,0.620704,0.210750,6.000000,0.009999
Bark__bark 24_height,Bark,12,0,0,0,0,1,0,1.000000,4.500000,2.000000,0.899202,0.841247,0.181241,0.989019,0.838367,0.735752,0.101622,3.091917,0.003213
Bark__bark 24_height,Bark,12,0,0,0,0,1,0,1.500000,0.500000,1.500000,3.988024,0.831234,0.285851,0.983347,1.225175,0.620119,0.173399,4.467070,0.006228
Bark__bark 24_height,Bark,12,0,0,0,0,1,0,1.500000,1.500000,2.000000,1.703336,0.826379,0.222311,0.987562,1.464033,0.672003,0.132212,3.798727,0.004197
Bark__bark 24_height,Bark,12,0,0,0,0,1,0,1.500000,3.000000,1.000000,3.768586,0.681756,0.092566,0.988294,2.499516,0.545172,0.201250,6.000000,0.008057
Bark__bark 24_height,Bark,12,0,0,0,0,1,0,2.000000,1.500000,2.000000,2.296570,0.808025,0.201726,0.988125,1.908971,0.592218,0.155380,4.343095,0.004890
Bark__bark 24_height,Bark,12,0,0,0,0,1,0,2.000000,4.500000,0.500000,4.962860,0.591945,0.073917,0.987485,2.521031,0.415705,0.223713,6.000000,0.010461
Bark__bark 24_height,Bark,16,0,0,0,0,0,1,0.500000,0.500000,0.500000,3.920218,0.769052,0.269346,0.981395,1.407672,0.775928,0.162493,5.296570,0.007280
Bark__bark 24_height,Bark,16,0,0,0,0,0,1,0.500000,3.000000,2.000000,0.368329,0.902303,0.298623,0.986917,0.369557,0.864347,0.058837,1.811278,0.001803
Bark__bark 24_height,Bark,16,0,0,0,0,0,1,0.500000,4.500000,2.000000,0.357052,0.897896,0.253279,0.987705,0.365844,0.855627,0.059608,1.920849,0.001851
Bark__bark 24_height,Bark,16,0,0,0,0,0,1,0.500000,0.500000,2.000000,0.715238,0.927462,0.440471,0.977622,0.223775,0.876978,0.060257,1.368393,0.001791
Bark__bark 24_height,Bark,16,0,0,0,0,0,1,1.000000,1.500000,0.500000,5.165611,0.626509,0.097678,0.985353,2.853316,0.620885,0.210842,5.968750,0.010034
Bark__bark 24_height,Bark,16,0,0,0,0,0,1,1.000000,4.500000,2.000000,0.892007,0.841330,0.187721,0.989067,0.836129,0.736210,0.101838,3.091917,0.003221
Bark__bark 24_height,Bark,16,0,0,0,0,0,1,1.500000,0.500000,1.500000,3.356414,0.804087,0.236156,0.985276,1.357971,0.618788,0.169839,4.764709,0.006188
Bark__bark 24_height,Bark,16,0,0,0,0,0,1,1.500000,1.500000,2.000000,1.620508,0.824399,0.188385,0.988352,1.472320,0.670190,0.132013,3.798727,0.004135
Bark__bark 24_height,Bark,16,0,0,0,0,0,1,1.500000,3.000000,1.000000,3.728685,0.684349,0.096333,0.988276,2.502068,0.544910,0.200447,6.000000,0.008003
Bark__bark 24_height,Bark,16,0,0,0,0,0,1,2.000000,1.500000,2.000000,2.271185,0.804066,0.158410,0.988115,1.941103,0.591999,0.155298,4.467070,0.004935
Bark__bark 24_height,Bark,16,0,0,0,0,0,1,2.000000,4.500000,0.500000,4.961561,0.590558,0.072689,0.987478,2.505206,0.415965,0.223514,6.000000,0.010456
Bark__bark 35_height,Bark,4,1,0,0,0,0,0,0.500000,0.500000,0.500000,23.606971,0.846707,0.573444,0.894890,1.145710,0.769793,0.166880,3.163673,0.012499
Bark__bark 35_height,Bark,4,1,0,0,0,0,0,0.500000,3.000000,2.000000,0.491028,0.935116,0.415019,0.988999,0.742641,0.959871,0.073670,2.461292,0.001285
Bark__bark 35_height,Bark,4,1,0,0,0,0,0,0.500000,4.500000,2.000000,0.498538,0.904077,0.286217,0.989468,0.605176,0.924975,0.075963,2.461292,0.001858
Bark__bark 35_height,Bark,4,1,0,0,0,0,0,0.500000,0.500000,2.000000,0.930850,0.993945,0.952516,0.974403,0.286000,0.985380,0.067428,1.144314,0.000487
Bark__bark 35_height,Bark,4,1,0,0,0,0,0,1.000000,1.500000,0.500000,15.485410,0.649828,0.240260,0.945534,3.651317,0.608572,0.189011,5.968750,0.015333
Bark__bark 35_height,Bark,4,1,0,0,0,0,0,1.000000,4.500000,2.000000,1.463495,0.837387,0.217547,0.984232,1.116254,0.771831,0.106501,3.500000,0.003825
Bark__bark 35_height,Bark,4,1,0,0,0,0,0,1.500000,0.500000,1.500000,10.357967,0.921682,0.629796,0.942645,0.884996,0.725480,0.151036,2.567818,0.005808
Bark__bark 35_height,Bark,4,1,0,0,0,0,0,1.500000,1.500000,2.000000,4.053251,0.860521,0.335210,0.976723,1.841493,0.762132,0.146488,4.527521,0.005013
Bark__bark 35_height,Bark,4,1,0,0,0,0,0,1.500000,3.000000,1.000000,6.733441,0.683225,0.156989,0.969054,2.707425,0.560958,0.165237,5.217098,0.010187
Bark__bark 35_height,Bark,4,1,0,0,0,0,0,2.000000,1.500000,2.000000,4.549952,0.871470,0.440015,0.972856,2.118918,0.711439,0.144205,4.527521,0.004955
Bark__bark 35_height,Bark,4,1,0,0,0,0,0,2.000000,4.500000,0.500000,10.173211,0.514764,0.082767,0.967456,3.194608,0.365554,0.198438,5.968750,0.015528
Bark__bark 35_height,Bark,6,0,1,0,0,0,0,0.500000,0.500000,0.500000,11.926340,0.817955,0.509830,0.916885,1.198030,0.778694,0.134617,3.896782,0.010494
Bark__bark 35_height,Bark,6,0,1,0,0,0,0,0.500000,3.000000,2.000000,0.652021,0.889893,0.233817,0.983829,0.455714,0.908900,0.070279,1.811278,0.002249
Bark__bark 35_height,Bark,6,0,1,0,0,0,0,0.500000,4.500000,2.000000,0.530788,0.885434,0.234286,0.984226,0.483496,0.880801,0.065205,2.246641,0.002236
Bark__bark 35_height,Bark,6,0,1,0,0,0,0,0.500000,0.500000,2.000000,1.611082,0.968002,0.696153,0.970688,0.221515,0.956200,0.079184,0.918564,0.001470
Bark__bark 35_height,Bark,6,0,1,0,0,0,0,1.000000,1.500000,0.500000,11.283352,0.582849,0.144957,0.956833,3.717919,0.605687,0.181245,6.000000,0.015052
Bark__bark 35_height,Bark,6,0,1,0,0,0,0,1.000000,4.500000,2.000000,0.941911,0.863153,0.227672,0.984799,1.069981,0.772451,0.087972,3.600311,0.002975
Bark__bark 35_height,Bark,6,0,1,0,0,0,0,1.500000,0.500000,1.500000,6.564852,0.890766,0.460815,0.957200,0.897915,0.722958,0.140866,3.091917,0.005996
Bark__bark 35_height,Bark,6,0,1,0,0,0,0,1.500000,1.500000,2.000000,2.177458,0.875768,0.319826,0.980638,1.692431,0.780842,0.118942,4.185994,0.003700
Bark__bark 35_height,Bark,6,0,1,0,0,0,0,1.500000,3.000000,1.000000,6.122313,0.666159,0.111134,0.969531,2.791673,0.560485,0.159540,5.405410,0.010117
Bark__bark 35_height,Bark,6,0,1,0,0,0,0,2.000000,1.500000,2.000000,3.027119,0.846658,0.214828,0.979995,2.058176,0.718976,0.137289,4.249389,0.004765
Bark__bark 35_height,Bark,6,0,1,0,0,0,0,2.000000,4.500000,0.500000,9.519642,0.511408,0.070450,0.967810,3.108132,0.368033,0.192890,6.000000,0.015109
Bark__bark 35_height,Bark,8,0,0,1,0,0,0,0.500000,0.500000,0.500000,9.010862,0.779905,0.379689,0.934071,1.299891,0.777725,0.130412,4.249389,0.010411
Bark__bark 35_height,Bark,8,0,0,1,0,0,0,0.500000,3.000000,2.000000,0.500215,0.896535,0.288973,0.981902,0.515686,0.896994,0.058586,2.138541,0.002021
Bark__bark 35_height,Bark,8,0,0,1,0,0,0,0.500000,4.500000,2.000000,0.405793,0.896440,0.268095,0.984025,0.485807,0.875752,0.055663,2.354228,0.001912
Bark__bark 35_height,Bark,8,0,0,1,0,0,0,0.500000,0.500000,2.000000,1.655418,0.944576,0.570228,0.961444,0.220773,0.924041,0.072975,1.368393,0.002213
Bark__bark 35_height,Bark,8,0,0,1,0,0,0,1.000000,1.500000,0.500000,10.404159,0.548116,0.090385,0.959689,3.682961,0.605976,0.180193,6.000000,0.015148
Bark__bark 35_height,Bark,8,0,0,1,0,0,0,1.000000,4.500000,2.000000,0.885447,0.864427,0.218274,0.985073,1.054293,0.773969,0.086937,3.699895,0.002937
Bark__bark 35_height,Bark,8,0,0,1,0,0,0,1.500000,0.500000,1.500000,5.183008,0.860771,0.324482,0.964464,0.928787,0.720074,0.136023,3.091917,0.006249
Bark__bark 35_height,Bark,8,0,0,1,0,0,0,1.500000,1.500000,2.000000,1.951288,0.852476,0.217116,0.982443,1.664556,0.775032,0.118084,3.994032,0.003958
Bark__bark 35_height,Bark,8,0,0,1,0,0,0,1.500000,3.000000,1.000000,5.898418,0.667276,0.107418,0.970052,2.712310,0.560645,0.157568,5.327820,0.009912
Bark__bark 35_height,Bark,8,0,0,1,0,0,0,2.000000,1.500000,2.000000,2.707165,0.838881,0.184163,0.981570,2.147230,0.716287,0.136323,4.649397,0.004709
Bark__bark 35_height,Bark,8,0,0,1,0,0,0,2.000000,4.500000,0.500000,9.386785,0.513714,0.070134,0.967834,3.045254,0.368008,0.191793,5.968750,0.014999
Bark__bark 35_height,Bark,10,0,0,0,1,0,0,0.500000,0.500000,0.500000,7.296458,0.746064,0.307403,0.944482,1.441444,0.777501,0.127185,4.343095,0.010157
Bark__bark 35_height,Bark,10,0,0,0,1,0,0,0.500000,3.000000,2.000000,0.409172,0.908324,0.347472,0.981085,0.463379,0.897271,0.051020,1.920849,0.001747
Bark__bark 35_height,Bark,10,0,0,0,1,0,0,0.500000,4.500000,2.000000,0.359932,0.904844,0.293680,0.983761,0.461174,0.876151,0.052089,2.246641,0.001747
Bark__bark 35_height,Bark,10,0,0,0,1,0,0,0.500000,0.500000,2.000000,1.128840,0.947791,0.627858,0.957971,0.214009,0.923018,0.058213,1.256566,0.001877
Bark__bark 35_height,Bark,10,0,0,0,1,0,0,1.000000,1.500000,0.500000,10.242630,0.541450,0.087220,0.960196,3.705899,0.605081,0.179875,6.000000,0.015156
Bark__bark 35_height,Bark,10,0,0,0,1,0,0,1.000000,4.500000,2.000000,0.881341,0.862324,0.210451,0.985297,1.034901,0.773470,0.087227,3.699895,0.002941
Bark__bark 35_height,Bark,10,0,0,0,1,0,0,1.500000,0.500000,1.500000,4.405421,0.846076,0.277740,0.970069,1.140707,0.719119,0.136617,3.194923,0.006115
Bark__bark 35_height,Bark,10,0,0,0,1,0,0,1.500000,1.500000,2.000000,1.800354,0.854069,0.192778,0.982216,1.614051,0.776498,0.112166,3.865532,0.003788
Bark__bark 35_height,Bark,10,0,0,0,1,0,0,1.500000,3.000000,1.000000,5.871695,0.666926,0.107542,0.970268,2.742152,0.560023,0.158029,5.374160,0.009931
Bark__bark 35_height,Bark,10,0,0,0,1,0,0,2.000000,1.500000,2.000000,2.496502,0.843410,0.187249,0.981703,2.077714,0.712617,0.129993,4.558771,0.004488
Bark__bark 35_height,Bark,10,0,0,0,1,0,0,2.000000,4.500000,0.500000,9.181934,0.516549,0.070987,0.967606,2.999836,0.367030,0.189126,6.000000,0.014849
Bark__bark 35_height,Bark,12,0,0,0,0,1,0,0.500000,0.500000,0.500000,6.616577,0.725069,0.270214,0.948700,1.464525,0.777645,0.126464,4.467070,0.010201
Bark__bark 35_height,Bark,12,0,0,0,0,1,0,0.500000,3.000000,2.000000,0.360112,0.914643,0.363622,0.982439,0.468090,0.898794,0.050535,1.998690,0.001641
Bark__bark 35_height,Bark,12,0,0,0,0,1,0,0.500000,4.500000,2.000000,0.341022,0.907194,0.287418,0.983916,0.451718,0.876928,0.051253,2.354228,0.001685
Bark__bark 35_height,Bark,12,0,0,0,0,1,0,0.500000,0.500000,2.000000,0.818790,0.945222,0.607065,0.960931,0.198983,0.924340,0.049415,1.256566,0.001620
Bark__bark 35_height,Bark,12,0,0,0,0,1,0,1.000000,1.500000,0.500000,10.074286,0.539479,0.077608,0.960421,3.679651,0.605299,0.178883,5.968750,0.015076
Bark__bark 35_height,Bark,12,0,0,0,0,1,0,1.000000,4.500000,2.000000,0.876208,0.861563,0.211607,0.985261,1.035888,0.773325,0.086753,3.699895,0.002920
Bark__bark 35_height,Bark,12,0,0,0,0,1,0,1.500000,0.500000,1.500000,4.073521,0.837799,0.254018,0.970514,1.107430,0.716829,0.132182,3.600311,0.006117
Bark__bark 35_height,Bark,12,0,0,0,0,1,0,1.500000,1.500000,2.000000,1.711156,0.859736,0.210899,0.981633,1.593872,0.772723,0.108616,3.896782,0.003689
Bark__bark 35_height,Bark,12,0,0,0,0,1,0,1.500000,3.000000,1.000000,5.762948,0.668813,0.105472,0.969983,2.713142,0.559193,0.155765,5.405410,0.009822
Bark__bark 35_height,Bark,12,0,0,0,0,1,0,2.000000,1.500000,2.000000,2.488794,0.844820,0.187469,0.981782,2.078957,0.712484,0.131501,4.558771,0.004491
Bark__bark 35_height,Bark,12,0,0,0,0,1,0,2.000000,4.500000,0.500000,9.200659,0.513669,0.070823,0.967664,2.996670,0.367209,0.189344,6.000000,0.014874
Bark__bark 35_height,Bark,16,0,0,0,0,0,1,0.500000,0.500000,0.500000,5.705063,0.683813,0.210050,0.954804,1.747517,0.777529,0.125736,4.968750,0.010240
Bark__bark 35_height,Bark,16,0,0,0,0,0,1,0.500000,3.000000,2.000000,0.343191,0.913100,0.295848,0.983286,0.466648,0.898762,0.049765,2.029940,0.001625
Bark__bark 35_height,Bark,16,0,0,0,0,0,1,0.500000,4.500000,2.000000,0.331587,0.907415,0.286327,0.984167,0.448668,0.876667,0.051332,2.354228,0.001690
Bark__bark 35_height,Bark,16,0,0,0,0,0,1,0.500000,0.500000,2.000000,0.556138,0.936775,0.437906,0.972272,0.261785,0.929025,0.047076,1.256566,0.001436
Bark__bark 35_height,Bark,16,0,0,0,0,0,1,1.000000,1.500000,0.500000,9.949912,0.536655,0.074281,0.960279,3.613362,0.604794,0.177603,6.000000,0.015017
Bark__bark 35_height,Bark,16,0,0,0,0,0,1,1.000000,4.500000,2.000000,0.864089,0.863560,0.213729,0.985379,1.027641,0.773142,0.086038,3.699895,0.002879
Bark__bark 35_height,Bark,16,0,0,0,0,0,1,1.500000,0.500000,1.500000,3.539588,0.827218,0.224587,0.973852,1.333406,0.720143,0.130408,3.699895,0.005809
Bark__bark 35_height,Bark,16,0,0,0,0,0,1,1.500000,1.500000,2.000000,1.658249,0.858376,0.197412,0.982264,1.587070,0.773858,0.109021,3.865532,0.003630
Bark__bark 35_height,Bark,16,0,0,0,0,0,1,1.500000,3.000000,1.000000,5.735947,0.668048,0.106454,0.970201,2.721675,0.558939,0.155703,5.405410,0.009801
Bark__bark 35_height,Bark,16,0,0,0,0,0,1,2.000000,1.500000,2.000000,2.478892,0.841700,0.173547,0.982187,2.077825,0.712818,0.132173,4.558771,0.004538
Bark__bark 35_height,Bark,16,0,0,0,0,0,1,2.000000,4.500000,0.500000,9.207787,0.514457,0.070975,0.967698,2.987292,0.367485,0.189557,5.968750,0.014881
Bark__bark 46_height,Bark,4,1,0,0,0,0,0,0.500000,0.500000,0.500000,22.139644,0.849608,0.519249,0.917947,1.349883,0.792332,0.182596,2.884043,0.011872
Bark__bark 46_height,Bark,4,1,0,0,0,0,0,0.500000,3.000000,2.000000,0.319199,0.942645,0.394726,0.981873,0.390359,0.966737,0.045537,1.479786,0.001083
Bark__bark 46_height,Bark,4,1,0,0,0,0,0,0.500000,4.500000,2.000000,0.478957,0.905541,0.272652,0.984391,0.451872,0.927392,0.060430,1.811278,0.001823
Bark__bark 46_height,Bark,4,1,0,0,0,0,0,0.500000,0.500000,2.000000,0.000000,1.000000,1.000000,1.000000,0.003282,1.000000,0.000000,0.116115,0.000000
Bark__bark 46_height,Bark,4,1,0,0,0,0,0,1.000000,1.500000,0.500000,16.630344,0.653166,0.214424,0.951908,4.121312,0.612840,0.207865,6.000000,0.015525
Bark__bark 46_height,Bark,4,1,0,0,0,0,0,1.000000,4.500000,2.000000,1.523028,0.840039,0.234110,0.983791,0.837634,0.776046,0.108350,2.673795,0.003886
Bark__bark 46_height,Bark,4,1,0,0,0,0,0,1.500000,0.500000,1.500000,12.023152,0.904356,0.560722,0.941933,0.886034,0.743090,0.160359,2.246641,0.006796
Bark__bark 46_height,Bark,4,1,0,0,0,0,0,1.500000,1.500000,2.000000,4.109261,0.869731,0.342027,0.975154,1.253464,0.795590,0.141947,2.567818,0.004776
Bark__bark 46_height,Bark,4,1,0,0,0,0,0,1.500000,3.000000,1.000000,7.626007,0.687153,0.155250,0.971808,3.162397,0.575492,0.184435,5.405410,0.010459
Bark__bark 46_height,Bark,4,1,0,0,0,0,0,2.000000,1.500000,2.000000,4.332969,0.867396,0.384274,0.971367,1.462454,0.761263,0.135759,2.988285,0.004993
Bark__bark 46_height,Bark,4,1,0,0,0,0,0,2.000000,4.500000,0.500000,10.697881,0.530537,0.072444,0.971618,3.423414,0.385623,0.218134,6.000000,0.015324
Bark__bark 46_height,Bark,6,0,1,0,0,0,0,0.500000,0.500000,0.500000,12.268439,0.811200,0.448560,0.928406,1.332326,0.783355,0.146440,3.699895,0.010655
Bark__bark 46_height,Bark,6,0,1,0,0,0,0,0.500000,3.000000,2.000000,0.760971,0.884021,0.257522,0.982164,0.377014,0.904154,0.071805,1.479786,0.002418
Bark__bark 46_height,Bark,6,0,1,0,0,0,0,0.500000,4.500000,2.000000,0.575338,0.884684,0.245503,0.983069,0.356864,0.880358,0.065266,1.590737,0.002304
Bark__bark 46_height,Bark,6,0,1,0,0,0,0,0.500000,0.500000,2.000000,1.747739,0.961709,0.642345,0.963140,0.213015,0.957512,0.073238,0.918564,0.001628
Bark__bark 46_height,Bark,6,0,1,0,0,0,0,1.000000,1.500000,0.500000,12.810437,0.594208,0.126448,0.960819,4.080899,0.615033,0.202591,5.968750,0.015156
Bark__bark 46_height,Bark,6,0,1,0,0,0,0,1.000000,4.500000,2.000000,1.008157,0.856707,0.212906,0.982065,0.832357,0.784513,0.084172,2.779208,0.003127
Bark__bark 46_height,Bark,6,0,1,0,0,0,0,1.500000,0.500000,1.500000,7.627342,0.869315,0.335667,0.956694,0.965236,0.745484,0.149721,2.747958,0.006985
Bark__bark 46_height,Bark,6,0,1,0,0,0,0,1.500000,1.500000,2.000000,2.563338,0.854889,0.210303,0.975998,1.318600,0.804071,0.115175,2.884043,0.004353
Bark__bark 46_height,Bark,6,0,1,0,0,0,0,1.500000,3.000000,1.000000,6.966032,0.676847,0.101797,0.972966,3.107457,0.571761,0.180471,5.327820,0.010188
Bark__bark 46_height,Bark,6,0,1,0,0,0,0,2.000000,1.500000,2.000000,3.783737,0.840596,0.250112,0.976694,1.674351,0.741853,0.141822,3.194923,0.005355
Bark__bark 46_height,Bark,6,0,1,0,0,0,0,2.000000,4.500000,0.500000,10.089695,0.530268,0.066490,0.971769,3.353348,0.385873,0.212353,6.000000,0.014889
Bark__bark 46_height,Bark,8,0,0,1,0,0,0,0.500000,0.500000,0.500000,9.443190,0.784792,0.363096,0.942576,1.459254,0.782360,0.142931,4.218139,0.010335
Bark__bark 46_height,Bark,8,0,0,1,0,0,0,0.500000,3.000000,2.000000,0.518555,0.900873,0.307741,0.979113,0.313869,0.903687,0.055542,1.368393,0.001997
Bark__bark 46_height,Bark,8,0,0,1,0,0,0,0.500000,4.500000,2.000000,0.426306,0.897485,0.284530,0.981274,0.352983,0.882780,0.052555,1.701238,0.001911
Bark__bark 46_height,Bark,8,0,0,1,0,0,0,0.500000,0.500000,2.000000,1.584756,0.952941,0.635219,0.959114,0.154080,0.933792,0.069062,0.918564,0.002016
Bark__bark 46_height,Bark,8,0,0,1,0,0,0,1.000000,1.500000,0.500000,11.985076,0.572058,0.084993,0.962645,4.056180,0.613933,0.201072,5.968750,0.015065
Bark__bark 46_height,Bark,8,0,0,1,0,0,0,1.000000,4.500000,2.000000,0.979190,0.856464,0.205651,0.982887,0.826679,0.781850,0.084947,2.884043,0.003109
Bark__bark 46_height,Bark,8,0,0,1,0,0,0,1.500000,0.500000,1.500000,5.702671,0.860947,0.305127,0.962297,1.051174,0.749036,0.137439,2.884043,0.006350
Bark__bark 46_height,Bark,8,0,0,1,0,0,0,1.500000,1.500000,2.000000,2.343414,0.856187,0.286789,0.976090,1.224712,0.801022,0.109885,2.779208,0.004164
Bark__bark 46_height,Bark,8,0,0,1,0,0,0,1.500000,3.000000,1.000000,6.953257,0.670785,0.101630,0.973449,3.148908,0.569563,0.181757,5.405410,0.010282
Bark__bark 46_height,Bark,8,0,0,1,0,0,0,2.000000,1.500000,2.000000,3.396716,0.835558,0.182813,0.977795,1.694727,0.742897,0.138766,3.297285,0.005223
Bark__bark 46_height,Bark,8,0,0,1,0,0,0,2.000000,4.500000,0.500000,9.935692,0.534259,0.066964,0.971732,3.329458,0.386816,0.210670,6.000000,0.014740
Bark__bark 46_height,Bark,10,0,0,0,1,0,0,0.500000,0.500000,0.500000,7.991853,0.751504,0.297569,0.950546,1.638597,0.781759,0.141018,4.185994,0.010325
Bark__bark 46_height,Bark,10,0,0,0,1,0,0,0.500000,3.000000,2.000000,0.396958,0.909016,0.342208,0.977911,0.307630,0.906940,0.046795,1.368393,0.001753
Bark__bark 46_height,Bark,10,0,0,0,1,0,0,0.500000,4.500000,2.000000,0.370377,0.902749,0.283802,0.980890,0.348539,0.882768,0.049156,1.701238,0.001803
Bark__bark 46_height,Bark,10,0,0,0,1,0,0,0.500000,0.500000,2.000000,0.967016,0.957055,0.651176,0.957708,0.120242,0.938944,0.053319,0.691205,0.001566
Bark__bark 46_height,Bark,10,0,0,0,1,0,0,1.000000,1.500000,0.500000,11.754620,0.568272,0.079879,0.963277,4.058547,0.613836,0.200665,5.906250,0.014976
Bark__bark 46_height,Bark,10,0,0,0,1,0,0,1.000000,4.500000,2.000000,0.978036,0.859893,0.214856,0.982574,0.822108,0.780023,0.084257,2.884043,0.003085
Bark__bark 46_height,Bark,10,0,0,0,1,0,0,1.500000,0.500000,1.500000,5.280519,0.839804,0.245505,0.967153,1.293643,0.741851,0.140579,3.091917,0.006578
Bark__bark 46_height,Bark,10,0,0,0,1,0,0,1.500000,1.500000,2.000000,2.207859,0.851319,0.192925,0.977905,1.226927,0.798479,0.111243,2.673795,0.004144
Bark__bark 46_height,Bark,10,0,0,0,1,0,0,1.500000,3.000000,1.000000,6.939327,0.672179,0.100589,0.973250,3.133111,0.569482,0.181193,5.405410,0.010248
Bark__bark 46_height,Bark,10,0,0,0,1,0,0,2.000000,1.500000,2.000000,3.214256,0.842052,0.180083,0.977508,1.737814,0.745027,0.133769,3.297285,0.004968
Bark__bark 46_height,Bark,10,0,0,0,1,0,0,2.000000,4.500000,0.500000,9.873195,0.535662,0.067190,0.971557,3.318078,0.386981,0.209465,5.968750,0.014677
Bark__bark 46_height,Bark,12,0,0,0,0,1,0,0.500000,0.500000,0.500000,7.294249,0.736021,0.252874,0.953734,1.590481,0.782570,0.139478,4.467070,0.010148
Bark__bark 46_height,Bark,12,0,0,0,0,1,0,0.500000,3.000000,2.000000,0.386437,0.906607,0.277640,0.977419,0.305868,0.906235,0.045557,1.368393,0.001738
Bark__bark 46_height,Bark,12,0,0,0,0,1,0,0.500000,4.500000,2.000000,0.367741,0.902424,0.266789,0.980761,0.342352,0.881942,0.048082,1.701238,0.001773
Bark__bark 46_height,Bark,12,0,0,0,0,1,0,0.500000,0.500000,2.000000,0.701162,0.953688,0.613759,0.957984,0.108483,0.944787,0.043766,0.805082,0.001357
Bark__bark 46_height,Bark,12,0,0,0,0,1,0,1.000000,1.500000,0.500000,11.709473,0.563591,0.073526,0.963562,4.107406,0.613422,0.201059,5.937500,0.014984
Bark__bark 46_height,Bark,12,0,0,0,0,1,0,1.000000,4.500000,2.000000,0.961775,0.858374,0.213686,0.982673,0.814326,0.781192,0.083549,2.884043,0.003077
Bark__bark 46_height,Bark,12,0,0,0,0,1,0,1.500000,0.500000,1.500000,4.935415,0.836476,0.264927,0.968701,1.300685,0.744700,0.139887,3.600311,0.006445
Bark__bark 46_height,Bark,12,0,0,0,0,1,0,1.500000,1.500000,2.000000,2.135287,0.858744,0.216877,0.977167,1.222856,0.800088,0.107221,2.779208,0.003956
Bark__bark 46_height,Bark,12,0,0,0,0,1,0,1.500000,3.000000,1.000000,6.938441,0.670290,0.097953,0.973357,3.138834,0.568412,0.181144,5.327820,0.010247
Bark__bark 46_height,Bark,12,0,0,0,0,1,0,2.000000,1.500000,2.000000,3.247274,0.841200,0.185468,0.977156,1.727773,0.744553,0.134247,3.398984,0.005035
Bark__bark 46_height,Bark,12,0,0,0,0,1,0,2.000000,4.500000,0.500000,9.867196,0.534852,0.067706,0.971581,3.311638,0.387086,0.209424,6.000000,0.014683
Bark__bark 46_height,Bark,16,0,0,0,0,0,1,0.500000,0.500000,0.500000,6.442018,0.698168,0.196476,0.958404,1.989739,0.782119,0.139004,4.968750,0.010145
Bark__bark 46_height,Bark,16,0,0,0,0,0,1,0.500000,3.000000,2.000000,0.377934,0.907390,0.310531,0.978328,0.302868,0.903342,0.046433,1.368393,0.001748
Bark__bark 46_height,Bark,16,0,0,0,0,0,1,0.500000,4.500000,2.000000,0.368542,0.902423,0.281253,0.981380,0.347421,0.880463,0.048617,1.701238,0.001766
Bark__bark 46_height,Bark,16,0,0,0,0,0,1,0.500000,0.500000,2.000000,0.585276,0.934539,0.392014,0.968344,0.157790,0.940907,0.044777,0.805082,0.001512
Bark__bark 46_height,Bark,16,0,0,0,0,0,1,1.000000,1.500000,0.500000,11.601372,0.564518,0.071543,0.963598,4.092822,0.613081,0.200255,5.925705,0.014900
Bark__bark 46_height,Bark,16,0,0,0,0,0,1,1.000000,4.500000,2.000000,0.957361,0.859467,0.217436,0.982593,0.812020,0.780118,0.083162,2.884043,0.003048
Bark__bark 46_height,Bark,16,0,0,0,0,0,1,1.500000,0.500000,1.500000,4.679573,0.821141,0.215247,0.970267,1.687166,0.742752,0.139300,3.798727,0.006507
Bark__bark 46_height,Bark,16,0,0,0,0,0,1,1.500000,1.500000,2.000000,2.181372,0.855968,0.195353,0.977508,1.272343,0.798379,0.108738,2.779208,0.004036
Bark__bark 46_height,Bark,16,0,0,0,0,0,1,1.500000,3.000000,1.000000,6.896594,0.670690,0.101394,0.973432,3.133515,0.569169,0.180815,5.327820,0.010226
Bark__bark 46_height,Bark,16,0,0,0,0,0,1,2.000000,1.500000,2.000000,3.260648,0.838798,0.175275,0.977353,1.729355,0.742790,0.133337,3.398984,0.005039
Bark__bark 46_height,Bark,16,0,0,0,0,0,1,2.000000,4.500000,0.500000,9.819152,0.534964,0.067467,0.971669,3.290541,0.386954,0.209176,6.000000,0.014648
Bark__bark 57_height,Bark,4,1,0,0,0,0,0,0.500000,0.500000,0.500000,26.655429,0.815168,0.567096,0.838325,0.930626,0.754140,0.143031,2.354228,0.014560
Bark__bark 57_height,Bark,4,1,0,0,0,0,0,0.500000,3.000000,2.000000,0.614420,0.917351,0.320970,0.984360,0.721845,0.933809,0.070435,2.461292,0.001812
Bark__bark 57_height,Bark,4,1,0,0,0,0,0,0.500000,4.500000,2.000000,0.684073,0.888281,0.268953,0.984404,0.636975,0.874389,0.072647,2.461292,0.002316
Bark__bark 57_height,Bark,4,1,0,0,0,0,0,0.500000,0.500000,2.000000,0.261208,0.996732,0.965727,0.974623,0.208726,0.995281,0.036030,1.113064,0.000167
Bark__bark 57_height,Bark,4,1,0,0,0,0,0,1.000000,1.500000,0.500000,19.681920,0.589839,0.156813,0.917639,3.577194,0.570481,0.173143,5.625000,0.018880
Bark__bark 57_height,Bark,4,1,0,0,0,0,0,1.000000,4.500000,2.000000,1.388510,0.849282,0.204806,0.975736,1.002216,0.732852,0.084617,3.194923,0.003600
Bark__bark 57_height,Bark,4,1,0,0,0,0,0,1.500000,0.500000,1.500000,10.359952,0.891629,0.488850,0.943408,0.736286,0.788754,0.150926,2.029940,0.006747
Bark__bark 57_height,Bark,4,1,0,0,0,0,0,1.500000,1.500000,2.000000,3.610067,0.856838,0.227944,0.974314,1.500408,0.810235,0.132004,3.569061,0.004931
Bark__bark 57_height,Bark,4,1,0,0,0,0,0,1.500000,3.000000,1.000000,6.676803,0.724226,0.137794,0.956807,2.805920,0.556686,0.139154,5.000000,0.009306
Bark__bark 57_height,Bark,4,1,0,0,0,0,0,2.000000,1.500000,2.000000,4.415591,0.847636,0.240926,0.974182,2.052336,0.759949,0.146470,4.558771,0.005572
Bark__bark 57_height,Bark,4,1,0,0,0,0,0,2.000000,4.500000,0.500000,12.397973,0.529698,0.084203,0.943671,3.337773,0.306761,0.166493,6.000000,0.016304
Bark__bark 57_height,Bark,6,0,1,0,0,0,0,0.500000,0.500000,0.500000,14.220328,0.767788,0.388495,0.877102,1.028531,0.762752,0.121489,2.988285,0.013070
Bark__bark 57_height,Bark,6,0,1,0,0,0,0,0.500000,3.000000,2.000000,0.646498,0.892034,0.259297,0.977160,0.401130,0.897922,0.058972,1.590737,0.002256
Bark__bark 57_height,Bark,6,0,1,0,0,0,0,0.500000,4.500000,2.000000,0.545301,0.889420,0.244906,0.977508,0.426438,0.852327,0.054538,2.029940,0.002203
Bark__bark 57_height,Bark,6,0,1,0,0,0,0,0.500000,0.500000,2.000000,1.041242,0.979663,0.819674,0.969660,0.216199,0.975307,0.062650,0.918564,0.000918
Bark__bark 57_height,Bark,6,0,1,0,0,0,0,1.000000,1.500000,0.500000,16.403016,0.552269,0.105728,0.924094,3.680182,0.572452,0.164855,5.480949,0.018226
Bark__bark 57_height,Bark,6,0,1,0,0,0,0,1.000000,4.500000,2.000000,1.183016,0.859012,0.240079,0.978171,0.998706,0.731659,0.082861,3.194923,0.003279
Bark__bark 57_height,Bark,6,0,1,0,0,0,0,1.500000,0.500000,1.500000,5.500882,0.883408,0.385564,0.955950,0.846775,0.800722,0.124651,2.430042,0.005553
Bark__bark 57_height,Bark,6,0,1,0,0,0,0,1.500000,1.500000,2.000000,2.535617,0.861759,0.210406,0.975411,1.512998,0.810940,0.114103,3.600311,0.004268
Bark__bark 57_height,Bark,6,0,1,0,0,0,0,1.500000,3.000000,1.000000,6.370618,0.722819,0.129077,0.956844,2.797005,0.558456,0.136398,5.084323,0.009204
Bark__bark 57_height,Bark,6,0,1,0,0,0,0,2.000000,1.500000,2.000000,3.749514,0.842088,0.179568,0.976042,2.034942,0.754192,0.140678,4.090446,0.005422
Bark__bark 57_height,Bark,6,0,1,0,0,0,0,2.000000,4.500000,0.500000,11.516112,0.538755,0.090581,0.944121,3.245465,0.310592,0.161246,6.000000,0.015647
Bark__bark 57_height,Bark,8,0,0,1,0,0,0,0.500000,0.500000,0.500000,10.559879,0.737363,0.301245,0.895434,1.070755,0.764287,0.111900,2.988285,0.012245
Bark__bark 57_height,Bark,8,0,0,1,0,0,0,0.500000,3.000000,2.000000,0.524115,0.896793,0.265810,0.974683,0.410127,0.888979,0.050924,1.701238,0.002102
Bark__bark 57_height,Bark,8,0,0,1,0,0,0,0.500000,4.500000,2.000000,0.480872,0.896825,0.271481,0.977001,0.425290,0.847695,0.051512,2.029940,0.002038
Bark__bark 57_height,Bark,8,0,0,1,0,0,0,0.500000,0.500000,2.000000,0.916764,0.958236,0.591073,0.964625,0.151852,0.962891,0.056514,0.918564,0.001351
Bark__bark 57_height,Bark,8,0,0,1,0,0,0,1.000000,1.500000,0.500000,15.974097,0.543365,0.088956,0.925234,3.708651,0.572794,0.163863,5.625000,0.018110
Bark__bark 57_height,Bark,8,0,0,1,0,0,0,1.000000,4.500000,2.000000,1.177500,0.858675,0.217205,0.978423,1.006534,0.733114,0.083622,3.194923,0.003305
Bark__bark 57_height,Bark,8,0,0,1,0,0,0,1.500000,0.500000,1.500000,4.680499,0.865032,0.279364,0.962973,0.892386,0.794989,0.125632,2.673795,0.005718
Bark__bark 57_height,Bark,8,0,0,1,0,0,0,1.500000,1.500000,2.000000,2.458968,0.855496,0.182407,0.976578,1.559713,0.808819,0.114468,3.500000,0.004327
Bark__bark 57_height,Bark,8,0,0,1,0,0,0,1.500000,3.000000,1.000000,6.308633,0.722312,0.127649,0.956365,2.753654,0.559997,0.135044,5.000000,0.009160
Bark__bark 57_height,Bark,8,0,0,1,0,0,0,2.000000,1.500000,2.000000,3.657221,0.844825,0.166411,0.976120,2.040318,0.754872,0.138411,4.090446,0.005277
Bark__bark 57_height,Bark,8,0,0,1,0,0,0,2.000000,4.500000,0.500000,11.420815,0.539319,0.089976,0.943872,3.194888,0.311593,0.160206,5.925705,0.015571
Bark__bark 57_height,Bark,10,0,0,0,1,0,0,0.500000,0.500000,0.500000,9.439492,0.699645,0.232507,0.908097,1.175648,0.762899,0.112083,2.988285,0.012467
Bark__bark 57_height,Bark,10,0,0,0,1,0,0,0.500000,3.000000,2.000000,0.495083,0.899023,0.286494,0.975332,0.407648,0.889650,0.049612,1.701238,0.001987
Bark__bark 57_height,Bark,10,0,0,0,1,0,0,0.500000,4.500000,2.000000,0.457211,0.899055,0.282804,0.977665,0.418543,0.849595,0.050372,1.920849,0.001966
Bark__bark 57_height,Bark,10,0,0,0,1,0,0,0.500000,0.500000,2.000000,0.874923,0.948280,0.531006,0.962112,0.213472,0.954639,0.053655,1.256566,0.001608
Bark__bark 57_height,Bark,10,0,0,0,1,0,0,1.000000,1.500000,0.500000,15.929886,0.539925,0.083566,0.925270,3.692012,0.570794,0.163705,5.554229,0.018126
Bark__bark 57_height,Bark,10,0,0,0,1,0,0,1.000000,4.500000,2.000000,1.172818,0.861437,0.214601,0.978440,1.012807,0.731602,0.082966,3.194923,0.003245
Bark__bark 57_height,Bark,10,0,0,0,1,0,0,1.500000,0.500000,1.500000,4.180163,0.855221,0.242530,0.965851,1.116872,0.793590,0.122790,2.884043,0.005605
Bark__bark 57_height,Bark,10,0,0,0,1,0,0,1.500000,1.500000,2.000000,2.390480,0.858672,0.188349,0.976518,1.522427,0.806406,0.113142,3.600311,0.004233
Bark__bark 57_height,Bark,10,0,0,0,1,0,0,1.500000,3.000000,1.000000,6.319181,0.723564,0.130564,0.956482,2.804566,0.557276,0.135462,5.084323,0.009146
Bark__bark 57_height,Bark,10,0,0,0,1,0,0,2.000000,1.500000,2.000000,3.701159,0.845061,0.170948,0.976084,2.046790,0.757872,0.139598,4.090446,0.005315
Bark__bark 57_height,Bark,10,0,0,0,1,0,0,2.000000,4.500000,0.500000,11.435480,0.538210,0.089722,0.943901,3.183665,0.312414,0.160268,5.925705,0.015575
Bark__bark 57_height,Bark,12,0,0,0,0,1,0,0.500000,0.500000,0.500000,8.779451,0.682995,0.222094,0.911769,1.236074,0.763700,0.111008,3.297285,0.012486
Bark__bark 57_height,Bark,12,0,0,0,0,1,0,0.500000,3.000000,2.000000,0.474858,0.902553,0.298551,0.975278,0.409039,0.890843,0.048084,1.701238,0.001902
Bark__bark 57_height,Bark,12,0,0,0,0,1,0,0.500000,4.500000,2.000000,0.458389,0.899524,0.298918,0.977745,0.417667,0.850144,0.050653,2.029940,0.001945
Bark__bark 57_height,Bark,12,0,0,0,0,1,0,0.500000,0.500000,2.000000,0.707793,0.945875,0.482278,0.967589,0.196923,0.955071,0.049930,1.031644,0.001480
Bark__bark 57_height,Bark,12,0,0,0,0,1,0,1.000000,1.500000,0.500000,15.841223,0.540906,0.084268,0.925247,3.700461,0.570766,0.163273,5.554229,0.018057
Bark__bark 57_height,Bark,12,0,0,0,0,1,0,1.000000,4.500000,2.000000,1.172177,0.860751,0.211898,0.978471,1.012204,0.731083,0.083393,3.194923,0.003258
Bark__bark 57_height,Bark,12,0,0,0,0,1,0,1.500000,0.500000,1.500000,4.137636,0.847495,0.237886,0.967300,1.282649,0.789263,0.125402,3.194923,0.005777
Bark__bark 57_height,Bark,12,0,0,0,0,1,0,1.500000,1.500000,2.000000,2.447979,0.857543,0.183031,0.976715,1.549937,0.806359,0.114290,3.600311,0.004278
Bark__bark 57_height,Bark,12,0,0,0,0,1,0,1.500000,3.000000,1.000000,6.317919,0.723431,0.130803,0.956215,2.793849,0.557192,0.134829,5.084323,0.009140
Bark__bark 57_height,Bark,12,0,0,0,0,1,0,2.000000,1.500000,2.000000,3.623272,0.842044,0.170073,0.975818,2.042495,0.753684,0.137372,4.185994,0.005317
Bark__bark 57_height,Bark,12,0,0,0,0,1,0,2.000000,4.500000,0.500000,11.357084,0.539172,0.090092,0.944025,3.180260,0.312566,0.159885,5.925705,0.015527
Bark__bark 57_height,Bark,16,0,0,0,0,0,1,0.500000,0.500000,0.500000,8.011907,0.657953,0.179186,0.917907,1.531149,0.762371,0.110208,3.468750,0.012314
Bark__bark 57_height,Bark,16,0,0,0,0,0,1,0.500000,3.000000,2.000000,0.460965,0.903746,0.288059,0.975534,0.398348,0.890061,0.048356,1.701238,0.001894
Bark__bark 57_height,Bark,16,0,0,0,0,0,1,0.500000,4.500000,2.000000,0.451531,0.899787,0.289279,0.978894,0.412773,0.849484,0.050667,2.029940,0.001938
Bark__bark 57_height,Bark,16,0,0,0,0,0,1,0.500000,0.500000,2.000000,0.531216,0.937371,0.413894,0.970688,0.222151,0.951467,0.045077,1.256566,0.001415
Bark__bark 57_height,Bark,16,0,0,0,0,0,1,1.000000,1.500000,0.500000,15.830484,0.540099,0.083758,0.925503,3.676564,0.571109,0.163431,5.554229,0.018053
Bark__bark 57_height,Bark,16,0,0,0,0,0,1,1.000000,4.500000,2.000000,1.162828,0.861670,0.218882,0.978384,1.010239,0.731404,0.083147,3.194923,0.003251
Bark__bark 57_height,Bark,16,0,0,0,0,0,1,1.500000,0.500000,1.500000,3.924904,0.838654,0.197531,0.969278,1.543081,0.787748,0.125869,3.398984,0.005713
Bark__bark 57_height,Bark,16,0,0,0,0,0,1,1.500000,1.500000,2.000000,2.411320,0.854681,0.184536,0.976657,1.547059,0.804603,0.114302,3.600311,0.004322
Bark__bark 57_height,Bark,16,0,0,0,0,0,1,1.500000,3.000000,1.000000,6.279189,0.721973,0.129641,0.956880,2.793246,0.557406,0.135160,5.084323,0.009129
Bark__bark 57_height,Bark,16,0,0,0,0,0,1,2.000000,1.500000,2.000000,3.569543,0.844124,0.177450,0.976374,2.048903,0.749555,0.138004,4.185994,0.005272
Bark__bark 57_height,Bark,16,0,0,0,0,0,1,2.000000,4.500000,0.500000,11.160429,0.541410,0.090991,0.943906,3.163306,0.311726,0.158405,5.925705,0.015384
Bark__bark 68_height,Bark,4,1,0,0,0,0,0,0.500000,0.500000,0.500000,16.141835,0.894347,0.595987,0.938191,1.040364,0.773866,0.179774,2.673795,0.008619
Bark__bark 68_height,Bark,4,1,0,0,0,0,0,0.500000,3.000000,2.000000,1.243724,0.899456,0.333967,0.991029,0.810052,0.885929,0.129896,2.461292,0.002570
Bark__bark 68_height,Bark,4,1,0,0,0,0,0,0.500000,4.500000,2.000000,0.958281,0.875934,0.232554,0.992334,0.687426,0.860137,0.123777,2.779208,0.002759
Bark__bark 68_height,Bark,4,1,0,0,0,0,0,0.500000,0.500000,2.000000,3.702495,0.972667,0.754312,0.976131,0.457045,0.921140,0.138235,1.479786,0.002021
Bark__bark 68_height,Bark,4,1,0,0,0,0,0,1.000000,1.500000,0.500000,8.796295,0.800530,0.433764,0.970354,3.030016,0.614280,0.192697,5.968750,0.008587
Bark__bark 68_height,Bark,4,1,0,0,0,0,0,1.000000,4.500000,2.000000,1.164108,0.875475,0.398183,0.991012,1.417548,0.686152,0.126201,4.558771,0.002920
Bark__bark 68_height,Bark,4,1,0,0,0,0,0,1.500000,0.500000,1.500000,8.793742,0.925064,0.576893,0.971944,1.245982,0.623149,0.198810,3.297285,0.005116
Bark__bark 68_height,Bark,4,1,0,0,0,0,0,1.500000,1.500000,2.000000,3.090183,0.913218,0.463085,0.984227,1.986499,0.651933,0.156860,4.558771,0.003332
Bark__bark 68_height,Bark,4,1,0,0,0,0,0,1.500000,3.000000,1.000000,4.060478,0.769877,0.258979,0.987365,2.705016,0.537692,0.201633,5.968750,0.006918
Bark__bark 68_height,Bark,4,1,0,0,0,0,0,2.000000,1.500000,2.000000,3.540568,0.896101,0.359702,0.984821,2.140746,0.582308,0.171220,4.795959,0.003952
Bark__bark 68_height,Bark,4,1,0,0,0,0,0,2.000000,4.500000,0.500000,4.548328,0.652758,0.166817,0.985694,2.750289,0.390334,0.199995,6.000000,0.009338
Bark__bark 68_height,Bark,6,0,1,0,0,0,0,0.500000,0.500000,0.500000,7.047967,0.892219,0.628605,0.956948,1.128104,0.775274,0.143637,4.059196,0.006220
Bark__bark 68_height,Bark,6,0,1,0,0,0,0,0.500000,3.000000,2.000000,0.631251,0.909991,0.507814,0.989863,0.724067,0.836843,0.087003,2.884043,0.001929
Bark__bark 68_height,Bark,6,0,1,0,0,0,0,0.500000,4.500000,2.000000,0.467974,0.905069,0.467042,0.991482,0.669230,0.825227,0.082909,3.091917,0.001851
Bark__bark 68_height,Bark,6,0,1,0,0,0,0,0.500000,0.500000,2.000000,2.199725,0.963733,0.655922,0.976077,0.393801,0.860327,0.104581,1.701238,0.001912
Bark__bark 68_height,Bark,6,0,1,0,0,0,0,1.000000,1.500000,0.500000,5.911477,0.716393,0.249828,0.979324,2.932246,0.614723,0.189518,6.000000,0.009274
Bark__bark 68_height,Bark,6,0,1,0,0,0,0,1.000000,4.500000,2.000000,0.863450,0.857368,0.192380,0.993041,1.327541,0.705752,0.124501,4.558771,0.002942
Bark__bark 68_height,Bark,6,0,1,0,0,0,0,1.500000,0.500000,1.500000,5.433906,0.903458,0.440501,0.977449,1.021247,0.606818,0.174354,3.822487,0.005037
Bark__bark 68_height,Bark,6,0,1,0,0,0,0,1.500000,1.500000,2.000000,1.946507,0.887966,0.330979,0.989222,2.003576,0.642707,0.151634,5.327820,0.003323
Bark__bark 68_height,Bark,6,0,1,0,0,0,0,1.500000,3.000000,1.000000,2.903513,0.746095,0.178438,0.989331,2.600100,0.532267,0.185008,6.000000,0.006490
Bark__bark 68_height,Bark,6,0,1,0,0,0,0,2.000000,1.500000,2.000000,2.492550,0.868762,0.282126,0.989062,2.331102,0.563288,0.168948,5.327820,0.004056
Bark__bark 68_height,Bark,6,0,1,0,0,0,0,2.000000,4.500000,0.500000,3.741952,0.631537,0.101937,0.987005,2.511064,0.393071,0.190428,5.968750,0.008999
Bark__bark 68_height,Bark,8,0,0,1,0,0,0,0.500000,0.500000,0.500000,4.984492,0.874074,0.498703,0.967324,0.968621,0.782211,0.138031,3.962782,0.005894
Bark__bark 68_height,Bark,8,0,0,1,0,0,0,0.500000,3.000000,2.000000,0.414689,0.920217,0.472687,0.990012,0.631138,0.847872,0.071519,2.779208,0.001574
Bark__bark 68_height,Bark,8,0,0,1,0,0,0,0.500000,4.500000,2.000000,0.365416,0.911469,0.364557,0.991736,0.654771,0.837083,0.073690,3.091917,0.001653
Bark__bark 68_height,Bark,8,0,0,1,0,0,0,0.500000,0.500000,2.000000,1.278514,0.967068,0.718965,0.970597,0.275757,0.862966,0.073130,1.590737,0.001517
Bark__bark 68_height,Bark,8,0,0,1,0,0,0,1.000000,1.500000,0.500000,4.549980,0.679524,0.180222,0.982894,2.925381,0.615586,0.182664,6.000000,0.008970
Bark__bark 68_height,Bark,8,0,0,1,0,0,0,1.000000,4.500000,2.000000,0.794626,0.864191,0.212061,0.993058,1.293179,0.701733,0.119995,4.467070,0.002785
Bark__bark 68_height,Bark,8,0,0,1,0,0,0,1.500000,0.500000,1.500000,4.177209,0.888034,0.382686,0.983367,1.062099,0.607222,0.178114,4.154744,0.005048
Bark__bark 68_height,Bark,8,0,0,1,0,0,0,1.500000,1.500000,2.000000,1.731437,0.866861,0.278789,0.990187,1.917024,0.636714,0.149111,4.795959,0.003601
Bark__bark 68_height,Bark,8,0,0,1,0,0,0,1.500000,3.000000,1.000000,2.665554,0.735685,0.130889,0.990003,2.538279,0.534121,0.183238,6.000000,0.006433
Bark__bark 68_height,Bark,8,0,0,1,0,0,0,2.000000,1.500000,2.000000,2.094376,0.855133,0.218418,0.990780,2.413376,0.569361,0.169642,5.522979,0.004021
Bark__bark 68_height,Bark,8,0,0,1,0,0,0,2.000000,4.500000,0.500000,3.688798,0.625747,0.087150,0.987339,2.524948,0.394095,0.191407,6.000000,0.009024
Bark__bark 68_height,Bark,10,0,0,0,1,0,0,0.500000,0.500000,0.500000,4.294798,0.841406,0.411102,0.972270,1.103789,0.778959,0.138389,3.896782,0.006315
Bark__bark 68_height,Bark,10,0,0,0,1,0,0,0.500000,3.000000,2.000000,0.395875,0.909709,0.297808,0.991464,0.627342,0.849652,0.075274,2.673795,0.001704
Bark__bark 68_height,Bark,10,0,0,0,1,0,0,0.500000,4.500000,2.000000,0.362258,0.902779,0.251654,0.992400,0.640403,0.836598,0.076832,2.988285,0.001763
Bark__bark 68_height,Bark,10,0,0,0,1,0,0,0.500000,0.500000,2.000000,1.012782,0.958250,0.629196,0.978604,0.331036,0.869954,0.076223,1.811278,0.001569
Bark__bark 68_height,Bark,10,0,0,0,1,0,0,1.000000,1.500000,0.500000,4.104604,0.668129,0.147090,0.984235,2.897959,0.615608,0.180667,5.937500,0.008790
Bark__bark 68_height,Bark,10,0,0,0,1,0,0,1.000000,4.500000,2.000000,0.777985,0.863142,0.192096,0.992992,1.271403,0.700199,0.118118,4.527521,0.002783
Bark__bark 68_height,Bark,10,0,0,0,1,0,0,1.500000,0.500000,1.500000,3.575821,0.858172,0.293124,0.985988,1.275931,0.608503,0.178866,4.343095,0.005373
Bark__bark 68_height,Bark,10,0,0,0,1,0,0,1.500000,1.500000,2.000000,1.547293,0.863520,0.235745,0.991440,1.926788,0.647122,0.150385,4.827209,0.003488
Bark__bark 68_height,Bark,10,0,0,0,1,0,0,1.500000,3.000000,1.000000,2.662309,0.728132,0.118452,0.990082,2.539663,0.533435,0.183559,6.000000,0.006507
Bark__bark 68_height,Bark,10,0,0,0,1,0,0,2.000000,1.500000,2.000000,2.002257,0.852085,0.234238,0.990825,2.354106,0.562735,0.167037,5.248348,0.003977
Bark__bark 68_height,Bark,10,0,0,0,1,0,0,2.000000,4.500000,0.500000,3.674023,0.625665,0.085338,0.987397,2.527715,0.393169,0.191442,6.000000,0.008998
Bark__bark 68_height,Bark,12,0,0,0,0,1,0,0.500000,0.500000,0.500000,3.564727,0.828690,0.381429,0.975928,1.240636,0.780208,0.135586,4.618147,0.006044
Bark__bark 68_height,Bark,12,0,0,0,0,1,0,0.500000,3.000000,2.000000,0.375841,0.909022,0.310360,0.991509,0.634631,0.845629,0.072957,2.779208,0.001688
Bark__bark 68_height,Bark,12,0,0,0,0,1,0,0.500000,4.500000,2.000000,0.339336,0.906999,0.254471,0.992514,0.631787,0.834159,0.074804,3.091917,0.001706
Bark__bark 68_height,Bark,12,0,0,0,0,1,0,0.500000,0.500000,2.000000,0.948165,0.943051,0.507799,0.979831,0.310471,0.862631,0.074060,2.138541,0.001770
Bark__bark 68_height,Bark,12,0,0,0,0,1,0,1.000000,1.500000,0.500000,3.927444,0.662572,0.134695,0.984642,2.831459,0.616989,0.179038,5.968750,0.008748
Bark__bark 68_height,Bark,12,0,0,0,0,1,0,1.000000,4.500000,2.000000,0.753098,0.864500,0.188177,0.993100,1.256462,0.702128,0.117435,4.558771,0.002747
Bark__bark 68_height,Bark,12,0,0,0,0,1,0,1.500000,0.500000,1.500000,3.045026,0.855934,0.293077,0.987227,1.218521,0.609234,0.173298,4.374345,0.005110
Bark__bark 68_height,Bark,12,0,0,0,0,1,0,1.500000,1.500000,2.000000,1.478101,0.860075,0.217409,0.991369,1.953454,0.643551,0.147067,4.914268,0.003479
Bark__bark 68_height,Bark,12,0,0,0,0,1,0,1.500000,3.000000,1.000000,2.660407,0.723959,0.111564,0.990168,2.517349,0.533068,0.184222,5.968750,0.006581
Bark__bark 68_height,Bark,12,0,0,0,0,1,0,2.000000,1.500000,2.000000,1.920740,0.844234,0.197610,0.991341,2.374440,0.562874,0.167305,5.405410,0.004065
Bark__bark 68_height,Bark,12,0,0,0,0,1,0,2.000000,4.500000,0.500000,3.630855,0.625714,0.084202,0.987312,2.494577,0.393026,0.189681,6.000000,0.008955
Bark__bark 68_height,Bark,16,0,0,0,0,0,1,0.500000,0.500000,0.500000,2.831001,0.796016,0.311112,0.980342,1.351314,0.779600,0.134492,4.827209,0.006086
Bark__bark 68_height,Bark,16,0,0,0,0,0,1,0.500000,3.000000,2.000000,0.330117,0.913719,0.254741,0.992006,0.611266,0.848174,0.071415,2.779208,0.001584
Bark__bark 68_height,Bark,16,0,0,0,0,0,1,0.500000,4.500000,2.000000,0.324760,0.909273,0.256942,0.992655,0.634066,0.834934,0.073650,2.988285,0.001648
Bark__bark 68_height,Bark,16,0,0,0,0,0,1,0.500000,0.500000,2.000000,0.592344,0.939740,0.444073,0.986389,0.369460,0.868713,0.072863,2.029940,0.001507
Bark__bark 68_height,Bark,16,0,0,0,0,0,1,1.000000,1.500000,0.500000,3.834355,0.650565,0.105646,0.985173,2.839926,0.616324,0.180232,5.925705,0.008794
Bark__bark 68_height,Bark,16,0,0,0,0,0,1,1.000000,4.500000,2.000000,0.766802,0.861873,0.186011,0.993042,1.262074,0.701633,0.118279,4.558771,0.002792
Bark__bark 68_height,Bark,16,0,0,0,0,0,1,1.500000,0.500000,1.500000,2.635510,0.830549,0.212079,0.989186,1.492763,0.606701,0.174778,4.738897,0.005181
Bark__bark 68_height,Bark,16,0,0,0,0,0,1,1.500000,1.500000,2.000000,1.443046,0.854920,0.197102,0.991788,1.970507,0.641989,0.148761,4.883018,0.003535
Bark__bark 68_height,Bark,16,0,0,0,0,0,1,1.500000,3.000000,1.000000,2.615460,0.726022,0.108292,0.990140,2.497351,0.532464,0.182641,6.000000,0.006515
Bark__bark 68_height,Bark,16,0,0,0,0,0,1,2.000000,1.500000,2.000000,1.881274,0.845668,0.196304,0.991398,2.345154,0.561583,0.166315,5.327820,0.004032
Bark__bark 68_height,Bark,16,0,0,0,0,0,1,2.000000,4.500000,0.500000,3.617857,0.625466,0.083915,0.987406,2.469381,0.393452,0.190004,6.000000,0.008940
Bark__bark 79_height,Bark,4,1,0,0,0,0,0,0.500000,0.500000,0.500000,20.541914,0.875243,0.561933,0.936510,1.096990,0.769530,0.199645,3.091917,0.010417
Bark__bark 79_height,Bark,4,1,0,0,0,0,0,0.500000,3.000000,2.000000,1.276379,0.897907,0.435956,0.990058,0.786752,0.908085,0.125656,2.461292,0.002577
Bark__bark 79_height,Bark,4,1,0,0,0,0,0,0.500000,4.500000,2.000000,0.979157,0.869614,0.294754,0.991748,0.659782,0.891544,0.120812,2.461292,0.002809
Bark__bark 79_height,Bark,4,1,0,0,0,0,0,0.500000,0.500000,2.000000,3.714046,0.968213,0.748881,0.973086,0.453001,0.930685,0.130612,1.479786,0.002114
Bark__bark 79_height,Bark,4,1,0,0,0,0,0,1.000000,1.500000,0.500000,13.946438,0.720743,0.298556,0.966231,3.201606,0.603050,0.226664,5.937500,0.012639
Bark__bark 79_height,Bark,4,1,0,0,0,0,0,1.000000,4.500000,2.000000,1.836189,0.822190,0.311941,0.985206,1.184130,0.732698,0.123538,4.374345,0.004344
Bark__bark 79_height,Bark,4,1,0,0,0,0,0,1.500000,0.500000,1.500000,13.129774,0.913162,0.589495,0.956676,0.930463,0.629132,0.194841,2.430042,0.006960
Bark__bark 79_height,Bark,4,1,0,0,0,0,0,1.500000,1.500000,2.000000,5.326209,0.875072,0.481638,0.975740,1.962082,0.670593,0.165973,4.527521,0.005250
Bark__bark 79_height,Bark,4,1,0,0,0,0,0,1.500000,3.000000,1.000000,5.740326,0.718508,0.224123,0.982373,2.545185,0.546331,0.202321,5.692946,0.008878
Bark__bark 79_height,Bark,4,1,0,0,0,0,0,2.000000,1.500000,2.000000,5.686853,0.865721,0.389504,0.978262,2.228837,0.607315,0.182241,5.167141,0.005658
Bark__bark 79_height,Bark,4,1,0,0,0,0,0,2.000000,4.500000,0.500000,7.667089,0.564178,0.116883,0.983580,2.809046,0.393867,0.242353,5.968750,0.013116
Bark__bark 79_height,Bark,6,0,1,0,0,0,0,0.500000,0.500000,0.500000,11.134947,0.845403,0.491819,0.952011,1.153790,0.765911,0.170349,3.994032,0.009202
Bark__bark 79_height,Bark,6,0,1,0,0,0,0,0.500000,3.000000,2.000000,0.935096,0.875089,0.444709,0.984211,0.616005,0.864101,0.084301,2.747958,0.002712
Bark__bark 79_height,Bark,6,0,1,0,0,0,0,0.500000,4.500000,2.000000,0.698038,0.863418,0.341517,0.986272,0.519389,0.855748,0.079189,2.747958,0.002674
Bark__bark 79_height,Bark,6,0,1,0,0,0,0,0.500000,0.500000,2.000000,3.493512,0.948001,0.658867,0.957955,0.319214,0.874932,0.098178,1.669988,0.002870
Bark__bark 79_height,Bark,6,0,1,0,0,0,0,1.000000,1.500000,0.500000,8.945665,0.645111,0.200776,0.976500,3.119793,0.602080,0.218175,5.968750,0.012394
Bark__bark 79_height,Bark,6,0,1,0,0,0,0,1.000000,4.500000,2.000000,1.102594,0.827746,0.212064,0.988817,1.071626,0.743261,0.111793,4.090446,0.003651
Bark__bark 79_height,Bark,6,0,1,0,0,0,0,1.500000,0.500000,1.500000,7.504681,0.884780,0.435810,0.970500,1.028710,0.628683,0.180155,3.865532,0.006575
Bark__bark 79_height,Bark,6,0,1,0,0,0,0,1.500000,1.500000,2.000000,3.174020,0.838535,0.326025,0.983533,1.917156,0.671722,0.156810,5.167141,0.005131
Bark__bark 79_height,Bark,6,0,1,0,0,0,0,1.500000,3.000000,1.000000,4.567993,0.678094,0.129910,0.985389,2.420038,0.546286,0.197884,5.522979,0.008838
Bark__bark 79_height,Bark,6,0,1,0,0,0,0,2.000000,1.500000,2.000000,3.625696,0.827089,0.297545,0.982450,2.228980,0.601224,0.161743,5.327820,0.005601
Bark__bark 79_height,Bark,6,0,1,0,0,0,0,2.000000,4.500000,0.500000,6.795596,0.539711,0.072229,0.984608,2.720720,0.394464,0.235561,5.968750,0.012858
Bark__bark 79_height,Bark,8,0,0,1,0,0,0,0.500000,0.500000,0.500000,8.094144,0.822315,0.407804,0.962890,1.132175,0.762718,0.164577,4.664601,0.008810
Bark__bark 79_height,Bark,8,0,0,1,0,0,0,0.500000,3.000000,2.000000,0.655705,0.884285,0.440937,0.984838,0.533108,0.862754,0.072536,2.567818,0.002340
Bark__bark 79_height,Bark,8,0,0,1,0,0,0,0.500000,4.500000,2.000000,0.514064,0.876250,0.323676,0.987032,0.468980,0.855761,0.070382,2.567818,0.002316
Bark__bark 79_height,Bark,8,0,0,1,0,0,0,0.500000,0.500000,2.000000,2.150158,0.946717,0.669500,0.954698,0.218008,0.870089,0.076659,1.479786,0.002505
Bark__bark 79_height,Bark,8,0,0,1,0,0,0,1.000000,1.500000,0.500000,7.540540,0.605355,0.128209,0.979966,3.118534,0.603105,0.217042,6.000000,0.012226
Bark__bark 79_height,Bark,8,0,0,1,0,0,0,1.000000,4.500000,2.000000,1.041332,0.822179,0.183193,0.989477,1.070643,0.741395,0.112227,4.090446,0.003681
Bark__bark 79_height,Bark,8,0,0,1,0,0,0,1.500000,0.500000,1.500000,5.967522,0.857228,0.366029,0.975514,1.016576,0.621737,0.175447,4.280639,0.006846
Bark__bark 79_height,Bark,8,0,0,1,0,0,0,1.500000,1.500000,2.000000,2.421807,0.822148,0.257405,0.985629,1.823377,0.673044,0.146353,4.827209,0.004876
Bark__bark 79_height,Bark,8,0,0,1,0,0,0,1.500000,3.000000,1.000000,4.327151,0.664031,0.100586,0.986149,2.453959,0.543653,0.198502,5.522979,0.008902
Bark__bark 79_height,Bark,8,0,0,1,0,0,0,2.000000,1.500000,2.000000,2.980870,0.802593,0.210654,0.986308,2.330908,0.600747,0.166082,5.554229,0.005597
Bark__bark 79_height,Bark,8,0,0,1,0,0,0,2.000000,4.500000,0.500000,6.571080,0.541779,0.066591,0.984617,2.681082,0.395790,0.231638,6.000000,0.012599
Bark__bark 79_height,Bark,10,0,0,0,1,0,0,0.500000,0.500000,0.500000,6.763192,0.785654,0.331235,0.968546,1.319961,0.762616,0.162618,4.649397,0.008943
Bark__bark 79_height,Bark,10,0,0,0,1,0,0,0.500000,3.000000,2.000000,0.487217,0.887587,0.318230,0.986382,0.517120,0.868972,0.066199,2.567818,0.002100
Bark__bark 79_height,Bark,10,0,0,0,1,0,0,0.500000,4.500000,2.000000,0.432125,0.879114,0.253785,0.988364,0.496210,0.859368,0.067100,2.567818,0.002154
Bark__bark 79_height,Bark,10,0,0,0,1,0,0,0.500000,0.500000,2.000000,1.363221,0.945490,0.611399,0.962922,0.257778,0.880445,0.067433,1.701238,0.002062
Bark__bark 79_height,Bark,10,0,0,0,1,0,0,1.000000,1.500000,0.500000,7.092546,0.589711,0.107796,0.980895,3.115765,0.602274,0.215278,6.000000,0.012170
Bark__bark 79_height,Bark,10,0,0,0,1,0,0,1.000000,4.500000,2.000000,1.036027,0.820687,0.185067,0.989640,1.100592,0.738978,0.112119,4.090446,0.003665
Bark__bark 79_height,Bark,10,0,0,0,1,0,0,1.500000,0.500000,1.500000,4.693697,0.836177,0.280504,0.979554,1.106045,0.626813,0.169755,3.699895,0.006573
Bark__bark 79_height,Bark,10,0,0,0,1,0,0,1.500000,1.500000,2.000000,2.099540,0.814987,0.230226,0.987123,1.847646,0.677650,0.143689,4.883018,0.004696
Bark__bark 79_height,Bark,10,0,0,0,1,0,0,1.500000,3.000000,1.000000,4.228843,0.662643,0.093073,0.986156,2.415176,0.543984,0.195891,5.522979,0.008802
Bark__bark 79_height,Bark,10,0,0,0,1,0,0,2.000000,1.500000,2.000000,2.842198,0.795002,0.187021,0.986805,2.263998,0.595438,0.164763,5.327820,0.005598
Bark__bark 79_height,Bark,10,0,0,0,1,0,0,2.000000,4.500000,0.500000,6.484696,0.543399,0.066454,0.984702,2.654374,0.396041,0.230729,6.000000,0.012512
Bark__bark 79_height,Bark,12,0,0,0,0,1,0,0.500000,0.500000,0.500000,5.832594,0.770421,0.297530,0.972169,1.416899,0.763457,0.160886,5.167141,0.008674
Bark__bark 79_height,Bark,12,0,0,0,0,1,0,0.500000,3.000000,2.000000,0.476811,0.881341,0.305849,0.987916,0.546917,0.865561,0.069043,2.673795,0.002186
Bark__bark 79_height,Bark,12,0,0,0,0,1,0,0.500000,4.500000,2.000000,0.424355,0.876599,0.244523,0.988915,0.500299,0.857086,0.068812,2.673795,0.002206
Bark__bark 79_height,Bark,12,0,0,0,0,1,0,0.500000,0.500000,2.000000,1.121860,0.936155,0.541242,0.970368,0.277280,0.880532,0.066536,1.811278,0.002017
Bark__bark 79_height,Bark,12,0,0,0,0,1,0,1.000000,1.500000,0.500000,6.896847,0.581764,0.099096,0.981329,3.106476,0.602224,0.215087,6.000000,0.012191
Bark__bark 79_height,Bark,12,0,0,0,0,1,0,1.000000,4.500000,2.000000,1.013209,0.820107,0.169292,0.989874,1.089162,0.739812,0.112220,4.090446,0.003649
Bark__bark 79_height,Bark,12,0,0,0,0,1,0,1.500000,0.500000,1.500000,4.122976,0.824725,0.264513,0.981938,1.107535,0.626760,0.169073,4.185994,0.006471
Bark__bark 79_height,Bark,12,0,0,0,0,1,0,1.500000,1.500000,2.000000,2.016902,0.810862,0.208297,0.987215,1.823707,0.673662,0.141207,4.883018,0.004720
Bark__bark 79_height,Bark,12,0,0,0,0,1,0,1.500000,3.000000,1.000000,4.158436,0.663946,0.091998,0.986351,2.402414,0.543415,0.195715,5.554229,0.008758
Bark__bark 79_height,Bark,12,0,0,0,0,1,0,2.000000,1.500000,2.000000,2.652107,0.794620,0.191076,0.987193,2.186213,0.597570,0.160995,5.374160,0.005456
Bark__bark 79_height,Bark,12,0,0,0,0,1,0,2.000000,4.500000,0.500000,6.416746,0.543549,0.065842,0.984724,2.543240,0.395465,0.229610,5.968750,0.012463
Bark__bark 79_height,Bark,16,0,0,0,0,0,1,0.500000,0.500000,0.500000,4.976178,0.720681,0.224843,0.975989,1.564932,0.763591,0.160752,5.135891,0.008922
Bark__bark 79_height,Bark,16,0,0,0,0,0,1,0.500000,3.000000,2.000000,0.424109,0.883265,0.251397,0.987839,0.535868,0.866563,0.065868,2.567818,0.002099
Bark__bark 79_height,Bark,16,0,0,0,0,0,1,0.500000,4.500000,2.000000,0.396289,0.881183,0.219879,0.988945,0.488562,0.858008,0.066616,2.567818,0.002120
Bark__bark 79_height,Bark,16,0,0,0,0,0,1,0.500000,0.500000,2.000000,0.811979,0.916980,0.431035,0.976549,0.315045,0.881468,0.063322,1.920849,0.002030
Bark__bark 79_height,Bark,16,0,0,0,0,0,1,1.000000,1.500000,0.500000,6.691310,0.574609,0.080590,0.981655,3.092625,0.601811,0.213850,5.968750,0.012080
Bark__bark 79_height,Bark,16,0,0,0,0,0,1,1.000000,4.500000,2.000000,0.983956,0.822969,0.168434,0.989959,1.082873,0.739458,0.110511,4.090446,0.003583
Bark__bark 79_height,Bark,16,0,0,0,0,0,1,1.500000,0.500000,1.500000,3.418041,0.795042,0.198652,0.984536,1.294267,0.628252,0.166580,4.618147,0.006414
Bark__bark 79_height,Bark,16,0,0,0,0,0,1,1.500000,1.500000,2.000000,1.870683,0.806799,0.180485,0.987890,1.763834,0.674697,0.139621,4.914268,0.004655
Bark__bark 79_height,Bark,16,0,0,0,0,0,1,1.500000,3.000000,1.000000,4.113072,0.664184,0.090325,0.986398,2.346233,0.542622,0.195263,5.554229,0.008721
Bark__bark 79_height,Bark,16,0,0,0,0,0,1,2.000000,1.500000,2.000000,2.608151,0.787231,0.154863,0.987587,2.196055,0.597939,0.162629,5.374160,0.005515
Bark__bark 79_height,Bark,16,0,0,0,0,0,1,2.000000,4.500000,0.500000,6.425079,0.543886,0.066148,0.984740,2.534261,0.395869,0.229990,6.000000,0.012469
Bark__bark 89_height,Bark,4,1,0,0,0,0,0,0.500000,0.500000,0.500000,17.209882,0.885679,0.618505,0.920967,1.001467,0.736151,0.163844,2.567818,0.009099
Bark__bark 89_height,Bark,4,1,0,0,0,0,0,0.500000,3.000000,2.000000,2.004155,0.854050,0.345598,0.986581,0.781312,0.825709,0.136191,2.461292,0.003919
Bark__bark 89_height,Bark,4,1,0,0,0,0,0,0.500000,4.500000,2.000000,1.430263,0.836538,0.278017,0.988668,0.645898,0.808425,0.124781,2.461292,0.003761
Bark__bark 89_height,Bark,4,1,0,0,0,0,0,0.500000,0.500000,2.000000,6.705773,0.948845,0.629352,0.966932,0.484745,0.866198,0.158268,1.559487,0.003750
Bark__bark 89_height,Bark,4,1,0,0,0,0,0,1.000000,1.500000,0.500000,12.119973,0.710217,0.258117,0.960832,3.036246,0.559962,0.196548,6.000000,0.012254
Bark__bark 89_height,Bark,4,1,0,0,0,0,0,1.000000,4.500000,2.000000,1.222204,0.871425,0.444942,0.983638,1.060672,0.680962,0.096498,3.896782,0.003063
Bark__bark 89_height,Bark,4,1,0,0,0,0,0,1.500000,0.500000,1.500000,12.132234,0.899615,0.491775,0.959141,1.004744,0.567273,0.193512,2.567818,0.007057
Bark__bark 89_height,Bark,4,1,0,0,0,0,0,1.500000,1.500000,2.000000,3.925824,0.874183,0.356920,0.980225,1.993923,0.608630,0.159134,4.558771,0.004643
Bark__bark 89_height,Bark,4,1,0,0,0,0,0,1.500000,3.000000,1.000000,5.045809,0.732674,0.251853,0.979133,2.241549,0.476990,0.173891,5.053073,0.008162
Bark__bark 89_height,Bark,4,1,0,0,0,0,0,2.000000,1.500000,2.000000,4.989656,0.860580,0.411057,0.979552,2.215009,0.515742,0.176540,4.496271,0.005604
Bark__bark 89_height,Bark,4,1,0,0,0,0,0,2.000000,4.500000,0.500000,6.699172,0.585303,0.128156,0.981548,2.773852,0.323449,0.213095,6.000000,0.011966
Bark__bark 89_height,Bark,6,0,1,0,0,0,0,0.500000,0.500000,0.500000,9.538526,0.846156,0.479156,0.940489,0.972149,0.745735,0.142466,3.600311,0.008636
Bark__bark 89_height,Bark,6,0,1,0,0,0,0,0.500000,3.000000,2.000000,0.664828,0.907779,0.567209,0.979608,0.445256,0.830035,0.063267,2.138541,0.002025
Bark__bark 89_height,Bark,6,0,1,0,0,0,0,0.500000,4.500000,2.000000,0.507702,0.898814,0.427142,0.983434,0.425663,0.818915,0.061487,2.246641,0.001982
Bark__bark 89_height,Bark,6,0,1,0,0,0,0,0.500000,0.500000,2.000000,2.708571,0.954010,0.718954,0.952551,0.260646,0.851969,0.081088,1.031644,0.002394
Bark__bark 89_height,Bark,6,0,1,0,0,0,0,1.000000,1.500000,0.500000,8.328784,0.638774,0.173021,0.971336,2.913539,0.556549,0.190626,5.843750,0.012202
Bark__bark 89_height,Bark,6,0,1,0,0,0,0,1.000000,4.500000,2.000000,1.077020,0.834705,0.210397,0.988163,1.025399,0.676065,0.107862,3.699895,0.003531
Bark__bark 89_height,Bark,6,0,1,0,0,0,0,1.500000,0.500000,1.500000,6.527394,0.876332,0.396647,0.968499,0.887488,0.575155,0.161971,3.091917,0.006329
Bark__bark 89_height,Bark,6,0,1,0,0,0,0,1.500000,1.500000,2.000000,2.369053,0.846001,0.247195,0.985707,1.691866,0.611300,0.144380,4.185994,0.004404
Bark__bark 89_height,Bark,6,0,1,0,0,0,0,1.500000,3.000000,1.000000,4.035057,0.692080,0.139318,0.983002,2.308353,0.476061,0.172582,5.327820,0.008191
Bark__bark 89_height,Bark,6,0,1,0,0,0,0,2.000000,1.500000,2.000000,3.009826,0.840372,0.319605,0.982829,2.092621,0.526922,0.149245,5.021823,0.004940
Bark__bark 89_height,Bark,6,0,1,0,0,0,0,2.000000,4.500000,0.500000,5.749680,0.572327,0.081667,0.982520,2.644855,0.322299,0.202973,6.000000,0.011422
Bark__bark 89_height,Bark,8,0,0,1,0,0,0,0.500000,0.500000,0.500000,7.428410,0.812009,0.384828,0.949618,0.873458,0.736900,0.135439,3.668645,0.008848
Bark__bark 89_height,Bark,8,0,0,1,0,0,0,0.500000,3.000000,2.000000,0.545605,0.891173,0.311272,0.985651,0.452651,0.828247,0.068371,2.138541,0.002122
Bark__bark 89_height,Bark,8,0,0,1,0,0,0,0.500000,4.500000,2.000000,0.468063,0.885288,0.259857,0.987538,0.444083,0.816010,0.068339,2.246641,0.002147
Bark__bark 89_height,Bark,8,0,0,1,0,0,0,0.500000,0.500000,2.000000,1.668257,0.950519,0.675633,0.961548,0.295216,0.854669,0.073036,1.590737,0.002135
Bark__bark 89_height,Bark,8,0,0,1,0,0,0,1.000000,1.500000,0.500000,7.055379,0.608190,0.116450,0.974786,2.861112,0.554130,0.187012,5.875000,0.011920
Bark__bark 89_height,Bark,8,0,0,1,0,0,0,1.000000,4.500000,2.000000,0.999235,0.835611,0.187070,0.988981,1.002748,0.672478,0.106842,3.699895,0.003417
Bark__bark 89_height,Bark,8,0,0,1,0,0,0,1.500000,0.500000,1.500000,4.995661,0.866463,0.376993,0.972700,0.900752,0.577340,0.151845,3.668645,0.006049
Bark__bark 89_height,Bark,8,0,0,1,0,0,0,1.500000,1.500000,2.000000,2.065233,0.834927,0.215635,0.985925,1.643635,0.610020,0.136181,4.090446,0.004394
Bark__bark 89_height,Bark,8,0,0,1,0,0,0,1.500000,3.000000,1.000000,3.876235,0.685985,0.121225,0.983276,2.283681,0.477189,0.170462,5.327820,0.008140
Bark__bark 89_height,Bark,8,0,0,1,0,0,0,2.000000,1.500000,2.000000,2.663412,0.817057,0.168504,0.985867,2.154662,0.525482,0.154366,4.827209,0.005065
Bark__bark 89_height,Bark,8,0,0,1,0,0,0,2.000000,4.500000,0.500000,5.554205,0.578406,0.083216,0.982491,2.606347,0.323235,0.199475,6.000000,0.011180
Bark__bark 89_height,Bark,10,0,0,0,1,0,0,0.500000,0.500000,0.500000,6.052397,0.779809,0.302538,0.958698,1.046923,0.741099,0.133974,3.569061,0.008769
Bark__bark 89_height,Bark,10,0,0,0,1,0,0,0.500000,3.000000,2.000000,0.482007,0.889536,0.286364,0.985697,0.448067,0.832192,0.063988,2.107291,0.002096
Bark__bark 89_height,Bark,10,0,0,0,1,0,0,0.500000,4.500000,2.000000,0.439359,0.882769,0.248525,0.987407,0.449328,0.818727,0.065376,2.354228,0.002130
Bark__bark 89_height,Bark,10,0,0,0,1,0,0,0.500000,0.500000,2.000000,1.283445,0.946496,0.599056,0.963404,0.237631,0.853882,0.065690,1.256566,0.002019
Bark__bark 89_height,Bark,10,0,0,0,1,0,0,1.000000,1.500000,0.500000,6.801306,0.595247,0.096549,0.975717,2.830489,0.553110,0.187089,5.818599,0.011949
Bark__bark 89_height,Bark,10,0,0,0,1,0,0,1.000000,4.500000,2.000000,1.009500,0.833090,0.189903,0.988958,1.011293,0.671391,0.107466,3.699895,0.003459
Bark__bark 89_height,Bark,10,0,0,0,1,0,0,1.500000,0.500000,1.500000,3.972148,0.843930,0.320729,0.977365,1.083300,0.581028,0.148524,3.398984,0.005954
Bark__bark 89_height,Bark,10,0,0,0,1,0,0,1.500000,1.500000,2.000000,1.959456,0.826479,0.182399,0.986379,1.674712,0.609950,0.134973,4.249389,0.004413
Bark__bark 89_height,Bark,10,0,0,0,1,0,0,1.500000,3.000000,1.000000,3.836522,0.683746,0.111574,0.983533,2.264887,0.476727,0.170954,5.248348,0.008149
Bark__bark 89_height,Bark,10,0,0,0,1,0,0,2.000000,1.500000,2.000000,2.584680,0.811869,0.163189,0.986509,2.155979,0.524691,0.153635,4.795959,0.005070
Bark__bark 89_height,Bark,10,0,0,0,1,0,0,2.000000,4.500000,0.500000,5.511844,0.578060,0.082369,0.982603,2.578249,0.323342,0.199217,5.968750,0.011137
Bark__bark 89_height,Bark,12,0,0,0,0,1,0,0.500000,0.500000,0.500000,5.285774,0.761295,0.282970,0.962586,1.048809,0.739174,0.132383,4.090446,0.008724
Bark__bark 89_height,Bark,12,0,0,0,0,1,0,0.500000,3.000000,2.000000,0.453860,0.887654,0.245849,0.987333,0.449121,0.830785,0.065920,2.215391,0.002068
Bark__bark 89_height,Bark,12,0,0,0,0,1,0,0.500000,4.500000,2.000000,0.424134,0.883001,0.219989,0.988394,0.444745,0.817024,0.066681,2.246641,0.002102
Bark__bark 89_height,Bark,12,0,0,0,0,1,0,0.500000,0.500000,2.000000,1.037027,0.936724,0.550470,0.968608,0.265948,0.855496,0.061679,1.590737,0.001955
Bark__bark 89_height,Bark,12,0,0,0,0,1,0,1.000000,1.500000,0.500000,6.649260,0.588680,0.087714,0.976029,2.835603,0.552447,0.186319,5.787349,0.011921
Bark__bark 89_height,Bark,12,0,0,0,0,1,0,1.000000,4.500000,2.000000,1.000930,0.834884,0.168418,0.989043,1.008355,0.670917,0.107314,3.699895,0.003427
Bark__bark 89_height,Bark,12,0,0,0,0,1,0,1.500000,0.500000,1.500000,3.691904,0.832931,0.285801,0.979067,1.089321,0.580350,0.148226,3.865532,0.006001
Bark__bark 89_height,Bark,12,0,0,0,0,1,0,1.500000,1.500000,2.000000,1.892510,0.825223,0.174653,0.986691,1.698945,0.611680,0.133259,4.280639,0.004368
Bark__bark 89_height,Bark,12,0,0,0,0,1,0,1.500000,3.000000,1.000000,3.817896,0.684405,0.107863,0.983554,2.258771,0.476586,0.170721,5.327820,0.008130
Bark__bark 89_height,Bark,12,0,0,0,0,1,0,2.000000,1.500000,2.000000,2.551430,0.813817,0.170406,0.986543,2.151226,0.524867,0.153380,4.914268,0.005015
Bark__bark 89_height,Bark,12,0,0,0,0,1,0,2.000000,4.500000,0.500000,5.505938,0.577910,0.082362,0.982633,2.580752,0.323576,0.199250,6.000000,0.011124
Bark__bark 89_height,Bark,16,0,0,0,0,0,1,0.500000,0.500000,0.500000,4.404327,0.721339,0.209470,0.968865,1.245117,0.739492,0.132799,4.280639,0.008679
Bark__bark 89_height,Bark,16,0,0,0,0,0,1,0.500000,3.000000,2.000000,0.426439,0.890013,0.225503,0.987095,0.435155,0.829327,0.064011,2.246641,0.002039
Bark__bark 89_height,Bark,16,0,0,0,0,0,1,0.500000,4.500000,2.000000,0.412259,0.886217,0.218153,0.987920,0.430871,0.816287,0.064994,2.246641,0.002071
Bark__bark 89_height,Bark,16,0,0,0,0,0,1,0.500000,0.500000,2.000000,0.729326,0.923212,0.410144,0.976066,0.285862,0.857453,0.060200,1.448536,0.001909
Bark__bark 89_height,Bark,16,0,0,0,0,0,1,1.000000,1.500000,0.500000,6.594840,0.583845,0.077668,0.976273,2.850577,0.552754,0.186611,5.818599,0.011929
Bark__bark 89_height,Bark,16,0,0,0,0,0,1,1.000000,4.500000,2.000000,0.991977,0.834646,0.179575,0.989003,1.003141,0.671642,0.106501,3.699895,0.003414
Bark__bark 89_height,Bark,16,0,0,0,0,0,1,1.500000,0.500000,1.500000,3.235808,0.816157,0.260533,0.981242,1.334711,0.579826,0.147222,4.059196,0.005934
Bark__bark 89_height,Bark,16,0,0,0,0,0,1,1.500000,1.500000,2.000000,1.856337,0.828452,0.173880,0.986953,1.680922,0.611865,0.133700,4.280639,0.004323
Bark__bark 89_height,Bark,16,0,0,0,0,0,1,1.500000,3.000000,1.000000,3.824442,0.682412,0.107701,0.983601,2.261271,0.476471,0.171071,5.327820,0.008158
Bark__bark 89_height,Bark,16,0,0,0,0,0,1,2.000000,1.500000,2.000000,2.536017,0.812624,0.164425,0.986478,2.151615,0.524344,0.152881,4.914268,0.005023
Bark__bark 89_height,Bark,16,0,0,0,0,0,1,2.000000,4.500000,0.500000,5.491846,0.578597,0.083285,0.982624,2.566245,0.323511,0.199028,6.000000,0.011121
Bark__bark 9_height,Bark,4,1,0,0,0,0,0,0.500000,0.500000,0.500000,21.818980,0.856929,0.619084,0.895213,1.194832,0.741588,0.160386,3.060667,0.011698
Bark__bark 9_height,Bark,4,1,0,0,0,0,0,0.500000,3.000000,2.000000,1.118315,0.889283,0.271854,0.986288,0.773428,0.911966,0.100279,2.461292,0.002634
Bark__bark 9_height,Bark,4,1,0,0,0,0,0,0.500000,4.500000,2.000000,0.851061,0.867755,0.192940,0.987476,0.615989,0.874659,0.091449,2.461292,0.002805
Bark__bark 9_height,Bark,4,1,0,0,0,0,0,0.500000,0.500000,2.000000,2.414852,0.976105,0.817137,0.971212,0.449876,0.960924,0.102139,1.368393,0.001453
Bark__bark 9_height,Bark,4,1,0,0,0,0,0,1.000000,1.500000,0.500000,12.926446,0.709303,0.285309,0.950881,3.403204,0.587521,0.181304,6.000000,0.012613
Bark__bark 9_height,Bark,4,1,0,0,0,0,0,1.000000,4.500000,2.000000,1.240223,0.860486,0.409265,0.980156,0.834973,0.715756,0.087212,2.779208,0.003232
Bark__bark 9_height,Bark,4,1,0,0,0,0,0,1.500000,0.500000,1.500000,8.983640,0.929685,0.639765,0.940115,0.914437,0.662481,0.137112,2.461292,0.004983
Bark__bark 9_height,Bark,4,1,0,0,0,0,0,1.500000,1.500000,2.000000,3.434194,0.896906,0.466694,0.967820,1.837356,0.696088,0.114822,4.311845,0.003857
Bark__bark 9_height,Bark,4,1,0,0,0,0,0,1.500000,3.000000,1.000000,5.842025,0.701464,0.178256,0.973674,2.838080,0.521472,0.166680,5.894455,0.009325
Bark__bark 9_height,Bark,4,1,0,0,0,0,0,2.000000,1.500000,2.000000,4.555841,0.874186,0.445708,0.975188,2.271569,0.627504,0.152435,4.558771,0.005019
Bark__bark 9_height,Bark,4,1,0,0,0,0,0,2.000000,4.500000,0.500000,7.819235,0.561955,0.112473,0.972036,3.169181,0.343380,0.187035,5.968750,0.013041
Bark__bark 9_height,Bark,6,0,1,0,0,0,0,0.500000,0.500000,0.500000,9.927871,0.848405,0.559906,0.924438,1.096718,0.761172,0.129021,3.600311,0.008815
Bark__bark 9_height,Bark,6,0,1,0,0,0,0,0.500000,3.000000,2.000000,0.824471,0.883437,0.540324,0.978016,0.379624,0.851396,0.067330,1.590737,0.002514
Bark__bark 9_height,Bark,6,0,1,0,0,0,0,0.500000,4.500000,2.000000,0.534807,0.889374,0.467360,0.980182,0.350343,0.839941,0.057425,1.701238,0.002173
Bark__bark 9_height,Bark,6,0,1,0,0,0,0,0.500000,0.500000,2.000000,3.476282,0.941432,0.644259,0.952730,0.231902,0.877534,0.091923,0.918564,0.003005
Bark__bark 9_height,Bark,6,0,1,0,0,0,0,1.000000,1.500000,0.500000,9.410583,0.625694,0.173913,0.961403,3.429508,0.581031,0.174405,5.937500,0.013047
Bark__bark 9_height,Bark,6,0,1,0,0,0,0,1.000000,4.500000,2.000000,0.932270,0.860487,0.217075,0.983432,0.894395,0.730039,0.084267,3.091917,0.003007
Bark__bark 9_height,Bark,6,0,1,0,0,0,0,1.500000,0.500000,1.500000,6.560513,0.887220,0.466120,0.951835,0.919698,0.644547,0.131913,2.957035,0.006086
Bark__bark 9_height,Bark,6,0,1,0,0,0,0,1.500000,1.500000,2.000000,2.690215,0.852541,0.284459,0.976187,1.746900,0.687590,0.119015,4.090446,0.004483
Bark__bark 9_height,Bark,6,0,1,0,0,0,0,1.500000,3.000000,1.000000,4.924141,0.685407,0.133175,0.974579,2.693461,0.517075,0.155764,5.296570,0.008951
Bark__bark 9_height,Bark,6,0,1,0,0,0,0,2.000000,1.500000,2.000000,3.227261,0.847756,0.346456,0.977044,2.093495,0.613271,0.133517,4.185994,0.004997
Bark__bark 9_height,Bark,6,0,1,0,0,0,0,2.000000,4.500000,0.500000,6.886496,0.553870,0.083119,0.973197,3.026778,0.343076,0.179533,5.968750,0.012536
Bark__bark 9_height,Bark,8,0,0,1,0,0,0,0.500000,0.500000,0.500000,7.664888,0.810621,0.414162,0.940652,1.053099,0.763264,0.126268,4.027946,0.008843
Bark__bark 9_height,Bark,8,0,0,1,0,0,0,0.500000,3.000000,2.000000,0.460019,0.908947,0.416701,0.977278,0.440566,0.865614,0.049306,1.920849,0.001747
Bark__bark 9_height,Bark,8,0,0,1,0,0,0,0.500000,4.500000,2.000000,0.362542,0.907301,0.351345,0.981711,0.403318,0.851125,0.048878,2.029940,0.001723
Bark__bark 9_height,Bark,8,0,0,1,0,0,0,0.500000,0.500000,2.000000,1.498458,0.955538,0.760273,0.940937,0.198973,0.886394,0.055944,1.144314,0.001934
Bark__bark 9_height,Bark,8,0,0,1,0,0,0,1.000000,1.500000,0.500000,8.250161,0.591401,0.118158,0.965189,3.451232,0.582844,0.172305,6.000000,0.012940
Bark__bark 9_height,Bark,8,0,0,1,0,0,0,1.000000,4.500000,2.000000,0.970706,0.852012,0.240637,0.982782,0.910655,0.724671,0.084308,3.091917,0.003147
Bark__bark 9_height,Bark,8,0,0,1,0,0,0,1.500000,0.500000,1.500000,4.812840,0.870014,0.353221,0.963792,1.004844,0.645517,0.129638,3.637395,0.005809
Bark__bark 9_height,Bark,8,0,0,1,0,0,0,1.500000,1.500000,2.000000,2.059873,0.850417,0.244948,0.979096,1.656395,0.691738,0.111730,3.994032,0.004140
Bark__bark 9_height,Bark,8,0,0,1,0,0,0,1.500000,3.000000,1.000000,4.661746,0.680603,0.114059,0.974874,2.673294,0.514506,0.152404,5.554229,0.008851
Bark__bark 9_height,Bark,8,0,0,1,0,0,0,2.000000,1.500000,2.000000,2.974371,0.835441,0.222023,0.978435,2.130523,0.611904,0.131510,4.123494,0.004953
Bark__bark 9_height,Bark,8,0,0,1,0,0,0,2.000000,4.500000,0.500000,6.766773,0.554847,0.078819,0.973185,2.986008,0.344421,0.177953,6.000000,0.012424
Bark__bark 9_height,Bark,10,0,0,0,1,0,0,0.500000,0.500000,0.500000,6.404093,0.772591,0.342613,0.948958,1.312517,0.760490,0.123765,4.059196,0.009047
Bark__bark 9_height,Bark,10,0,0,0,1,0,0,0.500000,3.000000,2.000000,0.405986,0.909011,0.328144,0.979159,0.389841,0.869384,0.049386,1.701238,0.001737
Bark__bark 9_height,Bark,10,0,0,0,1,0,0,0.500000,4.500000,2.000000,0.348235,0.904982,0.279763,0.982035,0.358815,0.852031,0.048501,1.811278,0.001733
Bark__bark 9_height,Bark,10,0,0,0,1,0,0,0.500000,0.500000,2.000000,1.006208,0.957443,0.694666,0.954167,0.225645,0.890574,0.052170,1.256566,0.001600
Bark__bark 9_height,Bark,10,0,0,0,1,0,0,1.000000,1.500000,0.500000,7.883474,0.585726,0.108083,0.965902,3.426673,0.581716,0.170101,5.968750,0.012795
Bark__bark 9_height,Bark,10,0,0,0,1,0,0,1.000000,4.500000,2.000000,0.864013,0.857597,0.211900,0.983633,0.867192,0.725617,0.081270,3.091917,0.002955
Bark__bark 9_height,Bark,10,0,0,0,1,0,0,1.500000,0.500000,1.500000,4.242029,0.851267,0.316965,0.967056,1.133705,0.643122,0.127225,3.297285,0.005847
Bark__bark 9_height,Bark,10,0,0,0,1,0,0,1.500000,1.500000,2.000000,2.102217,0.848006,0.278390,0.978681,1.675383,0.687830,0.111819,3.896782,0.004179
Bark__bark 9_height,Bark,10,0,0,0,1,0,0,1.500000,3.000000,1.000000,4.652554,0.679146,0.111330,0.975070,2.705927,0.513380,0.152997,5.661696,0.008877
Bark__bark 9_height,Bark,10,0,0,0,1,0,0,2.000000,1.500000,2.000000,2.897278,0.828755,0.176526,0.979803,2.194922,0.612799,0.133878,4.467070,0.005025
Bark__bark 9_height,Bark,10,0,0,0,1,0,0,2.000000,4.500000,0.500000,6.807577,0.554434,0.078529,0.973173,2.982931,0.344523,0.178293,5.968750,0.012439
Bark__bark 9_height,Bark,12,0,0,0,0,1,0,0.500000,0.500000,0.500000,5.710216,0.755131,0.309124,0.952914,1.327907,0.760119,0.122321,4.374345,0.009019
Bark__bark 9_height,Bark,12,0,0,0,0,1,0,0.500000,3.000000,2.000000,0.383190,0.904784,0.268195,0.980774,0.382058,0.867920,0.049500,1.811278,0.001783
Bark__bark 9_height,Bark,12,0,0,0,0,1,0,0.500000,4.500000,2.000000,0.350194,0.901603,0.272621,0.982721,0.378984,0.850796,0.049389,1.920849,0.001773
Bark__bark 9_height,Bark,12,0,0,0,0,1,0,0.500000,0.500000,2.000000,0.943770,0.941607,0.559320,0.959484,0.186042,0.891796,0.051948,1.144314,0.001797
Bark__bark 9_height,Bark,12,0,0,0,0,1,0,1.000000,1.500000,0.500000,7.664038,0.580470,0.095897,0.966438,3.388271,0.581051,0.168877,5.968750,0.012666
Bark__bark 9_height,Bark,12,0,0,0,0,1,0,1.000000,4.500000,2.000000,0.853568,0.856602,0.213838,0.983531,0.855809,0.723746,0.080451,3.091917,0.002963
Bark__bark 9_height,Bark,12,0,0,0,0,1,0,1.500000,0.500000,1.500000,3.913790,0.843451,0.308549,0.969266,1.179185,0.642102,0.126431,3.600311,0.005903
Bark__bark 9_height,Bark,12,0,0,0,0,1,0,1.500000,1.500000,2.000000,1.982557,0.846246,0.185985,0.979654,1.662147,0.690514,0.111086,3.798727,0.004119
Bark__bark 9_height,Bark,12,0,0,0,0,1,0,1.500000,3.000000,1.000000,4.651025,0.677646,0.108433,0.975117,2.692356,0.513755,0.152903,5.625000,0.008864
Bark__bark 9_height,Bark,12,0,0,0,0,1,0,2.000000,1.500000,2.000000,2.928801,0.827197,0.182089,0.979372,2.198226,0.613928,0.133052,4.374345,0.005062
Bark__bark 9_height,Bark,12,0,0,0,0,1,0,2.000000,4.500000,0.500000,6.811391,0.554163,0.078590,0.973220,2.971274,0.345003,0.178608,5.968750,0.012449
Bark__bark 9_height,Bark,16,0,0,0,0,0,1,0.500000,0.500000,0.500000,4.705231,0.716592,0.239895,0.960118,1.555888,0.760459,0.121258,4.707647,0.008974
Bark__bark 9_height,Bark,16,0,0,0,0,0,1,0.500000,3.000000,2.000000,0.389932,0.902217,0.286941,0.979517,0.384805,0.865888,0.048324,1.811278,0.001803
Bark__bark 9_height,Bark,16,0,0,0,0,0,1,0.500000,4.500000,2.000000,0.345563,0.902008,0.274411,0.981765,0.356897,0.849827,0.048061,1.920849,0.001757
Bark__bark 9_height,Bark,16,0,0,0,0,0,1,0.500000,0.500000,2.000000,0.706185,0.927974,0.490225,0.967338,0.239727,0.890354,0.049100,1.256566,0.001774
Bark__bark 9_height,Bark,16,0,0,0,0,0,1,1.000000,1.500000,0.500000,7.613328,0.575666,0.084678,0.966593,3.393463,0.580832,0.168927,5.937500,0.012717
Bark__bark 9_height,Bark,16,0,0,0,0,0,1,1.000000,4.500000,2.000000,0.836859,0.859379,0.217958,0.983664,0.855729,0.724579,0.080337,3.091917,0.002922
Bark__bark 9_height,Bark,16,0,0,0,0,0,1,1.500000,0.500000,1.500000,3.617952,0.822649,0.236407,0.971925,1.442035,0.643445,0.126710,4.090446,0.005911
Bark__bark 9_height,Bark,16,0,0,0,0,0,1,1.500000,1.500000,2.000000,2.040563,0.844349,0.184633,0.979185,1.658498,0.689216,0.111788,3.798727,0.004202
Bark__bark 9_height,Bark,16,0,0,0,0,0,1,1.500000,3.000000,1.000000,4.669596,0.678752,0.107871,0.975147,2.690196,0.514141,0.153451,5.593750,0.008886
Bark__bark 9_height,Bark,16,0,0,0,0,0,1,2.000000,1.500000,2.000000,2.871252,0.829607,0.171956,0.979362,2.162553,0.611804,0.132565,4.374345,0.005016
Bark__bark 9_height,Bark,16,0,0,0,0,0,1,2.000000,4.500000,0.500000,6.779225,0.555371,0.079037,0.973219,2.956663,0.344685,0.178219,6.000000,0.012414
Wood__black_fine_wood_pbr_18_16_height,Wood,4,1,0,0,0,0,0,0.500000,0.500000,0.500000,2.747003,0.838489,0.313538,0.935395,1.000124,0.943933,0.072662,2.567818,0.004405
Wood__black_fine_wood_pbr_18_16_height,Wood,4,1,0,0,0,0,0,0.500000,3.000000,2.000000,0.349584,0.912578,0.307932,0.975876,0.280315,0.875509,0.041828,1.479786,0.001616
Wood__black_fine_wood_pbr_18_16_height,Wood,4,1,0,0,0,0,0,0.500000,4.500000,2.000000,0.332263,0.908103,0.334900,0.978161,0.299468,0.849342,0.042589,1.811278,0.001645
Wood__black_fine_wood_pbr_18_16_height,Wood,4,1,0,0,0,0,0,0.500000,0.500000,2.000000,0.003821,0.998089,0.957271,0.951972,0.012639,0.999794,0.001041,0.116115,0.000010
Wood__black_fine_wood_pbr_18_16_height,Wood,4,1,0,0,0,0,0,1.000000,1.500000,0.500000,3.302276,0.725463,0.140361,0.965765,1.855174,0.592686,0.110163,4.280639,0.007369
Wood__black_fine_wood_pbr_18_16_height,Wood,4,1,0,0,0,0,0,1.000000,4.500000,2.000000,0.312551,0.910603,0.301861,0.989993,0.451117,0.625063,0.063474,2.246641,0.001671
Wood__black_fine_wood_pbr_18_16_height,Wood,4,1,0,0,0,0,0,1.500000,0.500000,1.500000,2.554060,0.888585,0.284067,0.961633,1.032276,0.847612,0.091149,2.779208,0.003607
Wood__black_fine_wood_pbr_18_16_height,Wood,4,1,0,0,0,0,0,1.500000,1.500000,2.000000,0.886405,0.895167,0.269389,0.967070,0.929990,0.657682,0.058897,2.779208,0.002534
Wood__black_fine_wood_pbr_18_16_height,Wood,4,1,0,0,0,0,0,1.500000,3.000000,1.000000,2.956276,0.742339,0.134239,0.973760,1.736070,0.450095,0.119098,4.558771,0.006525
Wood__black_fine_wood_pbr_18_16_height,Wood,4,1,0,0,0,0,0,2.000000,1.500000,2.000000,0.886405,0.895167,0.269389,0.967070,0.929990,0.657682,0.058897,2.779208,0.002534
Wood__black_fine_wood_pbr_18_16_height,Wood,4,1,0,0,0,0,0,2.000000,4.500000,0.500000,3.673790,0.631552,0.095577,0.974348,1.486264,0.380882,0.134836,4.738897,0.008922
Wood__black_fine_wood_pbr_18_16_height,Wood,6,0,1,0,0,0,0,0.500000,0.500000,0.500000,3.712287,0.878249,0.521796,0.905782,0.511095,0.853200,0.069604,1.920849,0.005118
Wood__black_fine_wood_pbr_18_16_height,Wood,6,0,1,0,0,0,0,0.500000,3.000000,2.000000,0.116191,0.952611,0.478234,0.956800,0.115252,0.811968,0.017386,0.805082,0.000798
Wood__black_fine_wood_pbr_18_16_height,Wood,6,0,1,0,0,0,0,0.500000,4.500000,2.000000,0.099802,0.955603,0.475713,0.961934,0.088248,0.800119,0.017517,0.918564,0.000757
Wood__black_fine_wood_pbr_18_16_height,Wood,6,0,1,0,0,0,0,0.500000,0.500000,2.000000,0.054741,0.976383,0.645577,0.949279,0.090128,0.959990,0.012926,0.576938,0.000460
Wood__black_fine_wood_pbr_18_16_height,Wood,6,0,1,0,0,0,0,1.000000,1.500000,0.500000,5.370009,0.677024,0.109615,0.959142,2.364194,0.619485,0.129005,5.000000,0.009646
Wood__black_fine_wood_pbr_18_16_height,Wood,6,0,1,0,0,0,0,1.000000,4.500000,2.000000,0.485382,0.891113,0.250557,0.982460,0.514037,0.669429,0.059781,2.354228,0.002116
Wood__black_fine_wood_pbr_18_16_height,Wood,6,0,1,0,0,0,0,1.500000,0.500000,1.500000,3.621522,0.890421,0.252799,0.958327,0.978356,0.837539,0.104316,2.747958,0.003853
Wood__black_fine_wood_pbr_18_16_height,Wood,6,0,1,0,0,0,0,1.500000,1.500000,2.000000,0.806169,0.900448,0.271329,0.964729,0.906575,0.638521,0.053820,2.747958,0.002366
Wood__black_fine_wood_pbr_18_16_height,Wood,6,0,1,0,0,0,0,1.500000,3.000000,1.000000,1.646962,0.784167,0.170380,0.970942,1.133130,0.479712,0.083886,3.600311,0.004788
Wood__black_fine_wood_pbr_18_16_height,Wood,6,0,1,0,0,0,0,2.000000,1.500000,2.000000,1.221413,0.887796,0.249011,0.966831,1.198371,0.594113,0.068307,3.297285,0.002954
Wood__black_fine_wood_pbr_18_16_height,Wood,6,0,1,0,0,0,0,2.000000,4.500000,0.500000,3.603509,0.636232,0.101079,0.972905,1.425263,0.303682,0.129944,4.558771,0.008812
Wood__black_fine_wood_pbr_18_16_height,Wood,8,0,0,1,0,0,0,0.500000,0.500000,0.500000,2.379998,0.804820,0.223900,0.940451,0.899060,0.864226,0.070428,2.354228,0.005440
Wood__black_fine_wood_pbr_18_16_height,Wood,8,0,0,1,0,0,0,0.500000,3.000000,2.000000,0.205195,0.933567,0.396760,0.969868,0.198444,0.810318,0.028846,1.256566,0.001170
Wood__black_fine_wood_pbr_18_16_height,Wood,8,0,0,1,0,0,0,0.500000,4.500000,2.000000,0.195760,0.930098,0.385632,0.974317,0.174007,0.792176,0.029876,1.256566,0.001207
Wood__black_fine_wood_pbr_18_16_height,Wood,8,0,0,1,0,0,0,0.500000,0.500000,2.000000,0.084542,0.967185,0.498929,0.955947,0.090878,0.963365,0.013388,0.576938,0.000530
Wood__black_fine_wood_pbr_18_16_height,Wood,8,0,0,1,0,0,0,1.000000,1.500000,0.500000,3.645192,0.705769,0.127203,0.956583,1.892612,0.594226,0.103190,4.558771,0.007971
Wood__black_fine_wood_pbr_18_16_height,Wood,8,0,0,1,0,0,0,1.000000,4.500000,2.000000,0.360215,0.902659,0.274745,0.980007,0.390304,0.632952,0.047801,2.029940,0.001806
Wood__black_fine_wood_pbr_18_16_height,Wood,8,0,0,1,0,0,0,1.500000,0.500000,1.500000,1.998274,0.883008,0.244550,0.963779,1.131204,0.860882,0.082916,2.747958,0.003392
Wood__black_fine_wood_pbr_18_16_height,Wood,8,0,0,1,0,0,0,1.500000,1.500000,2.000000,0.878732,0.893083,0.257467,0.969028,0.909974,0.682143,0.060925,2.884043,0.002566
Wood__black_fine_wood_pbr_18_16_height,Wood,8,0,0,1,0,0,0,1.500000,3.000000,1.000000,2.966797,0.741468,0.138098,0.972756,1.649147,0.468732,0.117014,4.280639,0.006563
Wood__black_fine_wood_pbr_18_16_height,Wood,8,0,0,1,0,0,0,2.000000,1.500000,2.000000,1.077009,0.893810,0.264791,0.965011,1.105412,0.594232,0.062827,3.194923,0.002738
Wood__black_fine_wood_pbr_18_16_height,Wood,8,0,0,1,0,0,0,2.000000,4.500000,0.500000,3.056400,0.651408,0.105261,0.973622,1.303375,0.332382,0.121467,4.467070,0.008122
Wood__black_fine_wood_pbr_18_16_height,Wood,10,0,0,0,1,0,0,0.500000,0.500000,0.500000,2.412832,0.795700,0.206216,0.943961,1.066262,0.873739,0.073080,2.673795,0.005531
Wood__black_fine_wood_pbr_18_16_height,Wood,10,0,0,0,1,0,0,0.500000,3.000000,2.000000,0.282565,0.920130,0.338488,0.974048,0.261725,0.811122,0.035685,1.368393,0.001414
Wood__black_fine_wood_pbr_18_16_height,Wood,10,0,0,0,1,0,0,0.500000,4.500000,2.000000,0.263766,0.918531,0.361241,0.975544,0.234703,0.789333,0.036240,1.368393,0.001442
Wood__black_fine_wood_pbr_18_16_height,Wood,10,0,0,0,1,0,0,0.500000,0.500000,2.000000,0.068949,0.972108,0.553926,0.952443,0.086407,0.968056,0.013431,0.576938,0.000517
Wood__black_fine_wood_pbr_18_16_height,Wood,10,0,0,0,1,0,0,1.000000,1.500000,0.500000,4.794873,0.683800,0.114360,0.957184,2.181436,0.609774,0.119470,4.914268,0.009161
Wood__black_fine_wood_pbr_18_16_height,Wood,10,0,0,0,1,0,0,1.000000,4.500000,2.000000,0.448662,0.894992,0.275931,0.979350,0.446108,0.656476,0.052961,2.138541,0.002037
Wood__black_fine_wood_pbr_18_16_height,Wood,10,0,0,0,1,0,0,1.500000,0.500000,1.500000,2.542836,0.889864,0.285956,0.961163,1.024829,0.849151,0.090446,2.747958,0.003552
Wood__black_fine_wood_pbr_18_16_height,Wood,10,0,0,0,1,0,0,1.500000,1.500000,2.000000,0.875215,0.896792,0.264703,0.966439,0.929909,0.660233,0.057643,2.779208,0.002489
Wood__black_fine_wood_pbr_18_16_height,Wood,10,0,0,0,1,0,0,1.500000,3.000000,1.000000,2.534872,0.754261,0.145506,0.972854,1.512255,0.465304,0.108364,4.185994,0.006041
Wood__black_fine_wood_pbr_18_16_height,Wood,10,0,0,0,1,0,0,2.000000,1.500000,2.000000,1.190751,0.885429,0.241951,0.966416,1.213508,0.576712,0.066084,3.297285,0.002891
Wood__black_fine_wood_pbr_18_16_height,Wood,10,0,0,0,1,0,0,2.000000,4.500000,0.500000,2.554401,0.675042,0.121404,0.971580,1.104808,0.323770,0.107097,3.962782,0.007339
Wood__black_fine_wood_pbr_18_16_height,Wood,12,0,0,0,0,1,0,0.500000,0.500000,0.500000,1.752128,0.805546,0.209462,0.946079,0.865189,0.894184,0.062846,2.246641,0.004746
Wood__black_fine_wood_pbr_18_16_height,Wood,12,0,0,0,0,1,0,0.500000,3.000000,2.000000,0.234901,0.927971,0.354041,0.973308,0.200490,0.840455,0.032476,1.256566,0.001269
Wood__black_fine_wood_pbr_18_16_height,Wood,12,0,0,0,0,1,0,0.500000,4.500000,2.000000,0.226967,0.924310,0.357320,0.976489,0.203247,0.820229,0.033889,1.368393,0.001320
Wood__black_fine_wood_pbr_18_16_height,Wood,12,0,0,0,0,1,0,0.500000,0.500000,2.000000,0.064489,0.972136,0.544950,0.953371,0.063395,0.975004,0.010781,0.462290,0.000412
Wood__black_fine_wood_pbr_18_16_height,Wood,12,0,0,0,0,1,0,1.000000,1.500000,0.500000,3.816518,0.700406,0.124927,0.955931,1.934895,0.595452,0.104913,4.649397,0.008193
Wood__black_fine_wood_pbr_18_16_height,Wood,12,0,0,0,0,1,0,1.000000,4.500000,2.000000,0.373234,0.902959,0.286283,0.977573,0.368851,0.635786,0.046555,2.029940,0.001846
Wood__black_fine_wood_pbr_18_16_height,Wood,12,0,0,0,0,1,0,1.500000,0.500000,1.500000,2.980697,0.890243,0.295939,0.960298,0.948012,0.842900,0.096866,2.779208,0.003734
Wood__black_fine_wood_pbr_18_16_height,Wood,12,0,0,0,0,1,0,1.500000,1.500000,2.000000,0.844123,0.899528,0.265482,0.965561,0.912483,0.648348,0.056140,2.852793,0.002429
Wood__black_fine_wood_pbr_18_16_height,Wood,12,0,0,0,0,1,0,1.500000,3.000000,1.000000,2.306453,0.759341,0.149240,0.972800,1.449293,0.463331,0.102866,4.090446,0.005733
Wood__black_fine_wood_pbr_18_16_height,Wood,12,0,0,0,0,1,0,2.000000,1.500000,2.000000,1.109267,0.892497,0.257283,0.964566,1.149904,0.580205,0.063377,3.163673,0.002781
Wood__black_fine_wood_pbr_18_16_height,Wood,12,0,0,0,0,1,0,2.000000,4.500000,0.500000,2.419928,0.678297,0.119722,0.972346,1.092479,0.338354,0.105686,4.090446,0.007159
Wood__black_fine_wood_pbr_18_16_height,Wood,16,0,0,0,0,0,1,0.500000,0.500000,0.500000,2.243958,0.811858,0.237771,0.939127,0.833174,0.871730,0.067066,2.246641,0.005188
Wood__black_fine_wood_pbr_18_16_height,Wood,16,0,0,0,0,0,1,0.500000,3.000000,2.000000,0.201694,0.933365,0.367192,0.971902,0.185520,0.819607,0.029080,1.256566,0.001172
Wood__black_fine_wood_pbr_18_16_height,Wood,16,0,0,0,0,0,1,0.500000,4.500000,2.000000,0.193459,0.931083,0.408313,0.973788,0.180353,0.801637,0.030114,1.256566,0.001198
Wood__black_fine_wood_pbr_18_16_height,Wood,16,0,0,0,0,0,1,0.500000,0.500000,2.000000,0.075817,0.970603,0.530497,0.951928,0.086351,0.965939,0.012327,0.576938,0.000486
Wood__black_fine_wood_pbr_18_16_height,Wood,16,0,0,0,0,0,1,1.000000,1.500000,0.500000,3.920216,0.699103,0.124044,0.955796,1.957220,0.596110,0.106258,4.649397,0.008300
Wood__black_fine_wood_pbr_18_16_height,Wood,16,0,0,0,0,0,1,1.000000,4.500000,2.000000,0.384658,0.901826,0.290973,0.977242,0.381192,0.637079,0.046472,1.920849,0.001873
Wood__black_fine_wood_pbr_18_16_height,Wood,16,0,0,0,0,0,1,1.500000,0.500000,1.500000,2.537919,0.890327,0.283873,0.961164,1.024868,0.849350,0.090383,2.779208,0.003545
Wood__black_fine_wood_pbr_18_16_height,Wood,16,0,0,0,0,0,1,1.500000,1.500000,2.000000,0.867237,0.897912,0.270565,0.965859,0.926102,0.660843,0.057232,2.779208,0.002475
Wood__black_fine_wood_pbr_18_16_height,Wood,16,0,0,0,0,0,1,1.500000,3.000000,1.000000,2.470433,0.755573,0.144721,0.972698,1.475289,0.468273,0.106420,4.185994,0.005956
Wood__black_fine_wood_pbr_18_16_height,Wood,16,0,0,0,0,0,1,2.000000,1.500000,2.000000,1.145203,0.887365,0.251872,0.965909,1.172609,0.571430,0.064417,3.194923,0.002832
Wood__black_fine_wood_pbr_18_16_height,Wood,16,0,0,0,0,0,1,2.000000,4.500000,0.500000,2.474820,0.675264,0.117927,0.972583,1.111837,0.327058,0.107280,4.090446,0.007258
Wood__cgaxis_pbr_13_light_wood_5_height,Wood,4,1,0,0,0,0,0,0.500000,0.500000,0.500000,1.547142,0.881453,0.395723,0.935480,0.539953,0.943926,0.054777,1.701238,0.003035
Wood__cgaxis_pbr_13_light_wood_5_height,Wood,4,1,0,0,0,0,0,0.500000,3.000000,2.000000,0.212654,0.918182,0.283911,0.988766,0.314349,0.745681,0.049449,2.246641,0.001420
Wood__cgaxis_pbr_13_light_wood_5_height,Wood,4,1,0,0,0,0,0,0.500000,4.500000,2.000000,0.181208,0.920099,0.281905,0.990323,0.232622,0.730406,0.048891,2.138541,0.001346
Wood__cgaxis_pbr_13_light_wood_5_height,Wood,4,1,0,0,0,0,0,0.500000,0.500000,2.000000,0.114591,0.965330,0.517047,0.970922,0.073840,0.980588,0.019265,0.576938,0.000513
Wood__cgaxis_pbr_13_light_wood_5_height,Wood,4,1,0,0,0,0,0,1.000000,1.500000,0.500000,1.172162,0.799169,0.156083,0.981323,1.246718,0.610443,0.089457,4.280639,0.004476
Wood__cgaxis_pbr_13_light_wood_5_height,Wood,4,1,0,0,0,0,0,1.000000,4.500000,2.000000,0.286373,0.887462,0.198474,0.993964,0.427515,0.551639,0.077274,3.194923,0.001915
Wood__cgaxis_pbr_13_light_wood_5_height,Wood,4,1,0,0,0,0,0,1.500000,0.500000,1.500000,0.782208,0.914812,0.327070,0.977250,0.492175,0.881348,0.065337,2.029940,0.002089
Wood__cgaxis_pbr_13_light_wood_5_height,Wood,4,1,0,0,0,0,0,1.500000,1.500000,2.000000,0.692170,0.884906,0.211520,0.987866,1.087280,0.561108,0.085393,3.931532,0.002522
Wood__cgaxis_pbr_13_light_wood_5_height,Wood,4,1,0,0,0,0,0,1.500000,3.000000,1.000000,0.580918,0.838950,0.163724,0.991032,0.812935,0.429518,0.090936,4.090446,0.002962
Wood__cgaxis_pbr_13_light_wood_5_height,Wood,4,1,0,0,0,0,0,2.000000,1.500000,2.000000,0.850757,0.882291,0.203259,0.986192,1.217376,0.477042,0.088205,4.342070,0.002695
Wood__cgaxis_pbr_13_light_wood_5_height,Wood,4,1,0,0,0,0,0,2.000000,4.500000,0.500000,0.562287,0.812330,0.154896,0.991412,0.653395,0.312336,0.092065,3.994032,0.003331
Wood__cgaxis_pbr_13_light_wood_5_height,Wood,6,0,1,0,0,0,0,0.500000,0.500000,0.500000,1.764630,0.870522,0.297399,0.948623,0.627023,0.916370,0.065383,1.811278,0.003771
Wood__cgaxis_pbr_13_light_wood_5_height,Wood,6,0,1,0,0,0,0,0.500000,3.000000,2.000000,0.195116,0.918364,0.250803,0.991488,0.285200,0.738060,0.054694,2.354228,0.001400
Wood__cgaxis_pbr_13_light_wood_5_height,Wood,6,0,1,0,0,0,0,0.500000,4.500000,2.000000,0.180183,0.917309,0.243756,0.992723,0.237800,0.725303,0.056102,2.246641,0.001384
Wood__cgaxis_pbr_13_light_wood_5_height,Wood,6,0,1,0,0,0,0,0.500000,0.500000,2.000000,0.070857,0.968816,0.480427,0.978124,0.104180,0.969293,0.020352,0.691205,0.000518
Wood__cgaxis_pbr_13_light_wood_5_height,Wood,6,0,1,0,0,0,0,1.000000,1.500000,0.500000,1.079102,0.801898,0.159059,0.981965,1.177129,0.602616,0.087690,4.059196,0.004305
Wood__cgaxis_pbr_13_light_wood_5_height,Wood,6,0,1,0,0,0,0,1.000000,4.500000,2.000000,0.271299,0.890052,0.206812,0.993765,0.389306,0.548841,0.074719,3.091917,0.001859
Wood__cgaxis_pbr_13_light_wood_5_height,Wood,6,0,1,0,0,0,0,1.500000,0.500000,1.500000,1.160649,0.899740,0.233949,0.977812,0.880991,0.849384,0.079636,2.354228,0.002637
Wood__cgaxis_pbr_13_light_wood_5_height,Wood,6,0,1,0,0,0,0,1.500000,1.500000,2.000000,0.618617,0.887368,0.209789,0.988730,1.000829,0.548195,0.083934,4.090446,0.002414
Wood__cgaxis_pbr_13_light_wood_5_height,Wood,6,0,1,0,0,0,0,1.500000,3.000000,1.000000,0.525541,0.842560,0.165319,0.991851,0.740642,0.425380,0.090943,4.090446,0.002853
Wood__cgaxis_pbr_13_light_wood_5_height,Wood,6,0,1,0,0,0,0,2.000000,1.500000,2.000000,0.752273,0.883567,0.206370,0.986971,1.149167,0.482066,0.085021,4.374345,0.002587
Wood__cgaxis_pbr_13_light_wood_5_height,Wood,6,0,1,0,0,0,0,2.000000,4.500000,0.500000,0.524569,0.820908,0.163275,0.990877,0.614863,0.325508,0.086469,3.896782,0.003171
Wood__cgaxis_pbr_13_light_wood_5_height,Wood,8,0,0,1,0,0,0,0.500000,0.500000,0.500000,1.192702,0.857104,0.245082,0.955162,0.491141,0.904447,0.057444,1.701238,0.003540
Wood__cgaxis_pbr_13_light_wood_5_height,Wood,8,0,0,1,0,0,0,0.500000,3.000000,2.000000,0.184476,0.920806,0.262485,0.991149,0.265728,0.738962,0.051022,2.138541,0.001344
Wood__cgaxis_pbr_13_light_wood_5_height,Wood,8,0,0,1,0,0,0,0.500000,4.500000,2.000000,0.171380,0.920795,0.258738,0.992108,0.224118,0.726699,0.052586,2.138541,0.001317
Wood__cgaxis_pbr_13_light_wood_5_height,Wood,8,0,0,1,0,0,0,0.500000,0.500000,2.000000,0.076613,0.965680,0.436832,0.977471,0.102676,0.960969,0.019409,0.691205,0.000565
Wood__cgaxis_pbr_13_light_wood_5_height,Wood,8,0,0,1,0,0,0,1.000000,1.500000,0.500000,0.991251,0.804922,0.155036,0.984517,1.152459,0.592615,0.090493,4.154744,0.004143
Wood__cgaxis_pbr_13_light_wood_5_height,Wood,8,0,0,1,0,0,0,1.000000,4.500000,2.000000,0.267610,0.890308,0.199155,0.994707,0.380413,0.541409,0.079957,3.091917,0.001856
Wood__cgaxis_pbr_13_light_wood_5_height,Wood,8,0,0,1,0,0,0,1.500000,0.500000,1.500000,0.927211,0.895883,0.222660,0.979531,0.884845,0.850027,0.074065,2.461292,0.002521
Wood__cgaxis_pbr_13_light_wood_5_height,Wood,8,0,0,1,0,0,0,1.500000,1.500000,2.000000,0.626227,0.887827,0.210251,0.988160,1.019228,0.550616,0.082332,4.090446,0.002377
Wood__cgaxis_pbr_13_light_wood_5_height,Wood,8,0,0,1,0,0,0,1.500000,3.000000,1.000000,0.542300,0.840726,0.164284,0.991684,0.752658,0.426492,0.091482,4.090446,0.002893
Wood__cgaxis_pbr_13_light_wood_5_height,Wood,8,0,0,1,0,0,0,2.000000,1.500000,2.000000,0.755753,0.881107,0.193784,0.987875,1.205477,0.487214,0.088814,4.527521,0.002609
Wood__cgaxis_pbr_13_light_wood_5_height,Wood,8,0,0,1,0,0,0,2.000000,4.500000,0.500000,0.535857,0.817766,0.159032,0.991569,0.663543,0.329499,0.090762,4.185994,0.003206
Wood__cgaxis_pbr_13_light_wood_5_height,Wood,10,0,0,0,1,0,0,0.500000,0.500000,0.500000,1.038999,0.853110,0.250305,0.957424,0.622105,0.907924,0.054744,1.920849,0.003485
Wood__cgaxis_pbr_13_light_wood_5_height,Wood,10,0,0,0,1,0,0,0.500000,3.000000,2.000000,0.179513,0.922184,0.272296,0.991145,0.265430,0.743379,0.050370,2.138541,0.001305
Wood__cgaxis_pbr_13_light_wood_5_height,Wood,10,0,0,0,1,0,0,0.500000,4.500000,2.000000,0.165288,0.922632,0.258763,0.992425,0.227042,0.731441,0.052323,2.138541,0.001300
Wood__cgaxis_pbr_13_light_wood_5_height,Wood,10,0,0,0,1,0,0,0.500000,0.500000,2.000000,0.068623,0.969166,0.470593,0.974814,0.080173,0.961482,0.018135,0.691205,0.000542
Wood__cgaxis_pbr_13_light_wood_5_height,Wood,10,0,0,0,1,0,0,1.000000,1.500000,0.500000,0.980789,0.806684,0.160438,0.982993,1.100627,0.604975,0.086393,4.090446,0.004122
Wood__cgaxis_pbr_13_light_wood_5_height,Wood,10,0,0,0,1,0,0,1.000000,4.500000,2.000000,0.262075,0.892589,0.204927,0.994020,0.383815,0.553249,0.075251,3.091917,0.001842
Wood__cgaxis_pbr_13_light_wood_5_height,Wood,10,0,0,0,1,0,0,1.500000,0.500000,1.500000,0.746620,0.898855,0.231325,0.980417,0.774145,0.854681,0.068326,2.246641,0.002314
Wood__cgaxis_pbr_13_light_wood_5_height,Wood,10,0,0,0,1,0,0,1.500000,1.500000,2.000000,0.644446,0.886427,0.216447,0.988429,1.040858,0.554920,0.083813,4.090446,0.002439
Wood__cgaxis_pbr_13_light_wood_5_height,Wood,10,0,0,0,1,0,0,1.500000,3.000000,1.000000,0.544319,0.839957,0.162220,0.991786,0.767461,0.430055,0.092036,4.154744,0.002898
Wood__cgaxis_pbr_13_light_wood_5_height,Wood,10,0,0,0,1,0,0,2.000000,1.500000,2.000000,0.770977,0.882540,0.202701,0.986369,1.141732,0.476896,0.084822,4.311845,0.002592
Wood__cgaxis_pbr_13_light_wood_5_height,Wood,10,0,0,0,1,0,0,2.000000,4.500000,0.500000,0.509388,0.823751,0.163781,0.991134,0.604480,0.323324,0.086426,3.896782,0.003118
Wood__cgaxis_pbr_13_light_wood_5_height,Wood,12,0,0,0,0,1,0,0.500000,0.500000,0.500000,0.874665,0.853910,0.245426,0.958423,0.553531,0.905248,0.050846,1.811278,0.003331
Wood__cgaxis_pbr_13_light_wood_5_height,Wood,12,0,0,0,0,1,0,0.500000,3.000000,2.000000,0.180421,0.921002,0.248988,0.991764,0.263548,0.744399,0.052729,2.246641,0.001332
Wood__cgaxis_pbr_13_light_wood_5_height,Wood,12,0,0,0,0,1,0,0.500000,4.500000,2.000000,0.167088,0.921759,0.245400,0.992786,0.227713,0.732680,0.054284,2.138541,0.001313
Wood__cgaxis_pbr_13_light_wood_5_height,Wood,12,0,0,0,0,1,0,0.500000,0.500000,2.000000,0.077161,0.966829,0.482363,0.975526,0.105873,0.959200,0.019240,0.691205,0.000570
Wood__cgaxis_pbr_13_light_wood_5_height,Wood,12,0,0,0,0,1,0,1.000000,1.500000,0.500000,0.975333,0.809215,0.162526,0.982906,1.100914,0.603207,0.085607,3.994032,0.004092
Wood__cgaxis_pbr_13_light_wood_5_height,Wood,12,0,0,0,0,1,0,1.000000,4.500000,2.000000,0.262549,0.892588,0.209961,0.993850,0.381650,0.552471,0.073770,2.884043,0.001831
Wood__cgaxis_pbr_13_light_wood_5_height,Wood,12,0,0,0,0,1,0,1.500000,0.500000,1.500000,0.819642,0.898689,0.232655,0.979664,0.830787,0.851755,0.070444,2.567818,0.002394
Wood__cgaxis_pbr_13_light_wood_5_height,Wood,12,0,0,0,0,1,0,1.500000,1.500000,2.000000,0.641680,0.886209,0.212189,0.987326,1.017527,0.550360,0.080264,3.931532,0.002425
Wood__cgaxis_pbr_13_light_wood_5_height,Wood,12,0,0,0,0,1,0,1.500000,3.000000,1.000000,0.538818,0.841222,0.167719,0.991094,0.740971,0.426605,0.087483,3.962782,0.002863
Wood__cgaxis_pbr_13_light_wood_5_height,Wood,12,0,0,0,0,1,0,2.000000,1.500000,2.000000,0.771367,0.881785,0.204132,0.987218,1.141964,0.477431,0.087358,4.280595,0.002619
Wood__cgaxis_pbr_13_light_wood_5_height,Wood,12,0,0,0,0,1,0,2.000000,4.500000,0.500000,0.525861,0.820594,0.160040,0.991476,0.638542,0.320313,0.089460,3.994032,0.003178
Wood__cgaxis_pbr_13_light_wood_5_height,Wood,16,0,0,0,0,0,1,0.500000,0.500000,0.500000,0.794338,0.848904,0.233504,0.963440,0.581541,0.899392,0.051552,1.920849,0.003286
Wood__cgaxis_pbr_13_light_wood_5_height,Wood,16,0,0,0,0,0,1,0.500000,3.000000,2.000000,0.176663,0.923494,0.278680,0.991251,0.258205,0.739248,0.050500,2.138541,0.001310
Wood__cgaxis_pbr_13_light_wood_5_height,Wood,16,0,0,0,0,0,1,0.500000,4.500000,2.000000,0.166623,0.922293,0.254278,0.992146,0.216662,0.727511,0.052344,2.138541,0.001309
Wood__cgaxis_pbr_13_light_wood_5_height,Wood,16,0,0,0,0,0,1,0.500000,0.500000,2.000000,0.096258,0.962730,0.429520,0.980808,0.130654,0.952510,0.024303,0.805082,0.000659
Wood__cgaxis_pbr_13_light_wood_5_height,Wood,16,0,0,0,0,0,1,1.000000,1.500000,0.500000,1.022269,0.804863,0.159380,0.982464,1.133729,0.599272,0.086562,4.059196,0.004204
Wood__cgaxis_pbr_13_light_wood_5_height,Wood,16,0,0,0,0,0,1,1.000000,4.500000,2.000000,0.261707,0.892961,0.208570,0.993766,0.374454,0.548302,0.073420,2.988285,0.001823
Wood__cgaxis_pbr_13_light_wood_5_height,Wood,16,0,0,0,0,0,1,1.500000,0.500000,1.500000,0.786973,0.897094,0.229322,0.979817,0.853078,0.844927,0.068934,2.461292,0.002377
Wood__cgaxis_pbr_13_light_wood_5_height,Wood,16,0,0,0,0,0,1,1.500000,1.500000,2.000000,0.591487,0.888082,0.212102,0.988447,0.962617,0.553361,0.080905,4.016151,0.002353
Wood__cgaxis_pbr_13_light_wood_5_height,Wood,16,0,0,0,0,0,1,1.500000,3.000000,1.000000,0.518426,0.842854,0.165022,0.991761,0.725772,0.431289,0.089475,3.962782,0.002835
Wood__cgaxis_pbr_13_light_wood_5_height,Wood,16,0,0,0,0,0,1,2.000000,1.500000,2.000000,0.723486,0.884318,0.206968,0.987011,1.068286,0.480748,0.083291,4.016151,0.002543
Wood__cgaxis_pbr_13_light_wood_5_height,Wood,16,0,0,0,0,0,1,2.000000,4.500000,0.500000,0.518867,0.820425,0.162086,0.991172,0.593913,0.327680,0.087194,3.699895,0.003157
Wood__cgaxis_pbr_13_wood_10_height,Wood,4,1,0,0,0,0,0,0.500000,0.500000,0.500000,0.757327,0.915235,0.424399,0.959733,0.479285,0.943679,0.047893,1.811278,0.001951
Wood__cgaxis_pbr_13_wood_10_height,Wood,4,1,0,0,0,0,0,0.500000,3.000000,2.000000,0.231998,0.914926,0.250021,0.991698,0.339289,0.802491,0.058548,2.246641,0.001445
Wood__cgaxis_pbr_13_wood_10_height,Wood,4,1,0,0,0,0,0,0.500000,4.500000,2.000000,0.203196,0.916808,0.252421,0.992497,0.258586,0.790049,0.057100,2.029940,0.001380
Wood__cgaxis_pbr_13_wood_10_height,Wood,4,1,0,0,0,0,0,0.500000,0.500000,2.000000,0.115449,0.966405,0.487000,0.981920,0.082784,0.970282,0.025688,0.576938,0.000567
Wood__cgaxis_pbr_13_wood_10_height,Wood,4,1,0,0,0,0,0,1.000000,1.500000,0.500000,0.700615,0.842891,0.221945,0.984885,0.960091,0.632924,0.076667,3.398984,0.003229
Wood__cgaxis_pbr_13_wood_10_height,Wood,4,1,0,0,0,0,0,1.000000,4.500000,2.000000,0.166852,0.927212,0.282238,0.991549,0.223472,0.621472,0.049918,2.029940,0.001234
Wood__cgaxis_pbr_13_wood_10_height,Wood,4,1,0,0,0,0,0,1.500000,0.500000,1.500000,1.614136,0.921478,0.350861,0.981266,0.708395,0.735362,0.102164,2.673795,0.002523
Wood__cgaxis_pbr_13_wood_10_height,Wood,4,1,0,0,0,0,0,1.500000,1.500000,2.000000,0.317651,0.911860,0.231653,0.991188,0.603047,0.568122,0.066763,2.536568,0.001657
Wood__cgaxis_pbr_13_wood_10_height,Wood,4,1,0,0,0,0,0,1.500000,3.000000,1.000000,0.456982,0.857642,0.179952,0.992144,0.570697,0.499046,0.084695,3.091917,0.002538
Wood__cgaxis_pbr_13_wood_10_height,Wood,4,1,0,0,0,0,0,2.000000,1.500000,2.000000,0.399160,0.902484,0.207960,0.991387,0.640966,0.472834,0.075819,2.779208,0.001903
Wood__cgaxis_pbr_13_wood_10_height,Wood,4,1,0,0,0,0,0,2.000000,4.500000,0.500000,0.482072,0.830931,0.166512,0.992091,0.471564,0.387195,0.087559,3.297285,0.002961
Wood__cgaxis_pbr_13_wood_10_height,Wood,6,0,1,0,0,0,0,0.500000,0.500000,0.500000,1.182881,0.895590,0.332467,0.967059,0.521124,0.889721,0.065994,1.920849,0.002924
Wood__cgaxis_pbr_13_wood_10_height,Wood,6,0,1,0,0,0,0,0.500000,3.000000,2.000000,0.115015,0.946933,0.354341,0.988362,0.152191,0.786745,0.034643,1.368393,0.000888
Wood__cgaxis_pbr_13_wood_10_height,Wood,6,0,1,0,0,0,0,0.500000,4.500000,2.000000,0.108447,0.947769,0.339271,0.989313,0.130697,0.779073,0.035395,1.368393,0.000871
Wood__cgaxis_pbr_13_wood_10_height,Wood,6,0,1,0,0,0,0,0.500000,0.500000,2.000000,0.154607,0.961099,0.419451,0.986859,0.267219,0.931732,0.038286,1.479786,0.000779
Wood__cgaxis_pbr_13_wood_10_height,Wood,6,0,1,0,0,0,0,1.000000,1.500000,0.500000,0.597729,0.840017,0.185258,0.987787,0.758071,0.628837,0.078706,3.194923,0.003088
Wood__cgaxis_pbr_13_wood_10_height,Wood,6,0,1,0,0,0,0,1.000000,4.500000,2.000000,0.184866,0.919737,0.251720,0.992167,0.216728,0.623784,0.055046,1.920849,0.001359
Wood__cgaxis_pbr_13_wood_10_height,Wood,6,0,1,0,0,0,0,1.500000,0.500000,1.500000,0.418341,0.925006,0.254891,0.987663,0.780140,0.726105,0.064953,2.913990,0.001591
Wood__cgaxis_pbr_13_wood_10_height,Wood,6,0,1,0,0,0,0,1.500000,1.500000,2.000000,0.271834,0.911858,0.232821,0.992071,0.494843,0.546488,0.065311,2.354228,0.001628
Wood__cgaxis_pbr_13_wood_10_height,Wood,6,0,1,0,0,0,0,1.500000,3.000000,1.000000,0.392557,0.864211,0.185044,0.992730,0.510969,0.492256,0.081704,3.091917,0.002373
Wood__cgaxis_pbr_13_wood_10_height,Wood,6,0,1,0,0,0,0,2.000000,1.500000,2.000000,0.319634,0.904496,0.223381,0.992245,0.568793,0.455017,0.071569,2.779208,0.001781
Wood__cgaxis_pbr_13_wood_10_height,Wood,6,0,1,0,0,0,0,2.000000,4.500000,0.500000,0.436392,0.839160,0.172428,0.992725,0.453762,0.389701,0.086839,3.297285,0.002786
Wood__cgaxis_pbr_13_wood_10_height,Wood,8,0,0,1,0,0,0,0.500000,0.500000,0.500000,0.482470,0.893139,0.282879,0.974099,0.415148,0.875376,0.048747,1.811278,0.002248
Wood__cgaxis_pbr_13_wood_10_height,Wood,8,0,0,1,0,0,0,0.500000,3.000000,2.000000,0.111949,0.947706,0.323187,0.989002,0.134921,0.790553,0.035688,1.368393,0.000895
Wood__cgaxis_pbr_13_wood_10_height,Wood,8,0,0,1,0,0,0,0.500000,4.500000,2.000000,0.110838,0.946421,0.319396,0.989877,0.127321,0.782999,0.035928,1.256566,0.000877
Wood__cgaxis_pbr_13_wood_10_height,Wood,8,0,0,1,0,0,0,0.500000,0.500000,2.000000,0.178579,0.950913,0.328952,0.986545,0.225621,0.905639,0.040839,1.368393,0.000929
Wood__cgaxis_pbr_13_wood_10_height,Wood,8,0,0,1,0,0,0,1.000000,1.500000,0.500000,0.514517,0.849360,0.190374,0.989183,0.711391,0.625495,0.077603,3.091917,0.002870
Wood__cgaxis_pbr_13_wood_10_height,Wood,8,0,0,1,0,0,0,1.000000,4.500000,2.000000,0.173201,0.923089,0.254498,0.992856,0.211553,0.622687,0.054951,1.811278,0.001299
Wood__cgaxis_pbr_13_wood_10_height,Wood,8,0,0,1,0,0,0,1.500000,0.500000,1.500000,0.373191,0.916153,0.232202,0.989376,0.616787,0.726055,0.065799,2.747958,0.001671
Wood__cgaxis_pbr_13_wood_10_height,Wood,8,0,0,1,0,0,0,1.500000,1.500000,2.000000,0.281890,0.909148,0.224467,0.992038,0.463254,0.541073,0.066197,2.461292,0.001653
Wood__cgaxis_pbr_13_wood_10_height,Wood,8,0,0,1,0,0,0,1.500000,3.000000,1.000000,0.395084,0.862899,0.184379,0.992864,0.498411,0.491055,0.082600,3.194923,0.002397
Wood__cgaxis_pbr_13_wood_10_height,Wood,8,0,0,1,0,0,0,2.000000,1.500000,2.000000,0.314531,0.903270,0.214525,0.992389,0.548214,0.450823,0.071431,2.461292,0.001784
Wood__cgaxis_pbr_13_wood_10_height,Wood,8,0,0,1,0,0,0,2.000000,4.500000,0.500000,0.425086,0.841791,0.174262,0.992821,0.439105,0.389824,0.086154,3.194923,0.002727
Wood__cgaxis_pbr_13_wood_10_height,Wood,10,0,0,0,1,0,0,0.500000,0.500000,0.500000,0.321752,0.910255,0.315368,0.974360,0.428473,0.869822,0.038691,2.029940,0.001784
Wood__cgaxis_pbr_13_wood_10_height,Wood,10,0,0,0,1,0,0,0.500000,3.000000,2.000000,0.122359,0.943569,0.307558,0.989076,0.132051,0.788672,0.036897,1.368393,0.000935
Wood__cgaxis_pbr_13_wood_10_height,Wood,10,0,0,0,1,0,0,0.500000,4.500000,2.000000,0.115133,0.944974,0.310811,0.989907,0.128250,0.782317,0.036795,1.368393,0.000911
Wood__cgaxis_pbr_13_wood_10_height,Wood,10,0,0,0,1,0,0,0.500000,0.500000,2.000000,0.139129,0.956674,0.363999,0.983227,0.177149,0.892913,0.032036,1.256566,0.000797
Wood__cgaxis_pbr_13_wood_10_height,Wood,10,0,0,0,1,0,0,1.000000,1.500000,0.500000,0.518980,0.850647,0.190082,0.989315,0.714769,0.624175,0.078635,3.194923,0.002858
Wood__cgaxis_pbr_13_wood_10_height,Wood,10,0,0,0,1,0,0,1.000000,4.500000,2.000000,0.178338,0.921087,0.257397,0.992570,0.214201,0.622666,0.055563,2.029940,0.001348
Wood__cgaxis_pbr_13_wood_10_height,Wood,10,0,0,0,1,0,0,1.500000,0.500000,1.500000,0.391898,0.913488,0.234460,0.988100,0.580894,0.715286,0.064419,2.673795,0.001749
Wood__cgaxis_pbr_13_wood_10_height,Wood,10,0,0,0,1,0,0,1.500000,1.500000,2.000000,0.279307,0.907938,0.220472,0.992259,0.476174,0.538736,0.066406,2.354228,0.001654
Wood__cgaxis_pbr_13_wood_10_height,Wood,10,0,0,0,1,0,0,1.500000,3.000000,1.000000,0.390512,0.862636,0.185490,0.992886,0.482872,0.490757,0.081928,3.091917,0.002381
Wood__cgaxis_pbr_13_wood_10_height,Wood,10,0,0,0,1,0,0,2.000000,1.500000,2.000000,0.301181,0.905560,0.218437,0.992435,0.521500,0.449418,0.070194,2.461292,0.001741
Wood__cgaxis_pbr_13_wood_10_height,Wood,10,0,0,0,1,0,0,2.000000,4.500000,0.500000,0.419832,0.842931,0.173962,0.992835,0.428028,0.389803,0.085785,3.194923,0.002703
Wood__cgaxis_pbr_13_wood_10_height,Wood,12,0,0,0,0,1,0,0.500000,0.500000,0.500000,0.253363,0.915271,0.326705,0.978352,0.394562,0.868704,0.037652,2.029940,0.001608
Wood__cgaxis_pbr_13_wood_10_height,Wood,12,0,0,0,0,1,0,0.500000,3.000000,2.000000,0.117812,0.945336,0.313468,0.989115,0.131694,0.788014,0.036229,1.368393,0.000918
Wood__cgaxis_pbr_13_wood_10_height,Wood,12,0,0,0,0,1,0,0.500000,4.500000,2.000000,0.114055,0.945179,0.314450,0.989883,0.126652,0.781908,0.036463,1.256566,0.000899
Wood__cgaxis_pbr_13_wood_10_height,Wood,12,0,0,0,0,1,0,0.500000,0.500000,2.000000,0.090082,0.963265,0.390529,0.984545,0.173934,0.890925,0.026304,1.256566,0.000630
Wood__cgaxis_pbr_13_wood_10_height,Wood,12,0,0,0,0,1,0,1.000000,1.500000,0.500000,0.520107,0.849564,0.190594,0.989484,0.716269,0.623037,0.079087,3.091917,0.002850
Wood__cgaxis_pbr_13_wood_10_height,Wood,12,0,0,0,0,1,0,1.000000,4.500000,2.000000,0.178947,0.920987,0.256770,0.992653,0.212325,0.622474,0.055658,2.029940,0.001335
Wood__cgaxis_pbr_13_wood_10_height,Wood,12,0,0,0,0,1,0,1.500000,0.500000,1.500000,0.352273,0.918984,0.236683,0.988743,0.600268,0.715040,0.063570,2.673795,0.001628
Wood__cgaxis_pbr_13_wood_10_height,Wood,12,0,0,0,0,1,0,1.500000,1.500000,2.000000,0.279009,0.907734,0.219471,0.992306,0.451977,0.537922,0.065973,2.354228,0.001641
Wood__cgaxis_pbr_13_wood_10_height,Wood,12,0,0,0,0,1,0,1.500000,3.000000,1.000000,0.390424,0.863557,0.188485,0.992750,0.482275,0.490712,0.081478,2.988285,0.002368
Wood__cgaxis_pbr_13_wood_10_height,Wood,12,0,0,0,0,1,0,2.000000,1.500000,2.000000,0.300924,0.904689,0.218433,0.992506,0.538757,0.447836,0.070651,2.567818,0.001729
Wood__cgaxis_pbr_13_wood_10_height,Wood,12,0,0,0,0,1,0,2.000000,4.500000,0.500000,0.413070,0.845494,0.177163,0.992910,0.436880,0.389656,0.085458,3.194923,0.002670
Wood__cgaxis_pbr_13_wood_10_height,Wood,16,0,0,0,0,0,1,0.500000,0.500000,0.500000,0.233161,0.912836,0.298024,0.981526,0.365778,0.867252,0.038954,2.029940,0.001564
Wood__cgaxis_pbr_13_wood_10_height,Wood,16,0,0,0,0,0,1,0.500000,3.000000,2.000000,0.114123,0.946705,0.315547,0.989153,0.127581,0.787484,0.036622,1.368393,0.000913
Wood__cgaxis_pbr_13_wood_10_height,Wood,16,0,0,0,0,0,1,0.500000,4.500000,2.000000,0.111279,0.946306,0.313888,0.990191,0.127007,0.781800,0.036761,1.256566,0.000891
Wood__cgaxis_pbr_13_wood_10_height,Wood,16,0,0,0,0,0,1,0.500000,0.500000,2.000000,0.081671,0.963974,0.369488,0.986920,0.171170,0.888871,0.027322,1.368393,0.000622
Wood__cgaxis_pbr_13_wood_10_height,Wood,16,0,0,0,0,0,1,1.000000,1.500000,0.500000,0.511741,0.850504,0.190126,0.989526,0.675823,0.622444,0.078610,2.988285,0.002814
Wood__cgaxis_pbr_13_wood_10_height,Wood,16,0,0,0,0,0,1,1.000000,4.500000,2.000000,0.176700,0.921879,0.259773,0.992618,0.214574,0.622159,0.055260,1.920849,0.001329
Wood__cgaxis_pbr_13_wood_10_height,Wood,16,0,0,0,0,0,1,1.500000,0.500000,1.500000,0.348000,0.914970,0.238604,0.989295,0.577586,0.711477,0.064401,2.673795,0.001698
Wood__cgaxis_pbr_13_wood_10_height,Wood,16,0,0,0,0,0,1,1.500000,1.500000,2.000000,0.266060,0.910725,0.225637,0.992427,0.449337,0.536063,0.066344,2.354228,0.001621
Wood__cgaxis_pbr_13_wood_10_height,Wood,16,0,0,0,0,0,1,1.500000,3.000000,1.000000,0.374896,0.866115,0.186556,0.992904,0.456502,0.490821,0.080977,3.091917,0.002332
Wood__cgaxis_pbr_13_wood_10_height,Wood,16,0,0,0,0,0,1,2.000000,1.500000,2.000000,0.307453,0.903531,0.214293,0.992436,0.547830,0.447005,0.071014,2.673795,0.001754
Wood__cgaxis_pbr_13_wood_10_height,Wood,16,0,0,0,0,0,1,2.000000,4.500000,0.500000,0.415960,0.844503,0.175350,0.992858,0.420065,0.389971,0.085460,3.194923,0.002686
Wood__dark_fine_wood_pbr_18_05_height,Wood,4,1,0,0,0,0,0,0.500000,0.500000,0.500000,7.131967,0.861039,0.333391,0.950747,0.778771,0.822183,0.134283,2.138541,0.006589
Wood__dark_fine_wood_pbr_18_05_height,Wood,4,1,0,0,0,0,0,0.500000,3.000000,2.000000,0.517800,0.880897,0.236921,0.991295,0.571812,0.737734,0.086373,2.884043,0.002237
Wood__dark_fine_wood_pbr_18_05_height,Wood,4,1,0,0,0,0,0,0.500000,4.500000,2.000000,0.418920,0.885497,0.245515,0.992609,0.464010,0.725798,0.084919,2.884043,0.002113
Wood__dark_fine_wood_pbr_18_05_height,Wood,4,1,0,0,0,0,0,0.500000,0.500000,2.000000,1.049052,0.939453,0.419798,0.977663,0.389683,0.921683,0.076511,1.590737,0.001627
Wood__dark_fine_wood_pbr_18_05_height,Wood,4,1,0,0,0,0,0,1.000000,1.500000,0.500000,2.057099,0.763697,0.155004,0.983859,1.684244,0.547256,0.126707,4.707647,0.005649
Wood__dark_fine_wood_pbr_18_05_height,Wood,4,1,0,0,0,0,0,1.000000,4.500000,2.000000,0.516709,0.865032,0.177577,0.993517,0.659665,0.554924,0.100332,3.798727,0.002518
Wood__dark_fine_wood_pbr_18_05_height,Wood,4,1,0,0,0,0,0,1.500000,0.500000,1.500000,2.304456,0.908730,0.322707,0.978920,0.901537,0.611824,0.117357,3.398984,0.003057
Wood__dark_fine_wood_pbr_18_05_height,Wood,4,1,0,0,0,0,0,1.500000,1.500000,2.000000,0.855905,0.867457,0.177616,0.992596,1.179033,0.478456,0.121371,3.994032,0.002891
Wood__dark_fine_wood_pbr_18_05_height,Wood,4,1,0,0,0,0,0,1.500000,3.000000,1.000000,1.027877,0.802294,0.143581,0.993132,1.016916,0.400502,0.138014,4.374345,0.004001
Wood__dark_fine_wood_pbr_18_05_height,Wood,4,1,0,0,0,0,0,2.000000,1.500000,2.000000,1.011190,0.861487,0.215605,0.991154,1.153849,0.401194,0.119684,3.896782,0.003112
Wood__dark_fine_wood_pbr_18_05_height,Wood,4,1,0,0,0,0,0,2.000000,4.500000,0.500000,1.257454,0.739909,0.116834,0.992932,0.905880,0.290765,0.149933,4.467070,0.005104
Wood__dark_fine_wood_pbr_18_05_height,Wood,6,0,1,0,0,0,0,0.500000,0.500000,0.500000,2.491102,0.861791,0.327628,0.963882,0.976371,0.807476,0.092455,2.779208,0.004405
Wood__dark_fine_wood_pbr_18_05_height,Wood,6,0,1,0,0,0,0,0.500000,3.000000,2.000000,0.355521,0.892648,0.221322,0.992451,0.474298,0.745274,0.077155,2.884043,0.001914
Wood__dark_fine_wood_pbr_18_05_height,Wood,6,0,1,0,0,0,0,0.500000,4.500000,2.000000,0.311446,0.892274,0.219525,0.993501,0.380373,0.735450,0.077968,2.884043,0.001882
Wood__dark_fine_wood_pbr_18_05_height,Wood,6,0,1,0,0,0,0,0.500000,0.500000,2.000000,1.062073,0.933623,0.407329,0.977731,0.413978,0.863717,0.076557,1.701238,0.001909
Wood__dark_fine_wood_pbr_18_05_height,Wood,6,0,1,0,0,0,0,1.000000,1.500000,0.500000,1.640640,0.759481,0.119581,0.988686,1.359477,0.541738,0.135394,4.280639,0.005360
Wood__dark_fine_wood_pbr_18_05_height,Wood,6,0,1,0,0,0,0,1.000000,4.500000,2.000000,0.535000,0.853684,0.174624,0.994504,0.564168,0.553343,0.110769,3.500000,0.002682
Wood__dark_fine_wood_pbr_18_05_height,Wood,6,0,1,0,0,0,0,1.500000,0.500000,1.500000,1.934485,0.869898,0.181131,0.984643,1.571891,0.626465,0.126153,3.994032,0.003742
Wood__dark_fine_wood_pbr_18_05_height,Wood,6,0,1,0,0,0,0,1.500000,1.500000,2.000000,0.947111,0.853529,0.165297,0.992457,1.141598,0.472605,0.126066,3.896782,0.003149
Wood__dark_fine_wood_pbr_18_05_height,Wood,6,0,1,0,0,0,0,1.500000,3.000000,1.000000,1.033647,0.791347,0.130746,0.993422,0.919502,0.400458,0.141163,4.280639,0.004148
Wood__dark_fine_wood_pbr_18_05_height,Wood,6,0,1,0,0,0,0,2.000000,1.500000,2.000000,0.939330,0.859542,0.180411,0.991791,1.273697,0.378570,0.120899,4.185994,0.003071
Wood__dark_fine_wood_pbr_18_05_height,Wood,6,0,1,0,0,0,0,2.000000,4.500000,0.500000,0.991428,0.756576,0.119340,0.993536,0.769587,0.284045,0.139348,4.185994,0.004561
Wood__dark_fine_wood_pbr_18_05_height,Wood,8,0,0,1,0,0,0,0.500000,0.500000,0.500000,1.330231,0.860232,0.251635,0.971676,0.927961,0.804964,0.075502,2.988285,0.003559
Wood__dark_fine_wood_pbr_18_05_height,Wood,8,0,0,1,0,0,0,0.500000,3.000000,2.000000,0.292050,0.901172,0.215003,0.993505,0.362780,0.745673,0.075762,2.567818,0.001730
Wood__dark_fine_wood_pbr_18_05_height,Wood,8,0,0,1,0,0,0,0.500000,4.500000,2.000000,0.266333,0.902206,0.226233,0.994079,0.297443,0.737134,0.076141,2.461292,0.001721
Wood__dark_fine_wood_pbr_18_05_height,Wood,8,0,0,1,0,0,0,0.500000,0.500000,2.000000,0.382936,0.952811,0.398912,0.973652,0.366622,0.850981,0.042634,1.590737,0.001117
Wood__dark_fine_wood_pbr_18_05_height,Wood,8,0,0,1,0,0,0,1.000000,1.500000,0.500000,1.479881,0.763952,0.120054,0.989330,1.268898,0.538198,0.132287,4.090446,0.005104
Wood__dark_fine_wood_pbr_18_05_height,Wood,8,0,0,1,0,0,0,1.000000,4.500000,2.000000,0.520877,0.856155,0.185901,0.994522,0.547224,0.548274,0.109255,3.398984,0.002620
Wood__dark_fine_wood_pbr_18_05_height,Wood,8,0,0,1,0,0,0,1.500000,0.500000,1.500000,1.584964,0.871382,0.178347,0.985242,1.608432,0.607725,0.116858,4.090446,0.003471
Wood__dark_fine_wood_pbr_18_05_height,Wood,8,0,0,1,0,0,0,1.500000,1.500000,2.000000,0.810163,0.859386,0.169051,0.992255,1.027585,0.465144,0.114778,3.600311,0.002918
Wood__dark_fine_wood_pbr_18_05_height,Wood,8,0,0,1,0,0,0,1.500000,3.000000,1.000000,0.933960,0.800715,0.134835,0.993136,0.811826,0.396608,0.131339,3.896782,0.003903
Wood__dark_fine_wood_pbr_18_05_height,Wood,8,0,0,1,0,0,0,2.000000,1.500000,2.000000,1.082707,0.853144,0.173861,0.991619,1.248349,0.382228,0.128362,3.994032,0.003296
Wood__dark_fine_wood_pbr_18_05_height,Wood,8,0,0,1,0,0,0,2.000000,4.500000,0.500000,1.069208,0.754371,0.121773,0.993427,0.814784,0.289870,0.143459,4.374345,0.004692
Wood__dark_fine_wood_pbr_18_05_height,Wood,10,0,0,0,1,0,0,0.500000,0.500000,0.500000,1.270286,0.842881,0.203110,0.974648,0.907381,0.806108,0.078410,2.884043,0.003806
Wood__dark_fine_wood_pbr_18_05_height,Wood,10,0,0,0,1,0,0,0.500000,3.000000,2.000000,0.295780,0.900303,0.218616,0.993729,0.366791,0.742994,0.078027,2.567818,0.001765
Wood__dark_fine_wood_pbr_18_05_height,Wood,10,0,0,0,1,0,0,0.500000,4.500000,2.000000,0.277916,0.897725,0.210710,0.994428,0.319505,0.734349,0.079420,2.461292,0.001768
Wood__dark_fine_wood_pbr_18_05_height,Wood,10,0,0,0,1,0,0,0.500000,0.500000,2.000000,0.280527,0.944242,0.326607,0.984513,0.418301,0.854624,0.047141,1.920849,0.001133
Wood__dark_fine_wood_pbr_18_05_height,Wood,10,0,0,0,1,0,0,1.000000,1.500000,0.500000,1.579665,0.762926,0.121911,0.988510,1.366585,0.537098,0.131807,4.280639,0.005223
Wood__dark_fine_wood_pbr_18_05_height,Wood,10,0,0,0,1,0,0,1.000000,4.500000,2.000000,0.512942,0.859452,0.182289,0.994494,0.582898,0.549499,0.108102,3.398984,0.002584
Wood__dark_fine_wood_pbr_18_05_height,Wood,10,0,0,0,1,0,0,1.500000,0.500000,1.500000,1.634591,0.859272,0.167811,0.986777,1.594189,0.611864,0.125070,3.994032,0.003676
Wood__dark_fine_wood_pbr_18_05_height,Wood,10,0,0,0,1,0,0,1.500000,1.500000,2.000000,0.896178,0.856166,0.167269,0.992476,1.098998,0.472439,0.123040,3.896782,0.003056
Wood__dark_fine_wood_pbr_18_05_height,Wood,10,0,0,0,1,0,0,1.500000,3.000000,1.000000,1.027296,0.792432,0.136198,0.993320,0.894252,0.402796,0.139914,4.185994,0.004121
Wood__dark_fine_wood_pbr_18_05_height,Wood,10,0,0,0,1,0,0,2.000000,1.500000,2.000000,0.911023,0.855477,0.166789,0.992016,1.113894,0.384696,0.120317,3.798727,0.003079
Wood__dark_fine_wood_pbr_18_05_height,Wood,10,0,0,0,1,0,0,2.000000,4.500000,0.500000,1.010794,0.754738,0.123042,0.993333,0.717224,0.293885,0.138576,4.090446,0.004619
Wood__dark_fine_wood_pbr_18_05_height,Wood,12,0,0,0,0,1,0,0.500000,0.500000,0.500000,1.036237,0.843145,0.201533,0.977854,0.879409,0.802642,0.076300,2.673795,0.003585
Wood__dark_fine_wood_pbr_18_05_height,Wood,12,0,0,0,0,1,0,0.500000,3.000000,2.000000,0.306534,0.895198,0.214623,0.993439,0.390161,0.735723,0.076732,2.461292,0.001811
Wood__dark_fine_wood_pbr_18_05_height,Wood,12,0,0,0,0,1,0,0.500000,4.500000,2.000000,0.276183,0.896989,0.219829,0.994246,0.342693,0.728111,0.077793,2.461292,0.001784
Wood__dark_fine_wood_pbr_18_05_height,Wood,12,0,0,0,0,1,0,0.500000,0.500000,2.000000,0.275742,0.935962,0.275019,0.986142,0.399695,0.850369,0.048840,1.701238,0.001232
Wood__dark_fine_wood_pbr_18_05_height,Wood,12,0,0,0,0,1,0,1.000000,1.500000,0.500000,1.565333,0.755701,0.117791,0.988720,1.244218,0.536274,0.132270,4.090446,0.005313
Wood__dark_fine_wood_pbr_18_05_height,Wood,12,0,0,0,0,1,0,1.000000,4.500000,2.000000,0.498452,0.859733,0.188486,0.994142,0.514534,0.554454,0.103790,3.194923,0.002575
Wood__dark_fine_wood_pbr_18_05_height,Wood,12,0,0,0,0,1,0,1.500000,0.500000,1.500000,1.605261,0.870613,0.182837,0.985969,1.695635,0.608531,0.120290,4.185994,0.003505
Wood__dark_fine_wood_pbr_18_05_height,Wood,12,0,0,0,0,1,0,1.500000,1.500000,2.000000,0.897208,0.852281,0.164762,0.992543,1.115981,0.458078,0.123093,3.896782,0.003107
Wood__dark_fine_wood_pbr_18_05_height,Wood,12,0,0,0,0,1,0,1.500000,3.000000,1.000000,0.973303,0.795638,0.132879,0.993427,0.866765,0.390025,0.137199,4.090446,0.004029
Wood__dark_fine_wood_pbr_18_05_height,Wood,12,0,0,0,0,1,0,2.000000,1.500000,2.000000,1.098624,0.849085,0.181459,0.991175,1.240707,0.369317,0.125981,3.994032,0.003381
Wood__dark_fine_wood_pbr_18_05_height,Wood,12,0,0,0,0,1,0,2.000000,4.500000,0.500000,0.998561,0.756439,0.122791,0.993517,0.771956,0.284172,0.139536,4.280639,0.004578
Wood__dark_fine_wood_pbr_18_05_height,Wood,16,0,0,0,0,0,1,0.500000,0.500000,0.500000,1.115911,0.822904,0.178045,0.979731,0.933146,0.801769,0.082881,2.884043,0.003988
Wood__dark_fine_wood_pbr_18_05_height,Wood,16,0,0,0,0,0,1,0.500000,3.000000,2.000000,0.332734,0.892963,0.220178,0.993045,0.413957,0.741663,0.077521,2.567818,0.001900
Wood__dark_fine_wood_pbr_18_05_height,Wood,16,0,0,0,0,0,1,0.500000,4.500000,2.000000,0.302410,0.891932,0.223519,0.993705,0.329762,0.733989,0.078325,2.567818,0.001876
Wood__dark_fine_wood_pbr_18_05_height,Wood,16,0,0,0,0,0,1,0.500000,0.500000,2.000000,0.292318,0.932923,0.277711,0.986412,0.435667,0.855463,0.051195,1.811278,0.001325
Wood__dark_fine_wood_pbr_18_05_height,Wood,16,0,0,0,0,0,1,1.000000,1.500000,0.500000,1.462632,0.763076,0.120607,0.989199,1.257397,0.534686,0.130752,4.090446,0.005092
Wood__dark_fine_wood_pbr_18_05_height,Wood,16,0,0,0,0,0,1,1.000000,4.500000,2.000000,0.488033,0.859746,0.188191,0.994692,0.549406,0.547276,0.107871,3.398984,0.002551
Wood__dark_fine_wood_pbr_18_05_height,Wood,16,0,0,0,0,0,1,1.500000,0.500000,1.500000,1.589853,0.863788,0.168428,0.986143,1.608227,0.608804,0.120465,4.090446,0.003622
Wood__dark_fine_wood_pbr_18_05_height,Wood,16,0,0,0,0,0,1,1.500000,1.500000,2.000000,0.847143,0.855611,0.170495,0.992437,1.057809,0.463940,0.119056,3.798727,0.003021
Wood__dark_fine_wood_pbr_18_05_height,Wood,16,0,0,0,0,0,1,1.500000,3.000000,1.000000,0.968180,0.793459,0.131436,0.993288,0.843669,0.395307,0.135048,3.896782,0.004042
Wood__dark_fine_wood_pbr_18_05_height,Wood,16,0,0,0,0,0,1,2.000000,1.500000,2.000000,0.923942,0.856335,0.179189,0.991849,1.148632,0.375418,0.119757,3.896782,0.003088
Wood__dark_fine_wood_pbr_18_05_height,Wood,16,0,0,0,0,0,1,2.000000,4.500000,0.500000,0.942068,0.760575,0.122511,0.993473,0.699542,0.287306,0.135241,3.994032,0.004463
Wood__fine_wood_pbr_18_09_height,Wood,4,1,0,0,0,0,0,0.500000,0.500000,0.500000,0.507261,0.883898,0.413204,0.897768,0.317124,0.976349,0.024203,1.479786,0.002150
Wood__fine_wood_pbr_18_09_height,Wood,4,1,0,0,0,0,0,0.500000,3.000000,2.000000,0.268065,0.930914,0.340096,0.970177,0.278962,0.808662,0.032885,1.479786,0.001300
Wood__fine_wood_pbr_18_09_height,Wood,4,1,0,0,0,0,0,0.500000,4.500000,2.000000,0.232331,0.926862,0.333766,0.976724,0.244902,0.757287,0.034323,1.368393,0.001283
Wood__fine_wood_pbr_18_09_height,Wood,4,1,0,0,0,0,0,0.500000,0.500000,2.000000,0.000000,1.000000,1.000000,1.000000,0.003282,1.000000,0.000000,0.116115,0.000000
Wood__fine_wood_pbr_18_09_height,Wood,4,1,0,0,0,0,0,1.000000,1.500000,0.500000,3.863889,0.722485,0.150717,0.940274,2.105137,0.763283,0.090522,4.185994,0.008152
Wood__fine_wood_pbr_18_09_height,Wood,4,1,0,0,0,0,0,1.000000,4.500000,2.000000,0.294837,0.917597,0.283936,0.986959,0.443381,0.717120,0.054061,2.138541,0.001520
Wood__fine_wood_pbr_18_09_height,Wood,4,1,0,0,0,0,0,1.500000,0.500000,1.500000,0.012962,0.993519,0.871043,0.943299,0.012639,0.999034,0.002527,0.116115,0.000050
Wood__fine_wood_pbr_18_09_height,Wood,4,1,0,0,0,0,0,1.500000,1.500000,2.000000,0.523784,0.923127,0.301296,0.963091,0.496595,0.846325,0.042127,1.701238,0.001751
Wood__fine_wood_pbr_18_09_height,Wood,4,1,0,0,0,0,0,1.500000,3.000000,1.000000,1.620474,0.809350,0.191095,0.955352,1.133404,0.603194,0.067716,2.988285,0.004561
Wood__fine_wood_pbr_18_09_height,Wood,4,1,0,0,0,0,0,2.000000,1.500000,2.000000,0.523784,0.923127,0.301296,0.963091,0.496595,0.846325,0.042127,1.701238,0.001751
Wood__fine_wood_pbr_18_09_height,Wood,4,1,0,0,0,0,0,2.000000,4.500000,0.500000,2.266113,0.692608,0.136729,0.955707,1.234449,0.507290,0.079803,3.994032,0.006868
Wood__fine_wood_pbr_18_09_height,Wood,6,0,1,0,0,0,0,0.500000,0.500000,0.500000,0.259979,0.911501,0.449738,0.891885,0.226160,0.986509,0.014974,1.256566,0.001297
Wood__fine_wood_pbr_18_09_height,Wood,6,0,1,0,0,0,0,0.500000,3.000000,2.000000,0.189240,0.940856,0.369217,0.970590,0.204252,0.861910,0.027311,1.144314,0.001036
Wood__fine_wood_pbr_18_09_height,Wood,6,0,1,0,0,0,0,0.500000,4.500000,2.000000,0.178937,0.937401,0.335814,0.978706,0.211046,0.816096,0.031437,1.256566,0.001095
Wood__fine_wood_pbr_18_09_height,Wood,6,0,1,0,0,0,0,0.500000,0.500000,2.000000,0.000000,1.000000,1.000000,1.000000,0.003282,1.000000,0.000000,0.116115,0.000000
Wood__fine_wood_pbr_18_09_height,Wood,6,0,1,0,0,0,0,1.000000,1.500000,0.500000,3.979766,0.715778,0.153834,0.925341,1.998721,0.751536,0.082267,3.994032,0.008380
Wood__fine_wood_pbr_18_09_height,Wood,6,0,1,0,0,0,0,1.000000,4.500000,2.000000,0.273106,0.923519,0.297106,0.976564,0.356621,0.705201,0.038581,1.811278,0.001424
Wood__fine_wood_pbr_18_09_height,Wood,6,0,1,0,0,0,0,1.500000,0.500000,1.500000,0.012962,0.993519,0.871043,0.943299,0.012639,0.999485,0.001325,0.116115,0.000027
Wood__fine_wood_pbr_18_09_height,Wood,6,0,1,0,0,0,0,1.500000,1.500000,2.000000,0.448824,0.927240,0.309507,0.963561,0.432934,0.859421,0.038774,1.590737,0.001602
Wood__fine_wood_pbr_18_09_height,Wood,6,0,1,0,0,0,0,1.500000,3.000000,1.000000,1.455689,0.813726,0.195768,0.955099,1.040737,0.631097,0.064333,2.884043,0.004326
Wood__fine_wood_pbr_18_09_height,Wood,6,0,1,0,0,0,0,2.000000,1.500000,2.000000,0.692535,0.914659,0.277554,0.962488,0.614268,0.820927,0.048622,2.029940,0.002047
Wood__fine_wood_pbr_18_09_height,Wood,6,0,1,0,0,0,0,2.000000,4.500000,0.500000,2.583695,0.682236,0.132242,0.955349,1.311486,0.445463,0.084966,4.090446,0.007321
Wood__fine_wood_pbr_18_09_height,Wood,8,0,0,1,0,0,0,0.500000,0.500000,0.500000,0.404421,0.896508,0.429696,0.896707,0.280592,0.981236,0.020637,1.368393,0.001797
Wood__fine_wood_pbr_18_09_height,Wood,8,0,0,1,0,0,0,0.500000,3.000000,2.000000,0.228021,0.934935,0.345777,0.968281,0.224572,0.831919,0.029058,1.144314,0.001168
Wood__fine_wood_pbr_18_09_height,Wood,8,0,0,1,0,0,0,0.500000,4.500000,2.000000,0.198901,0.932745,0.340565,0.974057,0.219632,0.784889,0.031203,1.479786,0.001180
Wood__fine_wood_pbr_18_09_height,Wood,8,0,0,1,0,0,0,0.500000,0.500000,2.000000,0.000000,1.000000,1.000000,1.000000,0.003282,1.000000,0.000000,0.116115,0.000000
Wood__fine_wood_pbr_18_09_height,Wood,8,0,0,1,0,0,0,1.000000,1.500000,0.500000,4.036226,0.715469,0.153262,0.921048,1.957317,0.746809,0.080604,3.994032,0.008483
Wood__fine_wood_pbr_18_09_height,Wood,8,0,0,1,0,0,0,1.000000,4.500000,2.000000,0.277321,0.923321,0.336228,0.971568,0.323521,0.700158,0.035279,1.701238,0.001411
Wood__fine_wood_pbr_18_09_height,Wood,8,0,0,1,0,0,0,1.500000,0.500000,1.500000,0.012962,0.993519,0.871043,0.943299,0.012639,0.999025,0.002544,0.116115,0.000051
Wood__fine_wood_pbr_18_09_height,Wood,8,0,0,1,0,0,0,1.500000,1.500000,2.000000,0.577742,0.919303,0.291635,0.962279,0.541372,0.840202,0.042880,1.811278,0.001808
Wood__fine_wood_pbr_18_09_height,Wood,8,0,0,1,0,0,0,1.500000,3.000000,1.000000,1.740603,0.804134,0.184664,0.956679,1.249138,0.587431,0.070882,3.297285,0.004723
Wood__fine_wood_pbr_18_09_height,Wood,8,0,0,1,0,0,0,2.000000,1.500000,2.000000,0.600130,0.918052,0.289213,0.963079,0.549542,0.837334,0.044227,1.811278,0.001845
Wood__fine_wood_pbr_18_09_height,Wood,8,0,0,1,0,0,0,2.000000,4.500000,0.500000,2.380550,0.688160,0.134562,0.955644,1.253696,0.485221,0.081558,3.994032,0.007017
Wood__fine_wood_pbr_18_09_height,Wood,10,0,0,0,1,0,0,0.500000,0.500000,0.500000,0.505528,0.884699,0.417254,0.896564,0.312327,0.976591,0.023880,1.479786,0.002120
Wood__fine_wood_pbr_18_09_height,Wood,10,0,0,0,1,0,0,0.500000,3.000000,2.000000,0.251861,0.933326,0.340681,0.968658,0.273914,0.814745,0.030908,1.368393,0.001239
Wood__fine_wood_pbr_18_09_height,Wood,10,0,0,0,1,0,0,0.500000,4.500000,2.000000,0.208865,0.931258,0.347272,0.973854,0.226377,0.766732,0.031094,1.368393,0.001215
Wood__fine_wood_pbr_18_09_height,Wood,10,0,0,0,1,0,0,0.500000,0.500000,2.000000,0.000000,1.000000,1.000000,1.000000,0.003282,1.000000,0.000000,0.116115,0.000000
Wood__fine_wood_pbr_18_09_height,Wood,10,0,0,0,1,0,0,1.000000,1.500000,0.500000,4.070920,0.712795,0.152025,0.919906,1.924406,0.744244,0.080083,4.090446,0.008527
Wood__fine_wood_pbr_18_09_height,Wood,10,0,0,0,1,0,0,1.000000,4.500000,2.000000,0.279634,0.923744,0.318621,0.970893,0.320500,0.696981,0.034819,1.590737,0.001432
Wood__fine_wood_pbr_18_09_height,Wood,10,0,0,0,1,0,0,1.500000,0.500000,1.500000,0.012962,0.993519,0.871043,0.943299,0.012639,0.999034,0.002527,0.116115,0.000050
Wood__fine_wood_pbr_18_09_height,Wood,10,0,0,0,1,0,0,1.500000,1.500000,2.000000,0.523784,0.923127,0.301296,0.963091,0.496595,0.846325,0.042127,1.701238,0.001751
Wood__fine_wood_pbr_18_09_height,Wood,10,0,0,0,1,0,0,1.500000,3.000000,1.000000,1.620474,0.809350,0.191095,0.955352,1.133404,0.603194,0.067716,2.988285,0.004561
Wood__fine_wood_pbr_18_09_height,Wood,10,0,0,0,1,0,0,2.000000,1.500000,2.000000,0.680413,0.915528,0.273413,0.963157,0.616964,0.825247,0.047469,1.920849,0.001993
Wood__fine_wood_pbr_18_09_height,Wood,10,0,0,0,1,0,0,2.000000,4.500000,0.500000,2.529229,0.683439,0.132593,0.955436,1.304355,0.455751,0.084050,3.994032,0.007241
Wood__fine_wood_pbr_18_09_height,Wood,12,0,0,0,0,1,0,0.500000,0.500000,0.500000,0.384359,0.898383,0.431077,0.894845,0.279210,0.981674,0.019936,1.368393,0.001750
Wood__fine_wood_pbr_18_09_height,Wood,12,0,0,0,0,1,0,0.500000,3.000000,2.000000,0.211237,0.938805,0.367363,0.968415,0.225820,0.837782,0.028535,1.144314,0.001131
Wood__fine_wood_pbr_18_09_height,Wood,12,0,0,0,0,1,0,0.500000,4.500000,2.000000,0.190482,0.933665,0.341427,0.975234,0.199849,0.792362,0.030256,1.256566,0.001131
Wood__fine_wood_pbr_18_09_height,Wood,12,0,0,0,0,1,0,0.500000,0.500000,2.000000,0.000000,1.000000,1.000000,1.000000,0.003282,1.000000,0.000000,0.116115,0.000000
Wood__fine_wood_pbr_18_09_height,Wood,12,0,0,0,0,1,0,1.000000,1.500000,0.500000,4.110940,0.713091,0.151794,0.918779,1.919099,0.742642,0.080001,4.090446,0.008565
Wood__fine_wood_pbr_18_09_height,Wood,12,0,0,0,0,1,0,1.000000,4.500000,2.000000,0.276023,0.922908,0.323089,0.970493,0.298674,0.694924,0.034858,1.590737,0.001441
Wood__fine_wood_pbr_18_09_height,Wood,12,0,0,0,0,1,0,1.500000,0.500000,1.500000,0.012962,0.993519,0.871043,0.943299,0.012639,0.999485,0.001325,0.116115,0.000027
Wood__fine_wood_pbr_18_09_height,Wood,12,0,0,0,0,1,0,1.500000,1.500000,2.000000,0.500898,0.922205,0.298289,0.963083,0.481732,0.852573,0.040497,1.701238,0.001673
Wood__fine_wood_pbr_18_09_height,Wood,12,0,0,0,0,1,0,1.500000,3.000000,1.000000,1.526860,0.812656,0.197341,0.955235,1.088316,0.615751,0.066189,2.884043,0.004459
Wood__fine_wood_pbr_18_09_height,Wood,12,0,0,0,0,1,0,2.000000,1.500000,2.000000,0.600050,0.917460,0.291941,0.962740,0.547104,0.834722,0.044979,1.811278,0.001887
Wood__fine_wood_pbr_18_09_height,Wood,12,0,0,0,0,1,0,2.000000,4.500000,0.500000,2.410860,0.687530,0.134741,0.955549,1.263958,0.479188,0.082086,3.994032,0.007063
Wood__fine_wood_pbr_18_09_height,Wood,16,0,0,0,0,0,1,0.500000,0.500000,0.500000,0.373764,0.900264,0.444125,0.892904,0.278664,0.981881,0.019639,1.368393,0.001728
Wood__fine_wood_pbr_18_09_height,Wood,16,0,0,0,0,0,1,0.500000,3.000000,2.000000,0.209292,0.938531,0.358542,0.969338,0.229001,0.839037,0.028641,1.144314,0.001133
Wood__fine_wood_pbr_18_09_height,Wood,16,0,0,0,0,0,1,0.500000,4.500000,2.000000,0.190519,0.934319,0.339277,0.975452,0.203365,0.792842,0.030964,1.256566,0.001138
Wood__fine_wood_pbr_18_09_height,Wood,16,0,0,0,0,0,1,0.500000,0.500000,2.000000,0.000000,1.000000,1.000000,1.000000,0.003282,1.000000,0.000000,0.116115,0.000000
Wood__fine_wood_pbr_18_09_height,Wood,16,0,0,0,0,0,1,1.000000,1.500000,0.500000,4.125933,0.713390,0.151531,0.917688,1.909921,0.740693,0.080052,4.090446,0.008620
Wood__fine_wood_pbr_18_09_height,Wood,16,0,0,0,0,0,1,1.000000,4.500000,2.000000,0.287412,0.920299,0.319826,0.970728,0.292286,0.692038,0.036150,1.590737,0.001483
Wood__fine_wood_pbr_18_09_height,Wood,16,0,0,0,0,0,1,1.500000,0.500000,1.500000,0.012962,0.993519,0.871043,0.943299,0.012639,0.999034,0.002527,0.116115,0.000050
Wood__fine_wood_pbr_18_09_height,Wood,16,0,0,0,0,0,1,1.500000,1.500000,2.000000,0.523784,0.923127,0.301296,0.963091,0.496595,0.846325,0.042127,1.701238,0.001751
Wood__fine_wood_pbr_18_09_height,Wood,16,0,0,0,0,0,1,1.500000,3.000000,1.000000,1.620474,0.809350,0.191095,0.955352,1.133404,0.603194,0.067716,2.988285,0.004561
Wood__fine_wood_pbr_18_09_height,Wood,16,0,0,0,0,0,1,2.000000,1.500000,2.000000,0.607450,0.917417,0.289636,0.963307,0.552131,0.833550,0.045615,1.920849,0.001900
Wood__fine_wood_pbr_18_09_height,Wood,16,0,0,0,0,0,1,2.000000,4.500000,0.500000,2.424575,0.687710,0.134854,0.955591,1.282716,0.476355,0.082309,3.962782,0.007086
Wood__light_fine_wood_pbr_18_28_height,Wood,4,1,0,0,0,0,0,0.500000,0.500000,0.500000,0.251319,0.929351,0.583567,0.880642,0.102294,0.992798,0.013145,0.462290,0.000927
Wood__light_fine_wood_pbr_18_28_height,Wood,4,1,0,0,0,0,0,0.500000,3.000000,2.000000,0.087878,0.967272,0.541413,0.953860,0.131360,0.893610,0.016248,1.031644,0.000622
Wood__light_fine_wood_pbr_18_28_height,Wood,4,1,0,0,0,0,0,0.500000,4.500000,2.000000,0.083547,0.965229,0.511370,0.961829,0.128733,0.853367,0.016000,1.031644,0.000600
Wood__light_fine_wood_pbr_18_28_height,Wood,4,1,0,0,0,0,0,0.500000,0.500000,2.000000,0.000000,1.000000,1.000000,1.000000,0.003282,1.000000,0.000000,0.116115,0.000000
Wood__light_fine_wood_pbr_18_28_height,Wood,4,1,0,0,0,0,0,1.000000,1.500000,0.500000,1.724431,0.789939,0.235090,0.944460,1.232163,0.650576,0.063262,3.194923,0.005123
Wood__light_fine_wood_pbr_18_28_height,Wood,4,1,0,0,0,0,0,1.000000,4.500000,2.000000,0.127883,0.957052,0.458382,0.994236,0.250117,0.627164,0.053646,1.590737,0.000811
Wood__light_fine_wood_pbr_18_28_height,Wood,4,1,0,0,0,0,0,1.500000,0.500000,1.500000,0.193115,0.956730,0.462785,0.972654,0.213073,0.921439,0.029230,1.031644,0.000923
Wood__light_fine_wood_pbr_18_28_height,Wood,4,1,0,0,0,0,0,1.500000,1.500000,2.000000,0.238441,0.947421,0.352820,0.968712,0.358767,0.699044,0.031339,1.590737,0.001084
Wood__light_fine_wood_pbr_18_28_height,Wood,4,1,0,0,0,0,0,1.500000,3.000000,1.000000,1.088411,0.852389,0.266041,0.931888,0.746665,0.514402,0.044483,2.567818,0.003265
Wood__light_fine_wood_pbr_18_28_height,Wood,4,1,0,0,0,0,0,2.000000,1.500000,2.000000,0.238441,0.947421,0.352820,0.968712,0.358767,0.699044,0.031339,1.590737,0.001084
Wood__light_fine_wood_pbr_18_28_height,Wood,4,1,0,0,0,0,0,2.000000,4.500000,0.500000,1.529778,0.750349,0.188282,0.933218,0.661142,0.436593,0.053203,2.673795,0.005201
Wood__light_fine_wood_pbr_18_28_height,Wood,6,0,1,0,0,0,0,0.500000,0.500000,0.500000,4.608977,0.854218,0.431910,0.879079,0.436506,0.876735,0.067434,1.479786,0.006343
Wood__light_fine_wood_pbr_18_28_height,Wood,6,0,1,0,0,0,0,0.500000,3.000000,2.000000,0.048213,0.978229,0.631769,0.946952,0.062069,0.811172,0.010625,0.691205,0.000363
Wood__light_fine_wood_pbr_18_28_height,Wood,6,0,1,0,0,0,0,0.500000,4.500000,2.000000,0.035756,0.982560,0.679846,0.936611,0.040338,0.794181,0.006606,0.576938,0.000276
Wood__light_fine_wood_pbr_18_28_height,Wood,6,0,1,0,0,0,0,0.500000,0.500000,2.000000,0.036721,0.982623,0.600219,0.967202,0.080226,0.964892,0.013223,0.576938,0.000326
Wood__light_fine_wood_pbr_18_28_height,Wood,6,0,1,0,0,0,0,1.000000,1.500000,0.500000,2.409781,0.757197,0.176946,0.923277,1.203749,0.708382,0.063524,2.988285,0.006241
Wood__light_fine_wood_pbr_18_28_height,Wood,6,0,1,0,0,0,0,1.000000,4.500000,2.000000,0.140194,0.947593,0.350105,0.983776,0.203632,0.670966,0.033986,1.479786,0.000905
Wood__light_fine_wood_pbr_18_28_height,Wood,6,0,1,0,0,0,0,1.500000,0.500000,1.500000,0.224640,0.947426,0.360635,0.975650,0.266674,0.910655,0.033375,1.256566,0.001043
Wood__light_fine_wood_pbr_18_28_height,Wood,6,0,1,0,0,0,0,1.500000,1.500000,2.000000,0.284414,0.940178,0.314754,0.975695,0.446291,0.669467,0.038272,1.811278,0.001226
Wood__light_fine_wood_pbr_18_28_height,Wood,6,0,1,0,0,0,0,1.500000,3.000000,1.000000,0.651466,0.879249,0.324899,0.932872,0.531421,0.521150,0.034505,2.138541,0.002477
Wood__light_fine_wood_pbr_18_28_height,Wood,6,0,1,0,0,0,0,2.000000,1.500000,2.000000,0.317345,0.939217,0.331647,0.970415,0.458817,0.641567,0.037494,1.920849,0.001306
Wood__light_fine_wood_pbr_18_28_height,Wood,6,0,1,0,0,0,0,2.000000,4.500000,0.500000,1.500739,0.753130,0.203508,0.931455,0.657837,0.359636,0.053134,2.567818,0.005257
Wood__light_fine_wood_pbr_18_28_height,Wood,8,0,0,1,0,0,0,0.500000,0.500000,0.500000,2.011588,0.840534,0.330186,0.883741,0.389021,0.903703,0.047258,1.368393,0.004802
Wood__light_fine_wood_pbr_18_28_height,Wood,8,0,0,1,0,0,0,0.500000,3.000000,2.000000,0.070698,0.971036,0.517147,0.960003,0.095004,0.816064,0.013923,0.691205,0.000489
Wood__light_fine_wood_pbr_18_28_height,Wood,8,0,0,1,0,0,0,0.500000,4.500000,2.000000,0.056239,0.973998,0.569107,0.956739,0.055886,0.788595,0.011904,0.576938,0.000460
Wood__light_fine_wood_pbr_18_28_height,Wood,8,0,0,1,0,0,0,0.500000,0.500000,2.000000,0.033784,0.983965,0.565593,0.974158,0.062383,0.973843,0.010605,0.462290,0.000261
Wood__light_fine_wood_pbr_18_28_height,Wood,8,0,0,1,0,0,0,1.000000,1.500000,0.500000,1.944571,0.775550,0.203511,0.914263,1.053467,0.659784,0.054622,2.884043,0.005646
Wood__light_fine_wood_pbr_18_28_height,Wood,8,0,0,1,0,0,0,1.000000,4.500000,2.000000,0.106738,0.957553,0.370615,0.982307,0.159205,0.630727,0.027967,1.144314,0.000771
Wood__light_fine_wood_pbr_18_28_height,Wood,8,0,0,1,0,0,0,1.500000,0.500000,1.500000,0.172647,0.953849,0.410535,0.971351,0.192178,0.932984,0.026553,1.031644,0.000855
Wood__light_fine_wood_pbr_18_28_height,Wood,8,0,0,1,0,0,0,1.500000,1.500000,2.000000,0.215846,0.947165,0.377559,0.967453,0.339753,0.726095,0.028192,1.479786,0.001037
Wood__light_fine_wood_pbr_18_28_height,Wood,8,0,0,1,0,0,0,1.500000,3.000000,1.000000,1.092542,0.851773,0.264677,0.931262,0.703011,0.536341,0.044226,2.461292,0.003290
Wood__light_fine_wood_pbr_18_28_height,Wood,8,0,0,1,0,0,0,2.000000,1.500000,2.000000,0.320564,0.939667,0.311761,0.973905,0.503620,0.634110,0.040449,1.920849,0.001332
Wood__light_fine_wood_pbr_18_28_height,Wood,8,0,0,1,0,0,0,2.000000,4.500000,0.500000,1.281117,0.767808,0.207421,0.931780,0.595319,0.380774,0.048773,2.461292,0.004772
Wood__light_fine_wood_pbr_18_28_height,Wood,10,0,0,0,1,0,0,0.500000,0.500000,0.500000,1.283540,0.839915,0.301173,0.885442,0.321391,0.919386,0.036693,1.256566,0.003970
Wood__light_fine_wood_pbr_18_28_height,Wood,10,0,0,0,1,0,0,0.500000,3.000000,2.000000,0.086276,0.966788,0.502374,0.955764,0.096265,0.821826,0.015516,0.805082,0.000571
Wood__light_fine_wood_pbr_18_28_height,Wood,10,0,0,0,1,0,0,0.500000,4.500000,2.000000,0.073978,0.968099,0.527696,0.960732,0.092157,0.787564,0.014620,0.805082,0.000542
Wood__light_fine_wood_pbr_18_28_height,Wood,10,0,0,0,1,0,0,0.500000,0.500000,2.000000,0.020703,0.989774,0.699621,0.963232,0.037930,0.978694,0.007927,0.347266,0.000201
Wood__light_fine_wood_pbr_18_28_height,Wood,10,0,0,0,1,0,0,1.000000,1.500000,0.500000,2.338040,0.759398,0.184855,0.914175,1.104641,0.690935,0.059504,2.884043,0.006196
Wood__light_fine_wood_pbr_18_28_height,Wood,10,0,0,0,1,0,0,1.000000,4.500000,2.000000,0.119850,0.954293,0.397832,0.974810,0.165732,0.654871,0.025021,1.144314,0.000835
Wood__light_fine_wood_pbr_18_28_height,Wood,10,0,0,0,1,0,0,1.500000,0.500000,1.500000,0.192375,0.957089,0.466453,0.972756,0.213236,0.921531,0.029251,1.031644,0.000918
Wood__light_fine_wood_pbr_18_28_height,Wood,10,0,0,0,1,0,0,1.500000,1.500000,2.000000,0.237770,0.947126,0.347601,0.970039,0.360356,0.700458,0.031296,1.590737,0.001090
Wood__light_fine_wood_pbr_18_28_height,Wood,10,0,0,0,1,0,0,1.500000,3.000000,1.000000,0.955732,0.858921,0.277506,0.931553,0.679080,0.524263,0.041486,2.354228,0.003065
Wood__light_fine_wood_pbr_18_28_height,Wood,10,0,0,0,1,0,0,2.000000,1.500000,2.000000,0.349879,0.936278,0.299024,0.974210,0.546826,0.618725,0.041811,1.998690,0.001395
Wood__light_fine_wood_pbr_18_28_height,Wood,10,0,0,0,1,0,0,2.000000,4.500000,0.500000,1.141767,0.778786,0.226433,0.931434,0.546369,0.366677,0.046147,2.354228,0.004515
Wood__light_fine_wood_pbr_18_28_height,Wood,12,0,0,0,0,1,0,0.500000,0.500000,0.500000,0.900390,0.860861,0.372893,0.893312,0.385906,0.932821,0.033176,1.479786,0.003379
Wood__light_fine_wood_pbr_18_28_height,Wood,12,0,0,0,0,1,0,0.500000,3.000000,2.000000,0.077609,0.968557,0.507004,0.961624,0.110857,0.847356,0.015318,0.918564,0.000553
Wood__light_fine_wood_pbr_18_28_height,Wood,12,0,0,0,0,1,0,0.500000,4.500000,2.000000,0.068018,0.969045,0.539160,0.959479,0.086062,0.816436,0.013740,0.691205,0.000520
Wood__light_fine_wood_pbr_18_28_height,Wood,12,0,0,0,0,1,0,0.500000,0.500000,2.000000,0.019815,0.990119,0.708941,0.964950,0.035905,0.983603,0.007364,0.462290,0.000171
Wood__light_fine_wood_pbr_18_28_height,Wood,12,0,0,0,0,1,0,1.000000,1.500000,0.500000,2.055287,0.771900,0.202453,0.909862,1.069144,0.663118,0.054590,2.779208,0.005825
Wood__light_fine_wood_pbr_18_28_height,Wood,12,0,0,0,0,1,0,1.000000,4.500000,2.000000,0.104396,0.958778,0.419004,0.973291,0.132673,0.632128,0.023210,1.031644,0.000769
Wood__light_fine_wood_pbr_18_28_height,Wood,12,0,0,0,0,1,0,1.500000,0.500000,1.500000,0.224437,0.956721,0.474299,0.972866,0.217863,0.916865,0.031682,1.144314,0.000995
Wood__light_fine_wood_pbr_18_28_height,Wood,12,0,0,0,0,1,0,1.500000,1.500000,2.000000,0.258193,0.946271,0.353927,0.971520,0.394331,0.685272,0.034598,1.701238,0.001139
Wood__light_fine_wood_pbr_18_28_height,Wood,12,0,0,0,0,1,0,1.500000,3.000000,1.000000,0.871162,0.861980,0.283240,0.932857,0.659176,0.517225,0.039732,2.354228,0.002905
Wood__light_fine_wood_pbr_18_28_height,Wood,12,0,0,0,0,1,0,2.000000,1.500000,2.000000,0.351732,0.937467,0.306024,0.974856,0.546888,0.618635,0.043189,2.138541,0.001401
Wood__light_fine_wood_pbr_18_28_height,Wood,12,0,0,0,0,1,0,2.000000,4.500000,0.500000,1.078201,0.782864,0.225300,0.931538,0.522098,0.378809,0.044480,2.354228,0.004329
Wood__light_fine_wood_pbr_18_28_height,Wood,16,0,0,0,0,0,1,0.500000,0.500000,0.500000,2.014522,0.849503,0.383222,0.880054,0.375405,0.909652,0.044222,1.256566,0.004494
Wood__light_fine_wood_pbr_18_28_height,Wood,16,0,0,0,0,0,1,0.500000,3.000000,2.000000,0.068282,0.970758,0.532025,0.958237,0.080962,0.824898,0.013790,0.805082,0.000491
Wood__light_fine_wood_pbr_18_28_height,Wood,16,0,0,0,0,0,1,0.500000,4.500000,2.000000,0.062015,0.971111,0.576795,0.952124,0.068780,0.796942,0.012285,0.691205,0.000471
Wood__light_fine_wood_pbr_18_28_height,Wood,16,0,0,0,0,0,1,0.500000,0.500000,2.000000,0.031688,0.984516,0.574920,0.971982,0.047039,0.974928,0.010092,0.462290,0.000254
Wood__light_fine_wood_pbr_18_28_height,Wood,16,0,0,0,0,0,1,1.000000,1.500000,0.500000,2.110841,0.768939,0.200122,0.908267,1.054893,0.664773,0.054943,2.779208,0.005910
Wood__light_fine_wood_pbr_18_28_height,Wood,16,0,0,0,0,0,1,1.000000,4.500000,2.000000,0.108589,0.957033,0.427319,0.970550,0.120905,0.632893,0.021797,1.031644,0.000771
Wood__light_fine_wood_pbr_18_28_height,Wood,16,0,0,0,0,0,1,1.500000,0.500000,1.500000,0.192375,0.957089,0.466453,0.972756,0.213236,0.921531,0.029251,1.031644,0.000918
Wood__light_fine_wood_pbr_18_28_height,Wood,16,0,0,0,0,0,1,1.500000,1.500000,2.000000,0.239505,0.946928,0.346663,0.970192,0.362636,0.700893,0.031266,1.590737,0.001087
Wood__light_fine_wood_pbr_18_28_height,Wood,16,0,0,0,0,0,1,1.500000,3.000000,1.000000,0.937114,0.859253,0.280595,0.931895,0.643699,0.526306,0.040949,2.354228,0.003022
Wood__light_fine_wood_pbr_18_28_height,Wood,16,0,0,0,0,0,1,2.000000,1.500000,2.000000,0.384114,0.934539,0.293643,0.975744,0.586271,0.609830,0.044406,2.029940,0.001446
Wood__light_fine_wood_pbr_18_28_height,Wood,16,0,0,0,0,0,1,2.000000,4.500000,0.500000,1.083633,0.784131,0.228366,0.930778,0.528021,0.368192,0.044769,2.322978,0.004354
Wood__old_pine_wood_wood_33_52_height,Wood,4,1,0,0,0,0,0,0.500000,0.500000,0.500000,0.956459,0.886665,0.612233,0.846886,0.429507,0.936368,0.028238,1.479786,0.002861
Wood__old_pine_wood_wood_33_52_height,Wood,4,1,0,0,0,0,0,0.500000,3.000000,2.000000,0.250307,0.939056,0.331949,0.971267,0.321091,0.785096,0.032626,1.590737,0.001149
Wood__old_pine_wood_wood_33_52_height,Wood,4,1,0,0,0,0,0,0.500000,4.500000,2.000000,0.161809,0.947932,0.390514,0.969103,0.251169,0.745996,0.025972,1.590737,0.000964
Wood__old_pine_wood_wood_33_52_height,Wood,4,1,0,0,0,0,0,0.500000,0.500000,2.000000,0.052829,0.981786,0.665184,0.967931,0.049064,0.995049,0.010533,0.347266,0.000187
Wood__old_pine_wood_wood_33_52_height,Wood,4,1,0,0,0,0,0,1.000000,1.500000,0.500000,2.120041,0.774566,0.246128,0.866743,1.323491,0.600626,0.044787,3.398984,0.005844
Wood__old_pine_wood_wood_33_52_height,Wood,4,1,0,0,0,0,0,1.000000,4.500000,2.000000,0.191966,0.939486,0.335080,0.976985,0.265983,0.585517,0.030879,1.590737,0.001079
Wood__old_pine_wood_wood_33_52_height,Wood,4,1,0,0,0,0,0,1.500000,0.500000,1.500000,0.252416,0.951021,0.571513,0.921083,0.238609,0.893405,0.020141,1.144314,0.001098
Wood__old_pine_wood_wood_33_52_height,Wood,4,1,0,0,0,0,0,1.500000,1.500000,2.000000,0.425285,0.935922,0.329012,0.965569,0.674244,0.629669,0.040521,2.322978,0.001512
Wood__old_pine_wood_wood_33_52_height,Wood,4,1,0,0,0,0,0,1.500000,3.000000,1.000000,0.781845,0.875014,0.344457,0.908795,0.759695,0.448916,0.031660,2.567818,0.002637
Wood__old_pine_wood_wood_33_52_height,Wood,4,1,0,0,0,0,0,2.000000,1.500000,2.000000,0.426711,0.934891,0.316583,0.963943,0.687329,0.562291,0.038840,2.461292,0.001470
Wood__old_pine_wood_wood_33_52_height,Wood,4,1,0,0,0,0,0,2.000000,4.500000,0.500000,0.866944,0.812200,0.308078,0.919892,0.679871,0.323532,0.037553,2.779208,0.003854
Wood__old_pine_wood_wood_33_52_height,Wood,6,0,1,0,0,0,0,0.500000,0.500000,0.500000,1.280131,0.861648,0.407522,0.866593,0.637378,0.909548,0.034178,1.811278,0.003423
Wood__old_pine_wood_wood_33_52_height,Wood,6,0,1,0,0,0,0,0.500000,3.000000,2.000000,0.137684,0.953115,0.399569,0.972613,0.188753,0.770443,0.025171,1.256566,0.000853
Wood__old_pine_wood_wood_33_52_height,Wood,6,0,1,0,0,0,0,0.500000,4.500000,2.000000,0.116906,0.954091,0.402787,0.973812,0.149324,0.738744,0.023412,1.256566,0.000792
Wood__old_pine_wood_wood_33_52_height,Wood,6,0,1,0,0,0,0,0.500000,0.500000,2.000000,0.042541,0.981502,0.634394,0.949642,0.063477,0.971279,0.010153,0.576938,0.000325
Wood__old_pine_wood_wood_33_52_height,Wood,6,0,1,0,0,0,0,1.000000,1.500000,0.500000,2.342134,0.765275,0.239206,0.867509,1.263877,0.592157,0.047271,3.194923,0.006178
Wood__old_pine_wood_wood_33_52_height,Wood,6,0,1,0,0,0,0,1.000000,4.500000,2.000000,0.216898,0.935819,0.341603,0.973294,0.303268,0.586396,0.031993,1.701238,0.001143
Wood__old_pine_wood_wood_33_52_height,Wood,6,0,1,0,0,0,0,1.500000,0.500000,1.500000,0.205992,0.948049,0.443377,0.932029,0.245634,0.885395,0.019083,1.144314,0.001032
Wood__old_pine_wood_wood_33_52_height,Wood,6,0,1,0,0,0,0,1.500000,1.500000,2.000000,0.409302,0.936205,0.312755,0.969078,0.644781,0.627613,0.041189,2.354228,0.001471
Wood__old_pine_wood_wood_33_52_height,Wood,6,0,1,0,0,0,0,1.500000,3.000000,1.000000,0.750546,0.877586,0.350280,0.908857,0.713501,0.451388,0.031453,2.461292,0.002591
Wood__old_pine_wood_wood_33_52_height,Wood,6,0,1,0,0,0,0,2.000000,1.500000,2.000000,0.474514,0.931494,0.310974,0.962640,0.668140,0.562126,0.040138,2.246641,0.001562
Wood__old_pine_wood_wood_33_52_height,Wood,6,0,1,0,0,0,0,2.000000,4.500000,0.500000,0.810970,0.815314,0.311458,0.918098,0.639285,0.328176,0.035812,2.673795,0.003712
Wood__old_pine_wood_wood_33_52_height,Wood,8,0,0,1,0,0,0,0.500000,0.500000,0.500000,1.024342,0.844144,0.324890,0.855956,0.479562,0.900930,0.029482,1.479786,0.003565
Wood__old_pine_wood_wood_33_52_height,Wood,8,0,0,1,0,0,0,0.500000,3.000000,2.000000,0.152443,0.949033,0.376399,0.973063,0.223410,0.776075,0.025810,1.256566,0.000870
Wood__old_pine_wood_wood_33_52_height,Wood,8,0,0,1,0,0,0,0.500000,4.500000,2.000000,0.119028,0.954310,0.400113,0.973332,0.172410,0.745517,0.022748,1.256566,0.000789
Wood__old_pine_wood_wood_33_52_height,Wood,8,0,0,1,0,0,0,0.500000,0.500000,2.000000,0.051478,0.977064,0.619367,0.946951,0.086273,0.963615,0.009708,0.576938,0.000373
Wood__old_pine_wood_wood_33_52_height,Wood,8,0,0,1,0,0,0,1.000000,1.500000,0.500000,2.250451,0.768179,0.240019,0.865533,1.259042,0.590766,0.045953,3.194923,0.006025
Wood__old_pine_wood_wood_33_52_height,Wood,8,0,0,1,0,0,0,1.000000,4.500000,2.000000,0.206134,0.936694,0.329661,0.976361,0.290272,0.584045,0.032690,1.811278,0.001118
Wood__old_pine_wood_wood_33_52_height,Wood,8,0,0,1,0,0,0,1.500000,0.500000,1.500000,0.197625,0.949708,0.452309,0.927969,0.266782,0.872417,0.017778,1.144314,0.000972
Wood__old_pine_wood_wood_33_52_height,Wood,8,0,0,1,0,0,0,1.500000,1.500000,2.000000,0.430557,0.932209,0.309051,0.968725,0.620066,0.621170,0.040664,2.246641,0.001496
Wood__old_pine_wood_wood_33_52_height,Wood,8,0,0,1,0,0,0,1.500000,3.000000,1.000000,0.735223,0.878989,0.362384,0.903905,0.654608,0.451842,0.030478,2.354228,0.002554
Wood__old_pine_wood_wood_33_52_height,Wood,8,0,0,1,0,0,0,2.000000,1.500000,2.000000,0.473063,0.930927,0.312284,0.964878,0.685444,0.565882,0.040582,2.354228,0.001546
Wood__old_pine_wood_wood_33_52_height,Wood,8,0,0,1,0,0,0,2.000000,4.500000,0.500000,0.805114,0.815375,0.313258,0.917722,0.606714,0.332536,0.035717,2.673795,0.003689
Wood__old_pine_wood_wood_33_52_height,Wood,10,0,0,0,1,0,0,0.500000,0.500000,0.500000,0.865567,0.851359,0.353898,0.863216,0.562325,0.904019,0.027832,1.811278,0.003382
Wood__old_pine_wood_wood_33_52_height,Wood,10,0,0,0,1,0,0,0.500000,3.000000,2.000000,0.163587,0.948572,0.377904,0.973908,0.221440,0.782105,0.027432,1.256566,0.000935
Wood__old_pine_wood_wood_33_52_height,Wood,10,0,0,0,1,0,0,0.500000,4.500000,2.000000,0.131642,0.950602,0.404416,0.970954,0.191894,0.749942,0.023827,1.368393,0.000832
Wood__old_pine_wood_wood_33_52_height,Wood,10,0,0,0,1,0,0,0.500000,0.500000,2.000000,0.042445,0.980260,0.630212,0.949413,0.066966,0.967036,0.009660,0.462290,0.000357
Wood__old_pine_wood_wood_33_52_height,Wood,10,0,0,0,1,0,0,1.000000,1.500000,0.500000,2.174390,0.770426,0.240705,0.868108,1.227701,0.589838,0.045385,2.988285,0.005910
Wood__old_pine_wood_wood_33_52_height,Wood,10,0,0,0,1,0,0,1.000000,4.500000,2.000000,0.199349,0.938187,0.332525,0.976168,0.287130,0.582922,0.031712,1.811278,0.001087
Wood__old_pine_wood_wood_33_52_height,Wood,10,0,0,0,1,0,0,1.500000,0.500000,1.500000,0.190872,0.948859,0.447171,0.934199,0.269921,0.872641,0.018696,1.256566,0.000997
Wood__old_pine_wood_wood_33_52_height,Wood,10,0,0,0,1,0,0,1.500000,1.500000,2.000000,0.433600,0.932647,0.313073,0.968285,0.634417,0.616169,0.040633,2.215391,0.001505
Wood__old_pine_wood_wood_33_52_height,Wood,10,0,0,0,1,0,0,1.500000,3.000000,1.000000,0.714640,0.878203,0.350384,0.910313,0.678095,0.446262,0.030796,2.354228,0.002536
Wood__old_pine_wood_wood_33_52_height,Wood,10,0,0,0,1,0,0,2.000000,1.500000,2.000000,0.442021,0.934174,0.314668,0.962559,0.664850,0.553250,0.038099,2.354228,0.001487
Wood__old_pine_wood_wood_33_52_height,Wood,10,0,0,0,1,0,0,2.000000,4.500000,0.500000,0.740365,0.824074,0.319874,0.917197,0.579306,0.322949,0.034275,2.567818,0.003590
Wood__old_pine_wood_wood_33_52_height,Wood,12,0,0,0,0,1,0,0.500000,0.500000,0.500000,0.806331,0.850168,0.339974,0.863598,0.538326,0.893861,0.026697,1.701238,0.003277
Wood__old_pine_wood_wood_33_52_height,Wood,12,0,0,0,0,1,0,0.500000,3.000000,2.000000,0.150382,0.949501,0.358129,0.976877,0.209925,0.781183,0.027723,1.256566,0.000887
Wood__old_pine_wood_wood_33_52_height,Wood,12,0,0,0,0,1,0,0.500000,4.500000,2.000000,0.124502,0.952930,0.396323,0.976640,0.186376,0.748512,0.025229,1.256566,0.000810
Wood__old_pine_wood_wood_33_52_height,Wood,12,0,0,0,0,1,0,0.500000,0.500000,2.000000,0.053645,0.977332,0.564985,0.961112,0.081378,0.960060,0.011294,0.576938,0.000362
Wood__old_pine_wood_wood_33_52_height,Wood,12,0,0,0,0,1,0,1.000000,1.500000,0.500000,2.051119,0.774791,0.246808,0.866242,1.194245,0.587231,0.043802,2.988285,0.005718
Wood__old_pine_wood_wood_33_52_height,Wood,12,0,0,0,0,1,0,1.000000,4.500000,2.000000,0.186594,0.941864,0.345325,0.975626,0.277551,0.581123,0.030632,1.701238,0.001049
Wood__old_pine_wood_wood_33_52_height,Wood,12,0,0,0,0,1,0,1.500000,0.500000,1.500000,0.196632,0.948624,0.442549,0.933186,0.255843,0.873953,0.017703,1.144314,0.000983
Wood__old_pine_wood_wood_33_52_height,Wood,12,0,0,0,0,1,0,1.500000,1.500000,2.000000,0.406200,0.934704,0.310935,0.968978,0.600273,0.623659,0.040851,2.138541,0.001482
Wood__old_pine_wood_wood_33_52_height,Wood,12,0,0,0,0,1,0,1.500000,3.000000,1.000000,0.737192,0.879623,0.358427,0.905341,0.669939,0.456564,0.030748,2.461292,0.002560
Wood__old_pine_wood_wood_33_52_height,Wood,12,0,0,0,0,1,0,2.000000,1.500000,2.000000,0.461889,0.932407,0.307298,0.961752,0.685321,0.556128,0.038601,2.279933,0.001525
Wood__old_pine_wood_wood_33_52_height,Wood,12,0,0,0,0,1,0,2.000000,4.500000,0.500000,0.763469,0.819541,0.316334,0.917256,0.599779,0.327735,0.034639,2.567818,0.003601
Wood__old_pine_wood_wood_33_52_height,Wood,16,0,0,0,0,0,1,0.500000,0.500000,0.500000,0.873154,0.844617,0.326446,0.868302,0.592872,0.894630,0.028150,1.811278,0.003425
Wood__old_pine_wood_wood_33_52_height,Wood,16,0,0,0,0,0,1,0.500000,3.000000,2.000000,0.151771,0.949758,0.359396,0.976586,0.214727,0.777264,0.027565,1.256566,0.000902
Wood__old_pine_wood_wood_33_52_height,Wood,16,0,0,0,0,0,1,0.500000,4.500000,2.000000,0.120951,0.954361,0.393758,0.976123,0.170272,0.745900,0.024682,1.256566,0.000801
Wood__old_pine_wood_wood_33_52_height,Wood,16,0,0,0,0,0,1,0.500000,0.500000,2.000000,0.045997,0.979793,0.587924,0.959277,0.076405,0.960191,0.010974,0.576938,0.000364
Wood__old_pine_wood_wood_33_52_height,Wood,16,0,0,0,0,0,1,1.000000,1.500000,0.500000,2.189231,0.770121,0.240314,0.866789,1.202141,0.587588,0.045197,2.988285,0.005919
Wood__old_pine_wood_wood_33_52_height,Wood,16,0,0,0,0,0,1,1.000000,4.500000,2.000000,0.200761,0.939119,0.340209,0.974652,0.281573,0.582065,0.031183,1.590737,0.001087
Wood__old_pine_wood_wood_33_52_height,Wood,16,0,0,0,0,0,1,1.500000,0.500000,1.500000,0.198775,0.947595,0.431140,0.936921,0.270074,0.876112,0.018995,1.256566,0.001026
Wood__old_pine_wood_wood_33_52_height,Wood,16,0,0,0,0,0,1,1.500000,1.500000,2.000000,0.420209,0.934306,0.314326,0.968194,0.635098,0.625981,0.040735,2.215391,0.001471
Wood__old_pine_wood_wood_33_52_height,Wood,16,0,0,0,0,0,1,1.500000,3.000000,1.000000,0.747782,0.877305,0.352037,0.904975,0.685985,0.453118,0.030861,2.461292,0.002591
Wood__old_pine_wood_wood_33_52_height,Wood,16,0,0,0,0,0,1,2.000000,1.500000,2.000000,0.471820,0.932272,0.306718,0.965186,0.654253,0.563008,0.040187,2.322978,0.001528
Wood__old_pine_wood_wood_33_52_height,Wood,16,0,0,0,0,0,1,2.000000,4.500000,0.500000,0.794642,0.817898,0.319226,0.917495,0.621574,0.330990,0.035405,2.673795,0.003664
Wood__old_wooden_planks_3_92_height,Wood,4,1,0,0,0,0,0,0.500000,0.500000,0.500000,5.976560,0.886820,0.619240,0.906555,0.716411,0.960789,0.087921,1.811278,0.004794
Wood__old_wooden_planks_3_92_height,Wood,4,1,0,0,0,0,0,0.500000,3.000000,2.000000,0.113487,0.958438,0.385742,0.979927,0.152115,0.930148,0.025903,1.031644,0.000715
Wood__old_wooden_planks_3_92_height,Wood,4,1,0,0,0,0,0,0.500000,4.500000,2.000000,0.138861,0.948674,0.331628,0.983756,0.190973,0.857575,0.032077,1.368393,0.000898
Wood__old_wooden_planks_3_92_height,Wood,4,1,0,0,0,0,0,0.500000,0.500000,2.000000,0.000000,1.000000,1.000000,1.000000,0.003282,1.000000,0.000000,0.116115,0.000000
Wood__old_wooden_planks_3_92_height,Wood,4,1,0,0,0,0,0,1.000000,1.500000,0.500000,7.212350,0.729381,0.322076,0.919241,1.447235,0.750869,0.104019,3.091917,0.009745
Wood__old_wooden_planks_3_92_height,Wood,4,1,0,0,0,0,0,1.000000,4.500000,2.000000,0.382262,0.913110,0.246248,0.986089,0.467199,0.701412,0.059945,2.246641,0.001728
Wood__old_wooden_planks_3_92_height,Wood,4,1,0,0,0,0,0,1.500000,0.500000,1.500000,1.645718,0.931708,0.398958,0.972523,0.531317,0.942537,0.086435,1.590737,0.002063
Wood__old_wooden_planks_3_92_height,Wood,4,1,0,0,0,0,0,1.500000,1.500000,2.000000,1.167564,0.882514,0.200032,0.980560,0.959435,0.835045,0.085994,2.461292,0.002889
Wood__old_wooden_planks_3_92_height,Wood,4,1,0,0,0,0,0,1.500000,3.000000,1.000000,1.592452,0.832695,0.211861,0.958998,1.139679,0.647250,0.070590,3.091917,0.004102
Wood__old_wooden_planks_3_92_height,Wood,4,1,0,0,0,0,0,2.000000,1.500000,2.000000,1.424375,0.877220,0.198872,0.977142,1.099782,0.783131,0.088172,2.779208,0.003205
Wood__old_wooden_planks_3_92_height,Wood,4,1,0,0,0,0,0,2.000000,4.500000,0.500000,2.727267,0.699328,0.132458,0.958815,1.238680,0.449534,0.091040,3.994032,0.007195
Wood__old_wooden_planks_3_92_height,Wood,6,0,1,0,0,0,0,0.500000,0.500000,0.500000,6.216342,0.829950,0.394621,0.901356,0.475514,0.908226,0.086009,1.368393,0.007164
Wood__old_wooden_planks_3_92_height,Wood,6,0,1,0,0,0,0,0.500000,3.000000,2.000000,0.237277,0.935394,0.285900,0.982952,0.275769,0.883731,0.041047,1.479786,0.001202
Wood__old_wooden_planks_3_92_height,Wood,6,0,1,0,0,0,0,0.500000,4.500000,2.000000,0.199332,0.933874,0.293155,0.984692,0.228970,0.822682,0.039550,1.590737,0.001120
Wood__old_wooden_planks_3_92_height,Wood,6,0,1,0,0,0,0,0.500000,0.500000,2.000000,0.018671,0.992674,0.868587,0.963751,0.028069,0.998361,0.004972,0.231872,0.000073
Wood__old_wooden_planks_3_92_height,Wood,6,0,1,0,0,0,0,1.000000,1.500000,0.500000,5.099449,0.714712,0.158963,0.921956,1.600561,0.755705,0.090217,3.297285,0.008908
Wood__old_wooden_planks_3_92_height,Wood,6,0,1,0,0,0,0,1.000000,4.500000,2.000000,0.292948,0.922446,0.282507,0.982385,0.386719,0.700748,0.046312,2.029940,0.001448
Wood__old_wooden_planks_3_92_height,Wood,6,0,1,0,0,0,0,1.500000,0.500000,1.500000,1.455141,0.918292,0.312198,0.970042,0.477950,0.920521,0.077816,1.701238,0.002441
Wood__old_wooden_planks_3_92_height,Wood,6,0,1,0,0,0,0,1.500000,1.500000,2.000000,0.803093,0.893898,0.235526,0.976477,0.767382,0.828024,0.065549,2.354228,0.002427
Wood__old_wooden_planks_3_92_height,Wood,6,0,1,0,0,0,0,1.500000,3.000000,1.000000,1.502365,0.823159,0.181881,0.966972,1.135432,0.646035,0.076316,3.194923,0.004198
Wood__old_wooden_planks_3_92_height,Wood,6,0,1,0,0,0,0,2.000000,1.500000,2.000000,1.191189,0.879376,0.199860,0.977941,1.107270,0.779174,0.081110,2.779208,0.002990
Wood__old_wooden_planks_3_92_height,Wood,6,0,1,0,0,0,0,2.000000,4.500000,0.500000,2.599606,0.705678,0.136113,0.958901,1.184722,0.452038,0.088830,3.994032,0.006964
Wood__old_wooden_planks_3_92_height,Wood,8,0,0,1,0,0,0,0.500000,0.500000,0.500000,3.250696,0.846288,0.448533,0.892477,0.496735,0.905818,0.061776,1.811278,0.005611
Wood__old_wooden_planks_3_92_height,Wood,8,0,0,1,0,0,0,0.500000,3.000000,2.000000,0.196353,0.940792,0.329472,0.979908,0.214991,0.874805,0.034112,1.368393,0.001075
Wood__old_wooden_planks_3_92_height,Wood,8,0,0,1,0,0,0,0.500000,4.500000,2.000000,0.148027,0.947006,0.339254,0.982444,0.205518,0.817723,0.033001,1.368393,0.000969
Wood__old_wooden_planks_3_92_height,Wood,8,0,0,1,0,0,0,0.500000,0.500000,2.000000,0.037722,0.984273,0.683585,0.974185,0.070903,0.993639,0.011159,0.462290,0.000218
Wood__old_wooden_planks_3_92_height,Wood,8,0,0,1,0,0,0,1.000000,1.500000,0.500000,4.726756,0.712834,0.139698,0.925433,1.635798,0.755678,0.088996,3.398984,0.008712
Wood__old_wooden_planks_3_92_height,Wood,8,0,0,1,0,0,0,1.000000,4.500000,2.000000,0.281001,0.924426,0.278064,0.984209,0.384956,0.701086,0.048139,2.029940,0.001416
Wood__old_wooden_planks_3_92_height,Wood,8,0,0,1,0,0,0,1.500000,0.500000,1.500000,1.030161,0.909498,0.275379,0.974485,0.640211,0.919466,0.069915,2.029940,0.002351
Wood__old_wooden_planks_3_92_height,Wood,8,0,0,1,0,0,0,1.500000,1.500000,2.000000,0.760713,0.895327,0.225179,0.978110,0.756390,0.825596,0.064771,2.246641,0.002353
Wood__old_wooden_planks_3_92_height,Wood,8,0,0,1,0,0,0,1.500000,3.000000,1.000000,1.456521,0.822937,0.184549,0.967188,1.105919,0.646575,0.075195,3.194923,0.004136
Wood__old_wooden_planks_3_92_height,Wood,8,0,0,1,0,0,0,2.000000,1.500000,2.000000,1.108684,0.879519,0.202289,0.978569,1.053840,0.775972,0.080007,2.779208,0.002906
Wood__old_wooden_planks_3_92_height,Wood,8,0,0,1,0,0,0,2.000000,4.500000,0.500000,2.584767,0.704721,0.136568,0.958924,1.195583,0.452379,0.088584,4.090446,0.006954
Wood__old_wooden_planks_3_92_height,Wood,10,0,0,0,1,0,0,0.500000,0.500000,0.500000,2.710401,0.832820,0.391671,0.898872,0.584329,0.903439,0.057756,1.701238,0.005499
Wood__old_wooden_planks_3_92_height,Wood,10,0,0,0,1,0,0,0.500000,3.000000,2.000000,0.167811,0.946759,0.372216,0.975073,0.216248,0.873564,0.028832,1.256566,0.000963
Wood__old_wooden_planks_3_92_height,Wood,10,0,0,0,1,0,0,0.500000,4.500000,2.000000,0.144710,0.946594,0.341732,0.981598,0.196619,0.817243,0.029955,1.368393,0.000902
Wood__old_wooden_planks_3_92_height,Wood,10,0,0,0,1,0,0,0.500000,0.500000,2.000000,0.089127,0.977911,0.586766,0.972981,0.103123,0.988885,0.018873,0.805082,0.000367
Wood__old_wooden_planks_3_92_height,Wood,10,0,0,0,1,0,0,1.000000,1.500000,0.500000,4.625897,0.715642,0.140151,0.925964,1.651856,0.755936,0.088408,3.398984,0.008570
Wood__old_wooden_planks_3_92_height,Wood,10,0,0,0,1,0,0,1.000000,4.500000,2.000000,0.275054,0.925031,0.276244,0.985197,0.390346,0.701513,0.047561,1.920849,0.001385
Wood__old_wooden_planks_3_92_height,Wood,10,0,0,0,1,0,0,1.500000,0.500000,1.500000,0.947398,0.909111,0.263747,0.974804,0.634571,0.914945,0.068121,1.811278,0.002334
Wood__old_wooden_planks_3_92_height,Wood,10,0,0,0,1,0,0,1.500000,1.500000,2.000000,0.762474,0.893668,0.228390,0.978276,0.765557,0.822674,0.065754,2.246641,0.002380
Wood__old_wooden_planks_3_92_height,Wood,10,0,0,0,1,0,0,1.500000,3.000000,1.000000,1.443018,0.821866,0.181599,0.967433,1.060327,0.646268,0.075160,3.194923,0.004156
Wood__old_wooden_planks_3_92_height,Wood,10,0,0,0,1,0,0,2.000000,1.500000,2.000000,1.123324,0.880898,0.211244,0.978230,1.075646,0.773300,0.079315,2.779208,0.002899
Wood__old_wooden_planks_3_92_height,Wood,10,0,0,0,1,0,0,2.000000,4.500000,0.500000,2.576224,0.705672,0.136882,0.958795,1.192744,0.452437,0.088231,3.994032,0.006933
Wood__old_wooden_planks_3_92_height,Wood,12,0,0,0,0,1,0,0.500000,0.500000,0.500000,2.354245,0.817542,0.309386,0.904890,0.579087,0.903998,0.054235,1.811278,0.005345
Wood__old_wooden_planks_3_92_height,Wood,12,0,0,0,0,1,0,0.500000,3.000000,2.000000,0.161966,0.947988,0.350467,0.977345,0.215897,0.873282,0.028662,1.256566,0.000934
Wood__old_wooden_planks_3_92_height,Wood,12,0,0,0,0,1,0,0.500000,4.500000,2.000000,0.143609,0.946593,0.334527,0.982222,0.196333,0.816915,0.030669,1.256566,0.000907
Wood__old_wooden_planks_3_92_height,Wood,12,0,0,0,0,1,0,0.500000,0.500000,2.000000,0.077919,0.976897,0.560152,0.971494,0.097701,0.988155,0.016445,0.576938,0.000355
Wood__old_wooden_planks_3_92_height,Wood,12,0,0,0,0,1,0,1.000000,1.500000,0.500000,4.564606,0.716171,0.137424,0.926888,1.622228,0.755585,0.088492,3.398984,0.008519
Wood__old_wooden_planks_3_92_height,Wood,12,0,0,0,0,1,0,1.000000,4.500000,2.000000,0.274062,0.925030,0.276858,0.984571,0.385103,0.700838,0.047782,1.920849,0.001401
Wood__old_wooden_planks_3_92_height,Wood,12,0,0,0,0,1,0,1.500000,0.500000,1.500000,0.930783,0.903328,0.249621,0.974856,0.683986,0.910823,0.066568,2.029940,0.002383
Wood__old_wooden_planks_3_92_height,Wood,12,0,0,0,0,1,0,1.500000,1.500000,2.000000,0.774787,0.894311,0.227777,0.976695,0.753834,0.821410,0.064190,2.246641,0.002361
Wood__old_wooden_planks_3_92_height,Wood,12,0,0,0,0,1,0,1.500000,3.000000,1.000000,1.432554,0.821489,0.182903,0.967483,1.062798,0.645950,0.074931,3.194923,0.004131
Wood__old_wooden_planks_3_92_height,Wood,12,0,0,0,0,1,0,2.000000,1.500000,2.000000,1.151106,0.882179,0.199831,0.977246,1.058726,0.771579,0.079687,2.779208,0.002892
Wood__old_wooden_planks_3_92_height,Wood,12,0,0,0,0,1,0,2.000000,4.500000,0.500000,2.549229,0.706966,0.138030,0.958778,1.125066,0.452720,0.087841,3.699895,0.006895
Wood__old_wooden_planks_3_92_height,Wood,16,0,0,0,0,0,1,0.500000,0.500000,0.500000,2.010662,0.804720,0.282300,0.912351,0.636801,0.902011,0.052964,1.920849,0.005312
Wood__old_wooden_planks_3_92_height,Wood,16,0,0,0,0,0,1,0.500000,3.000000,2.000000,0.155968,0.948899,0.348734,0.978418,0.201575,0.873793,0.028983,1.256566,0.000905
Wood__old_wooden_planks_3_92_height,Wood,16,0,0,0,0,0,1,0.500000,4.500000,2.000000,0.136272,0.948530,0.333158,0.983274,0.188364,0.817258,0.031061,1.256566,0.000893
Wood__old_wooden_planks_3_92_height,Wood,16,0,0,0,0,0,1,0.500000,0.500000,2.000000,0.091413,0.970867,0.512477,0.972482,0.098860,0.984928,0.018504,0.576938,0.000447
Wood__old_wooden_planks_3_92_height,Wood,16,0,0,0,0,0,1,1.000000,1.500000,0.500000,4.558051,0.714685,0.137654,0.926495,1.643349,0.754821,0.088135,3.398984,0.008523
Wood__old_wooden_planks_3_92_height,Wood,16,0,0,0,0,0,1,1.000000,4.500000,2.000000,0.268494,0.926117,0.282517,0.984851,0.372467,0.700504,0.047407,1.920849,0.001389
Wood__old_wooden_planks_3_92_height,Wood,16,0,0,0,0,0,1,1.500000,0.500000,1.500000,0.839016,0.906516,0.244714,0.975024,0.681057,0.907152,0.064126,1.920849,0.002243
Wood__old_wooden_planks_3_92_height,Wood,16,0,0,0,0,0,1,1.500000,1.500000,2.000000,0.756475,0.894610,0.227526,0.977967,0.752916,0.819628,0.064272,2.246641,0.002336
Wood__old_wooden_planks_3_92_height,Wood,16,0,0,0,0,0,1,1.500000,3.000000,1.000000,1.433182,0.823032,0.182715,0.966884,1.030542,0.645708,0.074502,3.091917,0.004123
Wood__old_wooden_planks_3_92_height,Wood,16,0,0,0,0,0,1,2.000000,1.500000,2.000000,1.069903,0.884880,0.210401,0.977513,1.028802,0.771402,0.077324,2.779208,0.002798
Wood__old_wooden_planks_3_92_height,Wood,16,0,0,0,0,0,1,2.000000,4.500000,0.500000,2.547430,0.706903,0.137631,0.958896,1.127799,0.452748,0.087827,3.699895,0.006872
Wood__red_painted_wood_33_57_height,Wood,4,1,0,0,0,0,0,0.500000,0.500000,0.500000,0.726812,0.874204,0.425820,0.921198,0.250345,0.958561,0.031766,1.144314,0.002567
Wood__red_painted_wood_33_57_height,Wood,4,1,0,0,0,0,0,0.500000,3.000000,2.000000,0.497088,0.912984,0.265569,0.973266,0.367425,0.891534,0.047139,1.590737,0.001776
Wood__red_painted_wood_33_57_height,Wood,4,1,0,0,0,0,0,0.500000,4.500000,2.000000,0.329063,0.920538,0.284885,0.978760,0.288337,0.863625,0.043469,1.590737,0.001514
Wood__red_painted_wood_33_57_height,Wood,4,1,0,0,0,0,0,0.500000,0.500000,2.000000,0.003578,0.998211,0.957298,0.955310,0.012639,0.999837,0.000784,0.116115,0.000007
Wood__red_painted_wood_33_57_height,Wood,4,1,0,0,0,0,0,1.000000,1.500000,0.500000,5.712148,0.674672,0.126711,0.935375,2.080896,0.665448,0.105623,4.090446,0.010006
Wood__red_painted_wood_33_57_height,Wood,4,1,0,0,0,0,0,1.000000,4.500000,2.000000,0.556956,0.897818,0.267791,0.980471,0.534336,0.706242,0.060131,2.354228,0.002092
Wood__red_painted_wood_33_57_height,Wood,4,1,0,0,0,0,0,1.500000,0.500000,1.500000,0.570550,0.911695,0.396403,0.953854,0.364323,0.914517,0.038914,1.368393,0.001955
Wood__red_painted_wood_33_57_height,Wood,4,1,0,0,0,0,0,1.500000,1.500000,2.000000,1.394556,0.890426,0.244996,0.969864,1.145324,0.734517,0.075991,2.884043,0.002932
Wood__red_painted_wood_33_57_height,Wood,4,1,0,0,0,0,0,1.500000,3.000000,1.000000,2.793958,0.770255,0.162595,0.958515,1.585329,0.553385,0.091698,4.090446,0.005966
Wood__red_painted_wood_33_57_height,Wood,4,1,0,0,0,0,0,2.000000,1.500000,2.000000,1.773530,0.881666,0.226687,0.969610,1.586275,0.671644,0.085897,3.699895,0.003390
Wood__red_painted_wood_33_57_height,Wood,4,1,0,0,0,0,0,2.000000,4.500000,0.500000,3.232572,0.668617,0.130417,0.962865,1.363382,0.407434,0.104485,4.467070,0.008029
Wood__red_painted_wood_33_57_height,Wood,6,0,1,0,0,0,0,0.500000,0.500000,0.500000,1.316395,0.829604,0.272336,0.928798,0.716387,0.933298,0.047261,1.920849,0.003897
Wood__red_painted_wood_33_57_height,Wood,6,0,1,0,0,0,0,0.500000,3.000000,2.000000,0.378159,0.922144,0.318958,0.970465,0.343033,0.850387,0.039206,1.590737,0.001513
Wood__red_painted_wood_33_57_height,Wood,6,0,1,0,0,0,0,0.500000,4.500000,2.000000,0.266862,0.926039,0.313446,0.976512,0.251824,0.824643,0.036881,1.479786,0.001362
Wood__red_painted_wood_33_57_height,Wood,6,0,1,0,0,0,0,0.500000,0.500000,2.000000,0.073909,0.974299,0.563144,0.961693,0.049064,0.988831,0.011440,0.347266,0.000313
Wood__red_painted_wood_33_57_height,Wood,6,0,1,0,0,0,0,1.000000,1.500000,0.500000,4.972125,0.680877,0.131744,0.937402,1.894159,0.658204,0.100292,3.994032,0.009365
Wood__red_painted_wood_33_57_height,Wood,6,0,1,0,0,0,0,1.000000,4.500000,2.000000,0.483154,0.904172,0.282350,0.979142,0.483796,0.704478,0.054285,2.246641,0.001905
Wood__red_painted_wood_33_57_height,Wood,6,0,1,0,0,0,0,1.500000,0.500000,1.500000,0.601143,0.911354,0.288029,0.964353,0.518574,0.902881,0.045475,1.701238,0.002029
Wood__red_painted_wood_33_57_height,Wood,6,0,1,0,0,0,0,1.500000,1.500000,2.000000,1.291671,0.888275,0.226182,0.972849,1.206553,0.730370,0.077818,3.194923,0.002927
Wood__red_painted_wood_33_57_height,Wood,6,0,1,0,0,0,0,1.500000,3.000000,1.000000,2.788758,0.773397,0.161635,0.959050,1.530903,0.555284,0.092158,4.090446,0.005925
Wood__red_painted_wood_33_57_height,Wood,6,0,1,0,0,0,0,2.000000,1.500000,2.000000,1.705524,0.883013,0.221861,0.970458,1.554620,0.664517,0.086636,3.798727,0.003335
Wood__red_painted_wood_33_57_height,Wood,6,0,1,0,0,0,0,2.000000,4.500000,0.500000,3.085629,0.673053,0.130890,0.963128,1.320330,0.411450,0.102345,4.374345,0.007816
Wood__red_painted_wood_33_57_height,Wood,8,0,0,1,0,0,0,0.500000,0.500000,0.500000,1.612747,0.809263,0.216537,0.925146,0.588476,0.918684,0.050963,1.811278,0.004599
Wood__red_painted_wood_33_57_height,Wood,8,0,0,1,0,0,0,0.500000,3.000000,2.000000,0.305811,0.929701,0.317649,0.971566,0.287070,0.851822,0.036682,1.590737,0.001360
Wood__red_painted_wood_33_57_height,Wood,8,0,0,1,0,0,0,0.500000,4.500000,2.000000,0.227644,0.931167,0.320083,0.977592,0.243592,0.828046,0.034901,1.590737,0.001223
Wood__red_painted_wood_33_57_height,Wood,8,0,0,1,0,0,0,0.500000,0.500000,2.000000,0.060797,0.973245,0.522794,0.970515,0.088691,0.983320,0.014145,0.576938,0.000400
Wood__red_painted_wood_33_57_height,Wood,8,0,0,1,0,0,0,1.000000,1.500000,0.500000,4.826055,0.680479,0.131369,0.938294,1.922729,0.654469,0.099435,4.185994,0.009276
Wood__red_painted_wood_33_57_height,Wood,8,0,0,1,0,0,0,1.000000,4.500000,2.000000,0.462216,0.906101,0.278655,0.978923,0.467612,0.702324,0.052364,2.138541,0.001882
Wood__red_painted_wood_33_57_height,Wood,8,0,0,1,0,0,0,1.500000,0.500000,1.500000,0.698369,0.907342,0.268864,0.962758,0.553390,0.893495,0.046672,1.701238,0.002125
Wood__red_painted_wood_33_57_height,Wood,8,0,0,1,0,0,0,1.500000,1.500000,2.000000,1.297306,0.890508,0.236268,0.970644,1.171104,0.725159,0.073188,3.091917,0.002834
Wood__red_painted_wood_33_57_height,Wood,8,0,0,1,0,0,0,1.500000,3.000000,1.000000,2.721702,0.773603,0.164217,0.958741,1.476554,0.551630,0.090618,3.994032,0.005860
Wood__red_painted_wood_33_57_height,Wood,8,0,0,1,0,0,0,2.000000,1.500000,2.000000,1.745263,0.879503,0.211165,0.971865,1.580287,0.664301,0.088943,3.699895,0.003382
Wood__red_painted_wood_33_57_height,Wood,8,0,0,1,0,0,0,2.000000,4.500000,0.500000,3.091459,0.673673,0.132113,0.963112,1.321364,0.412085,0.102436,4.374345,0.007823
Wood__red_painted_wood_33_57_height,Wood,10,0,0,0,1,0,0,0.500000,0.500000,0.500000,1.365037,0.814712,0.222675,0.926040,0.554868,0.912951,0.047552,1.701238,0.004384
Wood__red_painted_wood_33_57_height,Wood,10,0,0,0,1,0,0,0.500000,3.000000,2.000000,0.291719,0.929595,0.309892,0.972100,0.276986,0.852481,0.036391,1.479786,0.001364
Wood__red_painted_wood_33_57_height,Wood,10,0,0,0,1,0,0,0.500000,4.500000,2.000000,0.221705,0.931994,0.322209,0.977191,0.242430,0.829259,0.034359,1.479786,0.001209
Wood__red_painted_wood_33_57_height,Wood,10,0,0,0,1,0,0,0.500000,0.500000,2.000000,0.078215,0.967356,0.480102,0.965165,0.068031,0.978368,0.014939,0.576938,0.000480
Wood__red_painted_wood_33_57_height,Wood,10,0,0,0,1,0,0,1.000000,1.500000,0.500000,4.777270,0.681596,0.131592,0.938429,1.877658,0.656872,0.098962,4.090446,0.009189
Wood__red_painted_wood_33_57_height,Wood,10,0,0,0,1,0,0,1.000000,4.500000,2.000000,0.454229,0.907031,0.266676,0.979179,0.466552,0.705426,0.052912,2.246641,0.001853
Wood__red_painted_wood_33_57_height,Wood,10,0,0,0,1,0,0,1.500000,0.500000,1.500000,0.692924,0.908077,0.273956,0.962804,0.550373,0.892398,0.047500,1.701238,0.002145
Wood__red_painted_wood_33_57_height,Wood,10,0,0,0,1,0,0,1.500000,1.500000,2.000000,1.306020,0.889503,0.258634,0.970761,1.213371,0.724634,0.075630,3.194923,0.002919
Wood__red_painted_wood_33_57_height,Wood,10,0,0,0,1,0,0,1.500000,3.000000,1.000000,2.757030,0.773907,0.162027,0.958247,1.495831,0.552330,0.090675,4.090446,0.005886
Wood__red_painted_wood_33_57_height,Wood,10,0,0,0,1,0,0,2.000000,1.500000,2.000000,1.720013,0.882691,0.215155,0.971058,1.528074,0.665278,0.087353,3.699895,0.003338
Wood__red_painted_wood_33_57_height,Wood,10,0,0,0,1,0,0,2.000000,4.500000,0.500000,3.038796,0.675456,0.132676,0.963419,1.312131,0.414178,0.101998,4.374345,0.007769
Wood__red_painted_wood_33_57_height,Wood,12,0,0,0,0,1,0,0.500000,0.500000,0.500000,1.264924,0.812645,0.229696,0.927408,0.576018,0.908732,0.045965,1.811278,0.004320
Wood__red_painted_wood_33_57_height,Wood,12,0,0,0,0,1,0,0.500000,3.000000,2.000000,0.299713,0.929973,0.319191,0.970227,0.283227,0.849186,0.034726,1.479786,0.001332
Wood__red_painted_wood_33_57_height,Wood,12,0,0,0,0,1,0,0.500000,4.500000,2.000000,0.212159,0.934874,0.334740,0.976198,0.212977,0.826090,0.032839,1.368393,0.001186
Wood__red_painted_wood_33_57_height,Wood,12,0,0,0,0,1,0,0.500000,0.500000,2.000000,0.090361,0.965913,0.477278,0.968191,0.116674,0.975854,0.016564,0.691205,0.000517
Wood__red_painted_wood_33_57_height,Wood,12,0,0,0,0,1,0,1.000000,1.500000,0.500000,4.716904,0.683021,0.133248,0.938087,1.881878,0.655312,0.098317,4.090446,0.009150
Wood__red_painted_wood_33_57_height,Wood,12,0,0,0,0,1,0,1.000000,4.500000,2.000000,0.447621,0.907684,0.271137,0.978938,0.463745,0.703724,0.051815,2.138541,0.001846
Wood__red_painted_wood_33_57_height,Wood,12,0,0,0,0,1,0,1.500000,0.500000,1.500000,0.676803,0.905567,0.273628,0.963032,0.534583,0.892171,0.047449,1.590737,0.002154
Wood__red_painted_wood_33_57_height,Wood,12,0,0,0,0,1,0,1.500000,1.500000,2.000000,1.319675,0.889024,0.240851,0.970459,1.234947,0.725159,0.075763,3.297285,0.002915
Wood__red_painted_wood_33_57_height,Wood,12,0,0,0,0,1,0,1.500000,3.000000,1.000000,2.725577,0.774449,0.161754,0.958375,1.487064,0.552758,0.090498,3.994032,0.005865
Wood__red_painted_wood_33_57_height,Wood,12,0,0,0,0,1,0,2.000000,1.500000,2.000000,1.596992,0.882462,0.220958,0.970834,1.506798,0.658898,0.084224,3.798727,0.003276
Wood__red_painted_wood_33_57_height,Wood,12,0,0,0,0,1,0,2.000000,4.500000,0.500000,3.008330,0.675011,0.133032,0.963023,1.295079,0.412339,0.100920,4.343095,0.007728
Wood__red_painted_wood_33_57_height,Wood,16,0,0,0,0,0,1,0.500000,0.500000,0.500000,1.122817,0.813765,0.227354,0.932716,0.585327,0.908519,0.045191,1.811278,0.004136
Wood__red_painted_wood_33_57_height,Wood,16,0,0,0,0,0,1,0.500000,3.000000,2.000000,0.296161,0.928584,0.314451,0.971424,0.277445,0.850862,0.035630,1.479786,0.001359
Wood__red_painted_wood_33_57_height,Wood,16,0,0,0,0,0,1,0.500000,4.500000,2.000000,0.218456,0.932872,0.327892,0.976291,0.208380,0.828032,0.033340,1.479786,0.001205
Wood__red_painted_wood_33_57_height,Wood,16,0,0,0,0,0,1,0.500000,0.500000,2.000000,0.079157,0.968647,0.482826,0.968143,0.095007,0.973414,0.016974,0.576938,0.000531
Wood__red_painted_wood_33_57_height,Wood,16,0,0,0,0,0,1,1.000000,1.500000,0.500000,4.818642,0.681988,0.132372,0.938142,1.910832,0.655614,0.099453,4.185994,0.009230
Wood__red_painted_wood_33_57_height,Wood,16,0,0,0,0,0,1,1.000000,4.500000,2.000000,0.468485,0.904764,0.263003,0.979403,0.470330,0.704324,0.053170,2.354228,0.001873
Wood__red_painted_wood_33_57_height,Wood,16,0,0,0,0,0,1,1.500000,0.500000,1.500000,0.592516,0.911092,0.277723,0.965347,0.562940,0.874599,0.045375,1.811278,0.002001
Wood__red_painted_wood_33_57_height,Wood,16,0,0,0,0,0,1,1.500000,1.500000,2.000000,1.198293,0.890453,0.231911,0.971047,1.186105,0.721319,0.073042,3.297285,0.002816
Wood__red_painted_wood_33_57_height,Wood,16,0,0,0,0,0,1,1.500000,3.000000,1.000000,2.668866,0.775535,0.165295,0.958723,1.472362,0.552434,0.089346,4.090446,0.005789
Wood__red_painted_wood_33_57_height,Wood,16,0,0,0,0,0,1,2.000000,1.500000,2.000000,1.534291,0.883248,0.230414,0.970641,1.408630,0.658664,0.082333,3.600311,0.003205
Wood__red_painted_wood_33_57_height,Wood,16,0,0,0,0,0,1,2.000000,4.500000,0.500000,2.952807,0.676929,0.132671,0.963286,1.211365,0.414414,0.100330,4.185994,0.007657
Wood__white_fine_wood_pbr_18_31_height,Wood,4,1,0,0,0,0,0,0.500000,0.500000,0.500000,0.385629,0.892884,0.495191,0.861130,0.155635,0.970518,0.018488,0.805082,0.002114
Wood__white_fine_wood_pbr_18_31_height,Wood,4,1,0,0,0,0,0,0.500000,3.000000,2.000000,0.095115,0.962457,0.488549,0.970919,0.162726,0.819372,0.019652,1.144314,0.000665
Wood__white_fine_wood_pbr_18_31_height,Wood,4,1,0,0,0,0,0,0.500000,4.500000,2.000000,0.094185,0.959740,0.432895,0.974970,0.140500,0.786184,0.021836,1.144314,0.000705
Wood__white_fine_wood_pbr_18_31_height,Wood,4,1,0,0,0,0,0,0.500000,0.500000,2.000000,0.010185,0.994908,0.878014,0.953536,0.012639,0.999511,0.001296,0.116115,0.000021
Wood__white_fine_wood_pbr_18_31_height,Wood,4,1,0,0,0,0,0,1.000000,1.500000,0.500000,2.084006,0.769632,0.179838,0.959881,1.544542,0.773279,0.080957,3.699895,0.005820
Wood__white_fine_wood_pbr_18_31_height,Wood,4,1,0,0,0,0,0,1.000000,4.500000,2.000000,0.188200,0.940072,0.324424,0.995722,0.333293,0.730753,0.075057,2.138541,0.001112
Wood__white_fine_wood_pbr_18_31_height,Wood,4,1,0,0,0,0,0,1.500000,0.500000,1.500000,0.033192,0.983945,0.680142,0.941410,0.028069,0.996269,0.004806,0.231872,0.000154
Wood__white_fine_wood_pbr_18_31_height,Wood,4,1,0,0,0,0,0,1.500000,1.500000,2.000000,0.282584,0.946819,0.389267,0.959666,0.466185,0.804601,0.029134,1.811278,0.001120
Wood__white_fine_wood_pbr_18_31_height,Wood,4,1,0,0,0,0,0,1.500000,3.000000,1.000000,0.629095,0.871897,0.289437,0.944016,0.579949,0.620346,0.037952,2.246641,0.002666
Wood__white_fine_wood_pbr_18_31_height,Wood,4,1,0,0,0,0,0,2.000000,1.500000,2.000000,0.282584,0.946819,0.389267,0.959666,0.466185,0.804601,0.029134,1.811278,0.001120
Wood__white_fine_wood_pbr_18_31_height,Wood,4,1,0,0,0,0,0,2.000000,4.500000,0.500000,1.287468,0.753502,0.190894,0.943658,0.765410,0.542270,0.053088,3.091917,0.004985
Wood__white_fine_wood_pbr_18_31_height,Wood,6,0,1,0,0,0,0,0.500000,0.500000,0.500000,0.192445,0.919766,0.525740,0.846671,0.066513,0.983211,0.010974,0.462290,0.001251
Wood__white_fine_wood_pbr_18_31_height,Wood,6,0,1,0,0,0,0,0.500000,3.000000,2.000000,0.062984,0.971573,0.540476,0.969184,0.110529,0.885296,0.014830,0.918564,0.000468
Wood__white_fine_wood_pbr_18_31_height,Wood,6,0,1,0,0,0,0,0.500000,4.500000,2.000000,0.072217,0.966237,0.465923,0.972670,0.096929,0.861522,0.017272,0.918564,0.000537
Wood__white_fine_wood_pbr_18_31_height,Wood,6,0,1,0,0,0,0,0.500000,0.500000,2.000000,0.000000,1.000000,1.000000,1.000000,0.003282,1.000000,0.000000,0.116115,0.000000
Wood__white_fine_wood_pbr_18_31_height,Wood,6,0,1,0,0,0,0,1.000000,1.500000,0.500000,2.108189,0.763187,0.186800,0.931264,1.361071,0.761576,0.062199,3.500000,0.005964
Wood__white_fine_wood_pbr_18_31_height,Wood,6,0,1,0,0,0,0,1.000000,4.500000,2.000000,0.158189,0.941387,0.314619,0.991016,0.249809,0.717878,0.047167,1.701238,0.001000
Wood__white_fine_wood_pbr_18_31_height,Wood,6,0,1,0,0,0,0,1.500000,0.500000,1.500000,0.033192,0.983945,0.680142,0.941410,0.028069,0.997359,0.004035,0.231872,0.000112
Wood__white_fine_wood_pbr_18_31_height,Wood,6,0,1,0,0,0,0,1.500000,1.500000,2.000000,0.231434,0.949446,0.409425,0.958654,0.386463,0.823004,0.026431,1.590737,0.001010
Wood__white_fine_wood_pbr_18_31_height,Wood,6,0,1,0,0,0,0,1.500000,3.000000,1.000000,0.533689,0.880014,0.305182,0.943813,0.510467,0.653732,0.035644,2.029940,0.002481
Wood__white_fine_wood_pbr_18_31_height,Wood,6,0,1,0,0,0,0,2.000000,1.500000,2.000000,0.367354,0.940487,0.371575,0.961020,0.596127,0.768309,0.033951,1.920849,0.001301
Wood__white_fine_wood_pbr_18_31_height,Wood,6,0,1,0,0,0,0,2.000000,4.500000,0.500000,1.583929,0.732040,0.174581,0.942694,0.854421,0.466613,0.058118,3.194923,0.005560
Wood__white_fine_wood_pbr_18_31_height,Wood,8,0,0,1,0,0,0,0.500000,0.500000,0.500000,0.290315,0.903192,0.501724,0.861295,0.121976,0.976380,0.015439,0.691205,0.001757
Wood__white_fine_wood_pbr_18_31_height,Wood,8,0,0,1,0,0,0,0.500000,3.000000,2.000000,0.080523,0.964936,0.503073,0.968710,0.133042,0.845122,0.016769,1.031644,0.000572
Wood__white_fine_wood_pbr_18_31_height,Wood,8,0,0,1,0,0,0,0.500000,4.500000,2.000000,0.078776,0.964738,0.472772,0.971786,0.113864,0.816773,0.018489,1.031644,0.000605
Wood__white_fine_wood_pbr_18_31_height,Wood,8,0,0,1,0,0,0,0.500000,0.500000,2.000000,0.000000,1.000000,1.000000,1.000000,0.003282,1.000000,0.000000,0.116115,0.000000
Wood__white_fine_wood_pbr_18_31_height,Wood,8,0,0,1,0,0,0,1.000000,1.500000,0.500000,2.134384,0.761449,0.192784,0.916628,1.287192,0.756747,0.056580,3.297285,0.006028
Wood__white_fine_wood_pbr_18_31_height,Wood,8,0,0,1,0,0,0,1.000000,4.500000,2.000000,0.147336,0.944545,0.341453,0.985869,0.218825,0.712573,0.036427,1.479786,0.000951
Wood__white_fine_wood_pbr_18_31_height,Wood,8,0,0,1,0,0,0,1.500000,0.500000,1.500000,0.033192,0.983945,0.680142,0.941410,0.028069,0.996658,0.005056,0.231872,0.000140
Wood__white_fine_wood_pbr_18_31_height,Wood,8,0,0,1,0,0,0,1.500000,1.500000,2.000000,0.277041,0.945603,0.340012,0.970671,0.468989,0.814083,0.033847,1.701238,0.001087
Wood__white_fine_wood_pbr_18_31_height,Wood,8,0,0,1,0,0,0,1.500000,3.000000,1.000000,0.615181,0.870250,0.252622,0.963388,0.562290,0.638209,0.046730,2.246641,0.002641
Wood__white_fine_wood_pbr_18_31_height,Wood,8,0,0,1,0,0,0,2.000000,1.500000,2.000000,0.319568,0.943529,0.383014,0.957187,0.492391,0.791682,0.030759,1.811278,0.001185
Wood__white_fine_wood_pbr_18_31_height,Wood,8,0,0,1,0,0,0,2.000000,4.500000,0.500000,1.392900,0.744858,0.184503,0.943178,0.814446,0.515234,0.054813,3.091917,0.005189
Wood__white_fine_wood_pbr_18_31_height,Wood,10,0,0,0,1,0,0,0.500000,0.500000,0.500000,0.386488,0.892983,0.496377,0.860478,0.154215,0.970600,0.018384,0.805082,0.002105
Wood__white_fine_wood_pbr_18_31_height,Wood,10,0,0,0,1,0,0,0.500000,3.000000,2.000000,0.088519,0.964831,0.517898,0.966276,0.146036,0.822166,0.018188,1.144314,0.000627
Wood__white_fine_wood_pbr_18_31_height,Wood,10,0,0,0,1,0,0,0.500000,4.500000,2.000000,0.093650,0.959701,0.442092,0.973211,0.135770,0.790694,0.019831,1.144314,0.000658
Wood__white_fine_wood_pbr_18_31_height,Wood,10,0,0,0,1,0,0,0.500000,0.500000,2.000000,0.010185,0.994908,0.878014,0.953536,0.012639,0.999511,0.001296,0.116115,0.000021
Wood__white_fine_wood_pbr_18_31_height,Wood,10,0,0,0,1,0,0,1.000000,1.500000,0.500000,2.154688,0.760738,0.195370,0.909354,1.270200,0.754113,0.054483,3.194923,0.006068
Wood__white_fine_wood_pbr_18_31_height,Wood,10,0,0,0,1,0,0,1.000000,4.500000,2.000000,0.138141,0.947850,0.355690,0.981781,0.189356,0.709544,0.031630,1.479786,0.000929
Wood__white_fine_wood_pbr_18_31_height,Wood,10,0,0,0,1,0,0,1.500000,0.500000,1.500000,0.033192,0.983945,0.680142,0.941410,0.028069,0.996269,0.004806,0.231872,0.000154
Wood__white_fine_wood_pbr_18_31_height,Wood,10,0,0,0,1,0,0,1.500000,1.500000,2.000000,0.282584,0.946819,0.389267,0.959666,0.466185,0.804601,0.029134,1.811278,0.001120
Wood__white_fine_wood_pbr_18_31_height,Wood,10,0,0,0,1,0,0,1.500000,3.000000,1.000000,0.629095,0.871897,0.289437,0.944016,0.579949,0.620346,0.037952,2.246641,0.002666
Wood__white_fine_wood_pbr_18_31_height,Wood,10,0,0,0,1,0,0,2.000000,1.500000,2.000000,0.365196,0.939662,0.358662,0.960397,0.557184,0.773976,0.033281,2.029940,0.001289
Wood__white_fine_wood_pbr_18_31_height,Wood,10,0,0,0,1,0,0,2.000000,4.500000,0.500000,1.526455,0.736424,0.178407,0.942670,0.823273,0.479207,0.057260,3.091917,0.005460
Wood__white_fine_wood_pbr_18_31_height,Wood,12,0,0,0,0,1,0,0.500000,0.500000,0.500000,0.276771,0.905977,0.511187,0.856888,0.097618,0.976827,0.015008,0.691205,0.001725
Wood__white_fine_wood_pbr_18_31_height,Wood,12,0,0,0,0,1,0,0.500000,3.000000,2.000000,0.074257,0.967772,0.516048,0.969635,0.131904,0.850909,0.017002,1.031644,0.000562
Wood__white_fine_wood_pbr_18_31_height,Wood,12,0,0,0,0,1,0,0.500000,4.500000,2.000000,0.084215,0.962087,0.441322,0.973968,0.117215,0.822745,0.019106,0.918564,0.000611
Wood__white_fine_wood_pbr_18_31_height,Wood,12,0,0,0,0,1,0,0.500000,0.500000,2.000000,0.000000,1.000000,1.000000,1.000000,0.003282,1.000000,0.000000,0.116115,0.000000
Wood__white_fine_wood_pbr_18_31_height,Wood,12,0,0,0,0,1,0,1.000000,1.500000,0.500000,2.169235,0.761307,0.197884,0.905287,1.237303,0.752398,0.053535,3.194923,0.006097
Wood__white_fine_wood_pbr_18_31_height,Wood,12,0,0,0,0,1,0,1.000000,4.500000,2.000000,0.142049,0.947203,0.375939,0.978625,0.197926,0.707404,0.028933,1.368393,0.000920
Wood__white_fine_wood_pbr_18_31_height,Wood,12,0,0,0,0,1,0,1.500000,0.500000,1.500000,0.033192,0.983945,0.680142,0.941410,0.028069,0.997350,0.004042,0.231872,0.000112
Wood__white_fine_wood_pbr_18_31_height,Wood,12,0,0,0,0,1,0,1.500000,1.500000,2.000000,0.252006,0.946876,0.387232,0.959968,0.429202,0.813125,0.027737,1.701238,0.001068
Wood__white_fine_wood_pbr_18_31_height,Wood,12,0,0,0,0,1,0,1.500000,3.000000,1.000000,0.586266,0.875342,0.296735,0.943341,0.552921,0.635591,0.036873,2.138541,0.002580
Wood__white_fine_wood_pbr_18_31_height,Wood,12,0,0,0,0,1,0,2.000000,1.500000,2.000000,0.318292,0.944154,0.374405,0.960468,0.500751,0.788121,0.031334,1.811278,0.001208
Wood__white_fine_wood_pbr_18_31_height,Wood,12,0,0,0,0,1,0,2.000000,4.500000,0.500000,1.418735,0.743382,0.183161,0.943268,0.813252,0.507853,0.055320,3.091917,0.005243
Wood__white_fine_wood_pbr_18_31_height,Wood,16,0,0,0,0,0,1,0.500000,0.500000,0.500000,0.254937,0.914844,0.575560,0.847852,0.096949,0.977156,0.014571,0.691205,0.001678
Wood__white_fine_wood_pbr_18_31_height,Wood,16,0,0,0,0,0,1,0.500000,3.000000,2.000000,0.073544,0.968548,0.527514,0.966048,0.120879,0.853267,0.016209,1.031644,0.000554
Wood__white_fine_wood_pbr_18_31_height,Wood,16,0,0,0,0,0,1,0.500000,4.500000,2.000000,0.078866,0.964160,0.459226,0.972355,0.112264,0.825443,0.018056,0.918564,0.000597
Wood__white_fine_wood_pbr_18_31_height,Wood,16,0,0,0,0,0,1,0.500000,0.500000,2.000000,0.000000,1.000000,1.000000,1.000000,0.003282,1.000000,0.000000,0.116115,0.000000
Wood__white_fine_wood_pbr_18_31_height,Wood,16,0,0,0,0,0,1,1.000000,1.500000,0.500000,2.202651,0.758328,0.196941,0.902106,1.233087,0.750347,0.052843,3.091917,0.006134
Wood__white_fine_wood_pbr_18_31_height,Wood,16,0,0,0,0,0,1,1.000000,4.500000,2.000000,0.136153,0.949496,0.405754,0.974795,0.185509,0.705474,0.026639,1.479786,0.000905
Wood__white_fine_wood_pbr_18_31_height,Wood,16,0,0,0,0,0,1,1.500000,0.500000,1.500000,0.040310,0.983321,0.676258,0.948401,0.062344,0.995892,0.006748,0.347266,0.000173
Wood__white_fine_wood_pbr_18_31_height,Wood,16,0,0,0,0,0,1,1.500000,1.500000,2.000000,0.283473,0.946578,0.389469,0.959214,0.466201,0.804532,0.029056,1.811278,0.001124
Wood__white_fine_wood_pbr_18_31_height,Wood,16,0,0,0,0,0,1,1.500000,3.000000,1.000000,0.631792,0.871560,0.288457,0.943773,0.580311,0.620155,0.037948,2.246641,0.002673
Wood__white_fine_wood_pbr_18_31_height,Wood,16,0,0,0,0,0,1,2.000000,1.500000,2.000000,0.309719,0.944635,0.372605,0.960959,0.494734,0.778050,0.031034,1.811278,0.001197
Wood__white_fine_wood_pbr_18_31_height,Wood,16,0,0,0,0,0,1,2.000000,4.500000,0.500000,1.398604,0.745889,0.187904,0.938611,0.757633,0.499780,0.052764,2.884043,0.005186
Wood__wood_1_050_height,Wood,4,1,0,0,0,0,0,0.500000,0.500000,0.500000,6.391003,0.886741,0.518452,0.944801,0.623870,0.770115,0.121334,2.029940,0.006016
Wood__wood_1_050_height,Wood,4,1,0,0,0,0,0,0.500000,3.000000,2.000000,0.321318,0.916917,0.421198,0.988445,0.507813,0.710949,0.058192,2.461292,0.001525
Wood__wood_1_050_height,Wood,4,1,0,0,0,0,0,0.500000,4.500000,2.000000,0.242377,0.925233,0.434487,0.990127,0.391544,0.703907,0.054924,2.461292,0.001345
Wood__wood_1_050_height,Wood,4,1,0,0,0,0,0,0.500000,0.500000,2.000000,0.632534,0.940450,0.418367,0.977764,0.344018,0.900993,0.061033,1.590737,0.001395
Wood__wood_1_050_height,Wood,4,1,0,0,0,0,0,1.000000,1.500000,0.500000,1.384041,0.796306,0.195502,0.985940,1.053289,0.532500,0.111360,3.500000,0.004610
Wood__wood_1_050_height,Wood,4,1,0,0,0,0,0,1.000000,4.500000,2.000000,0.382447,0.889508,0.221161,0.994712,0.450827,0.546672,0.094347,2.673795,0.002012
Wood__wood_1_050_height,Wood,4,1,0,0,0,0,0,1.500000,0.500000,1.500000,1.770398,0.907232,0.298434,0.971895,1.177432,0.578346,0.090076,3.668645,0.002841
Wood__wood_1_050_height,Wood,4,1,0,0,0,0,0,1.500000,1.500000,2.000000,0.700294,0.883828,0.221818,0.990522,0.886091,0.447121,0.095260,2.988285,0.002434
Wood__wood_1_050_height,Wood,4,1,0,0,0,0,0,1.500000,3.000000,1.000000,0.699682,0.838417,0.229760,0.990172,0.817235,0.382350,0.094155,3.699895,0.003098
Wood__wood_1_050_height,Wood,4,1,0,0,0,0,0,2.000000,1.500000,2.000000,0.690412,0.885312,0.246223,0.989906,1.089606,0.363449,0.092692,3.699895,0.002429
Wood__wood_1_050_height,Wood,4,1,0,0,0,0,0,2.000000,4.500000,0.500000,0.882708,0.780026,0.174386,0.991683,0.857101,0.276634,0.115091,4.467070,0.004129
Wood__wood_1_050_height,Wood,6,0,1,0,0,0,0,0.500000,0.500000,0.500000,1.427783,0.906344,0.511135,0.950298,0.816315,0.780999,0.059902,2.779208,0.002910
Wood__wood_1_050_height,Wood,6,0,1,0,0,0,0,0.500000,3.000000,2.000000,0.195416,0.927686,0.300525,0.992306,0.291989,0.743114,0.056010,2.138541,0.001253
Wood__wood_1_050_height,Wood,6,0,1,0,0,0,0,0.500000,4.500000,2.000000,0.182107,0.925463,0.276795,0.992813,0.250183,0.735762,0.056448,2.029940,0.001251
Wood__wood_1_050_height,Wood,6,0,1,0,0,0,0,0.500000,0.500000,2.000000,0.673258,0.951157,0.547713,0.972656,0.481909,0.827091,0.053705,1.920849,0.001392
Wood__wood_1_050_height,Wood,6,0,1,0,0,0,0,1.000000,1.500000,0.500000,1.054476,0.784463,0.145474,0.987566,1.016581,0.525010,0.102625,3.699895,0.004351
Wood__wood_1_050_height,Wood,6,0,1,0,0,0,0,1.000000,4.500000,2.000000,0.334189,0.886735,0.202385,0.994149,0.444665,0.540350,0.084263,3.091917,0.001989
Wood__wood_1_050_height,Wood,6,0,1,0,0,0,0,1.500000,0.500000,1.500000,1.307266,0.895693,0.203092,0.979669,1.178535,0.563755,0.090072,3.297285,0.002884
Wood__wood_1_050_height,Wood,6,0,1,0,0,0,0,1.500000,1.500000,2.000000,0.544192,0.885584,0.205179,0.991532,0.882269,0.440903,0.089167,3.398984,0.002276
Wood__wood_1_050_height,Wood,6,0,1,0,0,0,0,1.500000,3.000000,1.000000,0.628214,0.832533,0.170982,0.991510,0.704572,0.381311,0.096542,3.500000,0.003117
Wood__wood_1_050_height,Wood,6,0,1,0,0,0,0,2.000000,1.500000,2.000000,0.590378,0.884162,0.205732,0.991035,0.881811,0.347489,0.092135,3.091917,0.002388
Wood__wood_1_050_height,Wood,6,0,1,0,0,0,0,2.000000,4.500000,0.500000,0.661513,0.794660,0.153068,0.991584,0.623619,0.269524,0.099450,3.798727,0.003668
Wood__wood_1_050_height,Wood,8,0,0,1,0,0,0,0.500000,0.500000,0.500000,1.130364,0.867088,0.248019,0.968487,0.828014,0.782574,0.066209,2.988285,0.003308
Wood__wood_1_050_height,Wood,8,0,0,1,0,0,0,0.500000,3.000000,2.000000,0.199317,0.923379,0.259554,0.991892,0.252605,0.735856,0.056328,1.811278,0.001341
Wood__wood_1_050_height,Wood,8,0,0,1,0,0,0,0.500000,4.500000,2.000000,0.182138,0.922962,0.254106,0.992543,0.233294,0.729330,0.055138,1.811278,0.001320
Wood__wood_1_050_height,Wood,8,0,0,1,0,0,0,0.500000,0.500000,2.000000,0.249608,0.948421,0.326841,0.982748,0.411268,0.832878,0.041130,1.920849,0.001028
Wood__wood_1_050_height,Wood,8,0,0,1,0,0,0,1.000000,1.500000,0.500000,0.938594,0.793533,0.145508,0.987554,1.011268,0.520243,0.096858,3.896782,0.004110
Wood__wood_1_050_height,Wood,8,0,0,1,0,0,0,1.000000,4.500000,2.000000,0.307378,0.891442,0.201700,0.993862,0.407162,0.536856,0.078601,2.884043,0.001896
Wood__wood_1_050_height,Wood,8,0,0,1,0,0,0,1.500000,0.500000,1.500000,1.136589,0.883183,0.191500,0.983650,1.250992,0.564228,0.093219,3.398984,0.002975
Wood__wood_1_050_height,Wood,8,0,0,1,0,0,0,1.500000,1.500000,2.000000,0.587173,0.878234,0.198078,0.991794,0.884251,0.438985,0.094785,3.398984,0.002426
Wood__wood_1_050_height,Wood,8,0,0,1,0,0,0,1.500000,3.000000,1.000000,0.657977,0.823315,0.159541,0.992040,0.746075,0.380322,0.102117,3.798727,0.003264
Wood__wood_1_050_height,Wood,8,0,0,1,0,0,0,2.000000,1.500000,2.000000,0.600802,0.875465,0.200909,0.991292,0.955389,0.341336,0.092863,3.398984,0.002449
Wood__wood_1_050_height,Wood,8,0,0,1,0,0,0,2.000000,4.500000,0.500000,0.657521,0.798539,0.156250,0.991285,0.633162,0.268745,0.097435,3.699895,0.003614
Wood__wood_1_050_height,Wood,10,0,0,0,1,0,0,0.500000,0.500000,0.500000,0.921877,0.859780,0.229579,0.975018,0.834800,0.781663,0.067117,2.567818,0.003256
Wood__wood_1_050_height,Wood,10,0,0,0,1,0,0,0.500000,3.000000,2.000000,0.201889,0.919952,0.248878,0.991756,0.263485,0.736820,0.055668,1.920849,0.001376
Wood__wood_1_050_height,Wood,10,0,0,0,1,0,0,0.500000,4.500000,2.000000,0.189653,0.918535,0.247195,0.992293,0.222726,0.730672,0.055192,2.029940,0.001351
Wood__wood_1_050_height,Wood,10,0,0,0,1,0,0,0.500000,0.500000,2.000000,0.230577,0.944449,0.307932,0.982208,0.418738,0.837531,0.040189,1.811278,0.001070
Wood__wood_1_050_height,Wood,10,0,0,0,1,0,0,1.000000,1.500000,0.500000,0.933670,0.789631,0.142415,0.988322,0.962456,0.520833,0.099732,3.699895,0.004142
Wood__wood_1_050_height,Wood,10,0,0,0,1,0,0,1.000000,4.500000,2.000000,0.309139,0.890104,0.202306,0.994234,0.416700,0.538599,0.081992,3.091917,0.001925
Wood__wood_1_050_height,Wood,10,0,0,0,1,0,0,1.500000,0.500000,1.500000,1.161961,0.887784,0.203457,0.982488,1.305864,0.562445,0.091167,3.297285,0.002947
Wood__wood_1_050_height,Wood,10,0,0,0,1,0,0,1.500000,1.500000,2.000000,0.552488,0.883531,0.198593,0.991815,0.879162,0.439368,0.091554,3.297285,0.002326
Wood__wood_1_050_height,Wood,10,0,0,0,1,0,0,1.500000,3.000000,1.000000,0.656394,0.819594,0.158277,0.991921,0.728039,0.378408,0.100728,3.668645,0.003277
Wood__wood_1_050_height,Wood,10,0,0,0,1,0,0,2.000000,1.500000,2.000000,0.571946,0.881756,0.192707,0.991320,0.921370,0.340064,0.091427,3.500000,0.002375
Wood__wood_1_050_height,Wood,10,0,0,0,1,0,0,2.000000,4.500000,0.500000,0.629024,0.801001,0.153965,0.991489,0.580964,0.268045,0.096366,3.398984,0.003535
Wood__wood_1_050_height,Wood,12,0,0,0,0,1,0,0.500000,0.500000,0.500000,0.896648,0.850667,0.218890,0.975547,0.810171,0.780400,0.067222,2.673795,0.003335
Wood__wood_1_050_height,Wood,12,0,0,0,0,1,0,0.500000,3.000000,2.000000,0.208993,0.917421,0.246992,0.992246,0.295233,0.735119,0.058057,2.246641,0.001410
Wood__wood_1_050_height,Wood,12,0,0,0,0,1,0,0.500000,4.500000,2.000000,0.193113,0.917401,0.241778,0.992643,0.256190,0.729428,0.057611,2.246641,0.001389
Wood__wood_1_050_height,Wood,12,0,0,0,0,1,0,0.500000,0.500000,2.000000,0.245082,0.942634,0.311555,0.983433,0.398860,0.833654,0.042400,1.920849,0.001114
Wood__wood_1_050_height,Wood,12,0,0,0,0,1,0,1.000000,1.500000,0.500000,0.926128,0.791552,0.144459,0.987995,0.958525,0.518635,0.097906,3.668645,0.004114
Wood__wood_1_050_height,Wood,12,0,0,0,0,1,0,1.000000,4.500000,2.000000,0.305654,0.891737,0.196650,0.993996,0.385728,0.536848,0.079651,2.779208,0.001905
Wood__wood_1_050_height,Wood,12,0,0,0,0,1,0,1.500000,0.500000,1.500000,1.151187,0.886495,0.193861,0.982463,1.207393,0.558866,0.090236,3.468750,0.002945
Wood__wood_1_050_height,Wood,12,0,0,0,0,1,0,1.500000,1.500000,2.000000,0.543283,0.884281,0.199361,0.991918,0.847149,0.436802,0.091650,3.194923,0.002267
Wood__wood_1_050_height,Wood,12,0,0,0,0,1,0,1.500000,3.000000,1.000000,0.631637,0.827779,0.162989,0.991926,0.697164,0.378538,0.099387,3.500000,0.003192
Wood__wood_1_050_height,Wood,12,0,0,0,0,1,0,2.000000,1.500000,2.000000,0.576246,0.882978,0.199658,0.991147,0.922923,0.339563,0.091265,3.297285,0.002376
Wood__wood_1_050_height,Wood,12,0,0,0,0,1,0,2.000000,4.500000,0.500000,0.632978,0.800051,0.152688,0.991517,0.604900,0.268092,0.096899,3.699895,0.003559
Wood__wood_1_050_height,Wood,16,0,0,0,0,0,1,0.500000,0.500000,0.500000,0.776934,0.847287,0.212786,0.977016,0.792513,0.777173,0.064855,2.461292,0.003273
Wood__wood_1_050_height,Wood,16,0,0,0,0,0,1,0.500000,3.000000,2.000000,0.201043,0.919454,0.246602,0.992189,0.267771,0.734692,0.055895,2.029940,0.001368
Wood__wood_1_050_height,Wood,16,0,0,0,0,0,1,0.500000,4.500000,2.000000,0.185895,0.919638,0.257010,0.992483,0.237231,0.728896,0.055597,2.138541,0.001355
Wood__wood_1_050_height,Wood,16,0,0,0,0,0,1,0.500000,0.500000,2.000000,0.208987,0.944509,0.317342,0.984063,0.343576,0.830806,0.040951,1.590737,0.001094
Wood__wood_1_050_height,Wood,16,0,0,0,0,0,1,1.000000,1.500000,0.500000,0.919612,0.791645,0.145123,0.988172,0.959899,0.518899,0.098244,3.699895,0.004097
Wood__wood_1_050_height,Wood,16,0,0,0,0,0,1,1.000000,4.500000,2.000000,0.313639,0.888169,0.203361,0.993904,0.411751,0.536969,0.079588,2.988285,0.001929
Wood__wood_1_050_height,Wood,16,0,0,0,0,0,1,1.500000,0.500000,1.500000,1.164458,0.882162,0.186337,0.982766,1.270189,0.556742,0.092202,3.367734,0.002987
Wood__wood_1_050_height,Wood,16,0,0,0,0,0,1,1.500000,1.500000,2.000000,0.564131,0.877303,0.195003,0.992088,0.857048,0.434620,0.093788,3.297285,0.002383
Wood__wood_1_050_height,Wood,16,0,0,0,0,0,1,1.500000,3.000000,1.000000,0.634691,0.825223,0.160631,0.992144,0.696960,0.378229,0.100615,3.500000,0.003221
Wood__wood_1_050_height,Wood,16,0,0,0,0,0,1,2.000000,1.500000,2.000000,0.582680,0.879744,0.198137,0.991565,0.903388,0.340019,0.093386,3.297285,0.002393
Wood__wood_1_050_height,Wood,16,0,0,0,0,0,1,2.000000,4.500000,0.500000,0.631831,0.799853,0.151719,0.991770,0.571863,0.268900,0.098205,3.500000,0.003555
Wood__yellow_wood_04_height,Wood,4,1,0,0,0,0,0,0.500000,0.500000,0.500000,8.329208,0.865892,0.427516,0.963475,1.027836,0.844391,0.166704,2.884043,0.006313
Wood__yellow_wood_04_height,Wood,4,1,0,0,0,0,0,0.500000,3.000000,2.000000,1.059013,0.862733,0.212165,0.989813,0.661624,0.870005,0.111931,2.461292,0.002957
Wood__yellow_wood_04_height,Wood,4,1,0,0,0,0,0,0.500000,4.500000,2.000000,0.876406,0.854922,0.192911,0.990738,0.549862,0.855818,0.107972,2.461292,0.002969
Wood__yellow_wood_04_height,Wood,4,1,0,0,0,0,0,0.500000,0.500000,2.000000,1.967590,0.956524,0.646055,0.978019,0.436543,0.950471,0.105060,1.780028,0.001729
Wood__yellow_wood_04_height,Wood,4,1,0,0,0,0,0,1.000000,1.500000,0.500000,6.541328,0.698231,0.201444,0.982724,2.975713,0.625276,0.216820,5.787349,0.009558
Wood__yellow_wood_04_height,Wood,4,1,0,0,0,0,0,1.000000,4.500000,2.000000,1.087331,0.826884,0.223777,0.990166,0.983425,0.701588,0.117135,3.896782,0.003595
Wood__yellow_wood_04_height,Wood,4,1,0,0,0,0,0,1.500000,0.500000,1.500000,7.199028,0.874957,0.349667,0.972070,1.265407,0.678316,0.179269,3.398984,0.005938
Wood__yellow_wood_04_height,Wood,4,1,0,0,0,0,0,1.500000,1.500000,2.000000,2.070593,0.833370,0.257541,0.987514,1.810731,0.649428,0.144085,4.558771,0.004374
Wood__yellow_wood_04_height,Wood,4,1,0,0,0,0,0,1.500000,3.000000,1.000000,3.629520,0.694482,0.103446,0.989425,2.294602,0.517769,0.207250,5.925705,0.007764
Wood__yellow_wood_04_height,Wood,4,1,0,0,0,0,0,2.000000,1.500000,2.000000,2.469338,0.824336,0.238778,0.987966,2.106444,0.577030,0.160031,4.914268,0.004791
Wood__yellow_wood_04_height,Wood,4,1,0,0,0,0,0,2.000000,4.500000,0.500000,4.469273,0.612186,0.094583,0.990449,2.001339,0.391801,0.241772,6.000000,0.009931
Wood__yellow_wood_04_height,Wood,6,0,1,0,0,0,0,0.500000,0.500000,0.500000,5.654987,0.832953,0.362877,0.969492,1.189287,0.815456,0.150457,3.767477,0.006708
Wood__yellow_wood_04_height,Wood,6,0,1,0,0,0,0,0.500000,3.000000,2.000000,0.609940,0.875894,0.271428,0.987563,0.516868,0.843477,0.077521,2.354228,0.002418
Wood__yellow_wood_04_height,Wood,6,0,1,0,0,0,0,0.500000,4.500000,2.000000,0.514991,0.871887,0.228693,0.989510,0.456696,0.833832,0.077198,2.461292,0.002368
Wood__yellow_wood_04_height,Wood,6,0,1,0,0,0,0,0.500000,0.500000,2.000000,1.894190,0.930818,0.482619,0.972617,0.306557,0.902199,0.090035,1.479786,0.002397
Wood__yellow_wood_04_height,Wood,6,0,1,0,0,0,0,1.000000,1.500000,0.500000,5.189544,0.672583,0.107125,0.985371,2.717473,0.618732,0.210551,5.757660,0.009238
Wood__yellow_wood_04_height,Wood,6,0,1,0,0,0,0,1.000000,4.500000,2.000000,0.835090,0.839463,0.175249,0.991481,0.848519,0.703752,0.110922,3.767477,0.003190
Wood__yellow_wood_04_height,Wood,6,0,1,0,0,0,0,1.500000,0.500000,1.500000,3.920617,0.850666,0.253260,0.981657,1.513867,0.678594,0.163700,4.467070,0.005336
Wood__yellow_wood_04_height,Wood,6,0,1,0,0,0,0,1.500000,1.500000,2.000000,1.712004,0.820086,0.167736,0.989200,1.686365,0.644444,0.141897,4.558771,0.004289
Wood__yellow_wood_04_height,Wood,6,0,1,0,0,0,0,1.500000,3.000000,1.000000,3.453000,0.694086,0.089041,0.989580,2.075905,0.515238,0.203686,5.818599,0.007605
Wood__yellow_wood_04_height,Wood,6,0,1,0,0,0,0,2.000000,1.500000,2.000000,2.255208,0.800735,0.145510,0.989255,2.008012,0.566908,0.162578,5.084323,0.005029
Wood__yellow_wood_04_height,Wood,6,0,1,0,0,0,0,2.000000,4.500000,0.500000,3.991687,0.611940,0.074695,0.990756,1.861741,0.397499,0.232247,5.968750,0.009538
Wood__yellow_wood_04_height,Wood,8,0,0,1,0,0,0,0.500000,0.500000,0.500000,3.702477,0.817645,0.289311,0.976794,1.439198,0.812979,0.140285,3.994032,0.006069
Wood__yellow_wood_04_height,Wood,8,0,0,1,0,0,0,0.500000,3.000000,2.000000,0.459597,0.884355,0.243235,0.989326,0.484806,0.837876,0.072177,2.461292,0.002112
Wood__yellow_wood_04_height,Wood,8,0,0,1,0,0,0,0.500000,4.500000,2.000000,0.415217,0.883935,0.231010,0.990435,0.417401,0.829580,0.072826,2.461292,0.002107
Wood__yellow_wood_04_height,Wood,8,0,0,1,0,0,0,0.500000,0.500000,2.000000,1.086425,0.926046,0.461509,0.971633,0.317590,0.892434,0.068844,1.811278,0.002166
Wood__yellow_wood_04_height,Wood,8,0,0,1,0,0,0,1.000000,1.500000,0.500000,5.079017,0.665794,0.087936,0.985938,2.727333,0.616583,0.212370,5.818599,0.009237
Wood__yellow_wood_04_height,Wood,8,0,0,1,0,0,0,1.000000,4.500000,2.000000,0.862024,0.834656,0.162088,0.991566,0.859461,0.701200,0.113479,3.896782,0.003289
Wood__yellow_wood_04_height,Wood,8,0,0,1,0,0,0,1.500000,0.500000,1.500000,2.998149,0.826815,0.188600,0.985461,1.767030,0.675843,0.160524,4.795959,0.005357
Wood__yellow_wood_04_height,Wood,8,0,0,1,0,0,0,1.500000,1.500000,2.000000,1.661783,0.815343,0.155843,0.989519,1.611559,0.644628,0.140702,4.467070,0.004296
Wood__yellow_wood_04_height,Wood,8,0,0,1,0,0,0,1.500000,3.000000,1.000000,3.489776,0.692559,0.087158,0.989544,2.037732,0.517407,0.204522,5.818599,0.007674
Wood__yellow_wood_04_height,Wood,8,0,0,1,0,0,0,2.000000,1.500000,2.000000,2.141987,0.805445,0.157231,0.989305,1.991664,0.564359,0.157985,5.084323,0.004803
Wood__yellow_wood_04_height,Wood,8,0,0,1,0,0,0,2.000000,4.500000,0.500000,3.822591,0.618876,0.075335,0.990764,1.824147,0.399624,0.227437,5.937500,0.009280
Wood__yellow_wood_04_height,Wood,10,0,0,0,1,0,0,0.500000,0.500000,0.500000,3.177484,0.808252,0.255808,0.979303,1.483993,0.811273,0.136854,4.090446,0.005867
Wood__yellow_wood_04_height,Wood,10,0,0,0,1,0,0,0.500000,3.000000,2.000000,0.413277,0.891646,0.255208,0.989746,0.479719,0.840823,0.069730,2.461292,0.001978
Wood__yellow_wood_04_height,Wood,10,0,0,0,1,0,0,0.500000,4.500000,2.000000,0.379577,0.889597,0.228006,0.990647,0.404506,0.832527,0.070404,2.567818,0.001982
Wood__yellow_wood_04_height,Wood,10,0,0,0,1,0,0,0.500000,0.500000,2.000000,0.746506,0.931445,0.480868,0.975439,0.373467,0.892203,0.060501,1.811278,0.001788
Wood__yellow_wood_04_height,Wood,10,0,0,0,1,0,0,1.000000,1.500000,0.500000,4.995511,0.665720,0.085661,0.985932,2.555482,0.616119,0.210667,5.554229,0.009157
Wood__yellow_wood_04_height,Wood,10,0,0,0,1,0,0,1.000000,4.500000,2.000000,0.875094,0.833870,0.158745,0.991463,0.826349,0.700426,0.113203,3.896782,0.003298
Wood__yellow_wood_04_height,Wood,10,0,0,0,1,0,0,1.500000,0.500000,1.500000,2.610109,0.813287,0.165103,0.987037,1.861999,0.674241,0.158171,4.738897,0.005314
Wood__yellow_wood_04_height,Wood,10,0,0,0,1,0,0,1.500000,1.500000,2.000000,1.619735,0.820857,0.167779,0.989465,1.589882,0.642301,0.139405,4.467070,0.004192
Wood__yellow_wood_04_height,Wood,10,0,0,0,1,0,0,1.500000,3.000000,1.000000,3.460896,0.695457,0.087195,0.989579,2.018020,0.515990,0.203805,5.726410,0.007595
Wood__yellow_wood_04_height,Wood,10,0,0,0,1,0,0,2.000000,1.500000,2.000000,2.100825,0.800547,0.140280,0.989521,1.894432,0.560912,0.158253,5.000000,0.004879
Wood__yellow_wood_04_height,Wood,10,0,0,0,1,0,0,2.000000,4.500000,0.500000,3.807752,0.621093,0.075377,0.990777,1.800138,0.399778,0.227192,5.968750,0.009238
Wood__yellow_wood_04_height,Wood,12,0,0,0,0,1,0,0.500000,0.500000,0.500000,2.980126,0.797271,0.230824,0.980302,1.635113,0.811274,0.136545,4.090446,0.005916
Wood__yellow_wood_04_height,Wood,12,0,0,0,0,1,0,0.500000,3.000000,2.000000,0.410801,0.888095,0.223108,0.989797,0.467206,0.841963,0.069699,2.461292,0.002010
Wood__yellow_wood_04_height,Wood,12,0,0,0,0,1,0,0.500000,4.500000,2.000000,0.379700,0.887220,0.218086,0.990617,0.398700,0.833730,0.070457,2.567818,0.002015
Wood__yellow_wood_04_height,Wood,12,0,0,0,0,1,0,0.500000,0.500000,2.000000,0.626149,0.928052,0.397969,0.977280,0.375874,0.894929,0.056584,1.701238,0.001711
Wood__yellow_wood_04_height,Wood,12,0,0,0,0,1,0,1.000000,1.500000,0.500000,5.001221,0.669823,0.085995,0.985836,2.573550,0.615582,0.210189,5.593750,0.009106
Wood__yellow_wood_04_height,Wood,12,0,0,0,0,1,0,1.000000,4.500000,2.000000,0.880943,0.833822,0.166169,0.991465,0.830686,0.700482,0.113621,3.896782,0.003299
Wood__yellow_wood_04_height,Wood,12,0,0,0,0,1,0,1.500000,0.500000,1.500000,2.446743,0.802038,0.141390,0.987703,1.847342,0.670940,0.157815,4.738897,0.005381
Wood__yellow_wood_04_height,Wood,12,0,0,0,0,1,0,1.500000,1.500000,2.000000,1.625985,0.816268,0.154890,0.989571,1.558809,0.641461,0.139523,4.467070,0.004246
Wood__yellow_wood_04_height,Wood,12,0,0,0,0,1,0,1.500000,3.000000,1.000000,3.494460,0.694912,0.087528,0.989381,1.987700,0.515563,0.203075,5.692946,0.007635
Wood__yellow_wood_04_height,Wood,12,0,0,0,0,1,0,2.000000,1.500000,2.000000,2.088028,0.802252,0.137287,0.989518,1.914008,0.560011,0.158007,5.084323,0.004818
Wood__yellow_wood_04_height,Wood,12,0,0,0,0,1,0,2.000000,4.500000,0.500000,3.795711,0.621033,0.075250,0.990741,1.800467,0.399524,0.226254,5.968750,0.009210
Wood__yellow_wood_04_height,Wood,16,0,0,0,0,0,1,0.500000,0.500000,0.500000,2.614785,0.778786,0.200296,0.982359,1.646874,0.809833,0.136008,3.994032,0.005900
Wood__yellow_wood_04_height,Wood,16,0,0,0,0,0,1,0.500000,3.000000,2.000000,0.410110,0.891361,0.233831,0.989363,0.424728,0.840777,0.068775,2.461292,0.001994
Wood__yellow_wood_04_height,Wood,16,0,0,0,0,0,1,0.500000,4.500000,2.000000,0.384004,0.888466,0.218984,0.990361,0.384463,0.832535,0.070017,2.536568,0.002006
Wood__yellow_wood_04_height,Wood,16,0,0,0,0,0,1,0.500000,0.500000,2.000000,0.464026,0.917617,0.358462,0.982273,0.364654,0.893213,0.057087,1.701238,0.001709
Wood__yellow_wood_04_height,Wood,16,0,0,0,0,0,1,1.000000,1.500000,0.500000,4.940059,0.671121,0.086954,0.985805,2.565369,0.615768,0.208610,5.692946,0.009007
Wood__yellow_wood_04_height,Wood,16,0,0,0,0,0,1,1.000000,4.500000,2.000000,0.850828,0.837880,0.170851,0.991406,0.812305,0.701496,0.111476,3.798727,0.003233
Wood__yellow_wood_04_height,Wood,16,0,0,0,0,0,1,1.500000,0.500000,1.500000,2.391867,0.793198,0.130641,0.988251,1.961740,0.667874,0.159372,4.738897,0.005391
Wood__yellow_wood_04_height,Wood,16,0,0,0,0,0,1,1.500000,1.500000,2.000000,1.616121,0.818169,0.156549,0.989645,1.559089,0.639871,0.139543,4.467070,0.004197
Wood__yellow_wood_04_height,Wood,16,0,0,0,0,0,1,1.500000,3.000000,1.000000,3.439209,0.693948,0.086917,0.989567,1.988035,0.515012,0.203205,5.757660,0.007591
Wood__yellow_wood_04_height,Wood,16,0,0,0,0,0,1,2.000000,1.500000,2.000000,2.155931,0.799575,0.139562,0.989623,1.907016,0.559768,0.160634,5.084323,0.004907
Wood__yellow_wood_04_height,Wood,16,0,0,0,0,0,1,2.000000,4.500000,0.500000,3.813664,0.620888,0.075995,0.990792,1.800428,0.399362,0.227498,5.968750,0.009241
Flooring__cherry_chevron_floor_34_60_height,Flooring,4,1,0,0,0,0,0,0.500000,0.500000,0.500000,19.577264,0.848690,0.546713,0.896965,1.120590,0.805606,0.153787,2.673795,0.011545
Flooring__cherry_chevron_floor_34_60_height,Flooring,4,1,0,0,0,0,0,0.500000,3.000000,2.000000,0.580547,0.930878,0.403470,0.985740,0.680007,0.937586,0.070372,2.246641,0.001518
Flooring__cherry_chevron_floor_34_60_height,Flooring,4,1,0,0,0,0,0,0.500000,4.500000,2.000000,0.476212,0.906315,0.284348,0.986526,0.522574,0.890170,0.066178,2.138541,0.001846
Flooring__cherry_chevron_floor_34_60_height,Flooring,4,1,0,0,0,0,0,0.500000,0.500000,2.000000,0.421788,0.986442,0.881037,0.976429,0.223197,0.990816,0.044727,1.256566,0.000437
Flooring__cherry_chevron_floor_34_60_height,Flooring,4,1,0,0,0,0,0,1.000000,1.500000,0.500000,14.084814,0.726164,0.404912,0.923807,3.486507,0.616348,0.152310,4.649397,0.012521
Flooring__cherry_chevron_floor_34_60_height,Flooring,4,1,0,0,0,0,0,1.000000,4.500000,2.000000,1.066325,0.876335,0.306275,0.976487,0.838306,0.702315,0.077404,2.884043,0.002962
Flooring__cherry_chevron_floor_34_60_height,Flooring,4,1,0,0,0,0,0,1.500000,0.500000,1.500000,9.084502,0.892678,0.553645,0.922830,1.537249,0.720535,0.121178,3.398984,0.006598
Flooring__cherry_chevron_floor_34_60_height,Flooring,4,1,0,0,0,0,0,1.500000,1.500000,2.000000,3.066346,0.879527,0.453672,0.950853,1.291604,0.727036,0.086393,2.567818,0.004067
Flooring__cherry_chevron_floor_34_60_height,Flooring,4,1,0,0,0,0,0,1.500000,3.000000,1.000000,5.024664,0.754553,0.203475,0.963485,2.548166,0.554391,0.131502,4.738897,0.007667
Flooring__cherry_chevron_floor_34_60_height,Flooring,4,1,0,0,0,0,0,2.000000,1.500000,2.000000,3.007499,0.890761,0.530732,0.962435,2.190199,0.669512,0.099977,4.374345,0.003916
Flooring__cherry_chevron_floor_34_60_height,Flooring,4,1,0,0,0,0,0,2.000000,4.500000,0.500000,6.784004,0.617434,0.121542,0.956763,2.846239,0.374903,0.141165,5.757660,0.011481
Flooring__cherry_chevron_floor_34_60_height,Flooring,6,0,1,0,0,0,0,0.500000,0.500000,0.500000,9.002655,0.847646,0.575522,0.883201,1.614674,0.810946,0.098416,3.297285,0.008215
Flooring__cherry_chevron_floor_34_60_height,Flooring,6,0,1,0,0,0,0,0.500000,3.000000,2.000000,0.745192,0.891703,0.263250,0.978043,0.435061,0.875619,0.063754,1.590737,0.002339
Flooring__cherry_chevron_floor_34_60_height,Flooring,6,0,1,0,0,0,0,0.500000,4.500000,2.000000,0.468338,0.898285,0.263861,0.977294,0.388935,0.840539,0.050058,1.701238,0.001960
Flooring__cherry_chevron_floor_34_60_height,Flooring,6,0,1,0,0,0,0,0.500000,0.500000,2.000000,1.155255,0.957284,0.584041,0.972971,0.393358,0.960811,0.070170,1.368393,0.001425
Flooring__cherry_chevron_floor_34_60_height,Flooring,6,0,1,0,0,0,0,1.000000,1.500000,0.500000,12.249119,0.684122,0.204301,0.927989,3.695539,0.619109,0.146596,5.296570,0.012634
Flooring__cherry_chevron_floor_34_60_height,Flooring,6,0,1,0,0,0,0,1.000000,4.500000,2.000000,0.565608,0.900210,0.257407,0.978926,0.766457,0.715266,0.058655,2.673795,0.002073
Flooring__cherry_chevron_floor_34_60_height,Flooring,6,0,1,0,0,0,0,1.500000,0.500000,1.500000,5.000521,0.877815,0.360455,0.952404,1.697422,0.740722,0.115924,3.668645,0.005445
Flooring__cherry_chevron_floor_34_60_height,Flooring,6,0,1,0,0,0,0,1.500000,1.500000,2.000000,1.893348,0.884274,0.308425,0.969765,1.482884,0.753912,0.088371,2.988285,0.003338
Flooring__cherry_chevron_floor_34_60_height,Flooring,6,0,1,0,0,0,0,1.500000,3.000000,1.000000,4.757716,0.724108,0.132508,0.963787,2.451191,0.554690,0.128571,4.738897,0.008046
Flooring__cherry_chevron_floor_34_60_height,Flooring,6,0,1,0,0,0,0,2.000000,1.500000,2.000000,2.892177,0.859191,0.236410,0.971070,2.253995,0.670617,0.111276,4.090446,0.004371
Flooring__cherry_chevron_floor_34_60_height,Flooring,6,0,1,0,0,0,0,2.000000,4.500000,0.500000,6.483086,0.607253,0.097913,0.959676,2.788506,0.373415,0.142779,5.692946,0.011383
Flooring__cherry_chevron_floor_34_60_height,Flooring,8,0,0,1,0,0,0,0.500000,0.500000,0.500000,7.434711,0.816972,0.386771,0.904394,1.743671,0.810208,0.098678,3.500000,0.008173
Flooring__cherry_chevron_floor_34_60_height,Flooring,8,0,0,1,0,0,0,0.500000,3.000000,2.000000,0.434645,0.919060,0.360602,0.972373,0.327267,0.869682,0.043626,1.479786,0.001661
Flooring__cherry_chevron_floor_34_60_height,Flooring,8,0,0,1,0,0,0,0.500000,4.500000,2.000000,0.317604,0.917912,0.331715,0.977402,0.342654,0.837873,0.041480,1.701238,0.001526
Flooring__cherry_chevron_floor_34_60_height,Flooring,8,0,0,1,0,0,0,0.500000,0.500000,2.000000,0.995259,0.943292,0.512829,0.968974,0.294148,0.941458,0.063547,1.144314,0.001768
Flooring__cherry_chevron_floor_34_60_height,Flooring,8,0,0,1,0,0,0,1.000000,1.500000,0.500000,12.520874,0.656594,0.127730,0.927887,3.758753,0.621509,0.148271,5.327820,0.013160
Flooring__cherry_chevron_floor_34_60_height,Flooring,8,0,0,1,0,0,0,1.000000,4.500000,2.000000,0.548329,0.897956,0.262388,0.981229,0.674484,0.724296,0.061136,2.354228,0.002098
Flooring__cherry_chevron_floor_34_60_height,Flooring,8,0,0,1,0,0,0,1.500000,0.500000,1.500000,5.069727,0.857943,0.240778,0.956518,1.879255,0.725884,0.121069,3.600311,0.005743
Flooring__cherry_chevron_floor_34_60_height,Flooring,8,0,0,1,0,0,0,1.500000,1.500000,2.000000,2.004377,0.875778,0.205648,0.972536,1.652001,0.737466,0.096169,3.091917,0.003514
Flooring__cherry_chevron_floor_34_60_height,Flooring,8,0,0,1,0,0,0,1.500000,3.000000,1.000000,4.681880,0.726936,0.138869,0.959348,2.442611,0.544511,0.120731,4.558771,0.007937
Flooring__cherry_chevron_floor_34_60_height,Flooring,8,0,0,1,0,0,0,2.000000,1.500000,2.000000,2.574794,0.863767,0.199940,0.968454,2.173468,0.678748,0.102400,3.994032,0.004062
Flooring__cherry_chevron_floor_34_60_height,Flooring,8,0,0,1,0,0,0,2.000000,4.500000,0.500000,6.850185,0.604611,0.095361,0.958278,2.818160,0.367225,0.144371,5.757660,0.011651
Flooring__cherry_chevron_floor_34_60_height,Flooring,10,0,0,0,1,0,0,0.500000,0.500000,0.500000,6.913335,0.801027,0.308037,0.909623,1.718450,0.802697,0.096890,3.500000,0.008065
Flooring__cherry_chevron_floor_34_60_height,Flooring,10,0,0,0,1,0,0,0.500000,3.000000,2.000000,0.346654,0.933622,0.436645,0.967592,0.411631,0.864949,0.036258,1.701238,0.001376
Flooring__cherry_chevron_floor_34_60_height,Flooring,10,0,0,0,1,0,0,0.500000,4.500000,2.000000,0.275419,0.924895,0.319577,0.977962,0.378162,0.833762,0.038390,1.811278,0.001356
Flooring__cherry_chevron_floor_34_60_height,Flooring,10,0,0,0,1,0,0,0.500000,0.500000,2.000000,0.824013,0.938557,0.568614,0.958159,0.357258,0.921021,0.050053,1.368393,0.001795
Flooring__cherry_chevron_floor_34_60_height,Flooring,10,0,0,0,1,0,0,1.000000,1.500000,0.500000,11.865302,0.659864,0.118917,0.926656,3.718051,0.615547,0.143214,5.167141,0.012739
Flooring__cherry_chevron_floor_34_60_height,Flooring,10,0,0,0,1,0,0,1.000000,4.500000,2.000000,0.589595,0.890420,0.239084,0.978716,0.706110,0.715824,0.059162,2.567818,0.002247
Flooring__cherry_chevron_floor_34_60_height,Flooring,10,0,0,0,1,0,0,1.500000,0.500000,1.500000,4.027209,0.849649,0.248524,0.957167,1.797561,0.734222,0.109333,3.699895,0.005398
Flooring__cherry_chevron_floor_34_60_height,Flooring,10,0,0,0,1,0,0,1.500000,1.500000,2.000000,1.666023,0.877708,0.226053,0.968392,1.546105,0.745621,0.082082,3.194923,0.003253
Flooring__cherry_chevron_floor_34_60_height,Flooring,10,0,0,0,1,0,0,1.500000,3.000000,1.000000,4.713786,0.718345,0.125449,0.960593,2.462386,0.549690,0.122666,4.649397,0.008041
Flooring__cherry_chevron_floor_34_60_height,Flooring,10,0,0,0,1,0,0,2.000000,1.500000,2.000000,2.122068,0.868123,0.202977,0.974132,2.023254,0.672939,0.103164,3.896782,0.003752
Flooring__cherry_chevron_floor_34_60_height,Flooring,10,0,0,0,1,0,0,2.000000,4.500000,0.500000,6.357989,0.608368,0.095468,0.960298,2.549028,0.372127,0.142450,5.405410,0.011284
Flooring__cherry_chevron_floor_34_60_height,Flooring,12,0,0,0,0,1,0,0.500000,0.500000,0.500000,6.550995,0.793655,0.292963,0.906431,1.829389,0.801041,0.092500,3.398984,0.008058
Flooring__cherry_chevron_floor_34_60_height,Flooring,12,0,0,0,0,1,0,0.500000,3.000000,2.000000,0.307885,0.929771,0.371880,0.974678,0.366501,0.865893,0.037915,1.590737,0.001323
Flooring__cherry_chevron_floor_34_60_height,Flooring,12,0,0,0,0,1,0,0.500000,4.500000,2.000000,0.232256,0.929830,0.319130,0.979307,0.344412,0.833426,0.036996,1.701238,0.001277
Flooring__cherry_chevron_floor_34_60_height,Flooring,12,0,0,0,0,1,0,0.500000,0.500000,2.000000,0.656291,0.942422,0.506496,0.961942,0.329444,0.923469,0.045205,1.368393,0.001533
Flooring__cherry_chevron_floor_34_60_height,Flooring,12,0,0,0,0,1,0,1.000000,1.500000,0.500000,11.927520,0.654902,0.108869,0.927378,3.730538,0.615364,0.143959,5.248348,0.012771
Flooring__cherry_chevron_floor_34_60_height,Flooring,12,0,0,0,0,1,0,1.000000,4.500000,2.000000,0.647054,0.889298,0.236783,0.981482,0.790565,0.715867,0.066235,2.779208,0.002297
Flooring__cherry_chevron_floor_34_60_height,Flooring,12,0,0,0,0,1,0,1.500000,0.500000,1.500000,4.046718,0.854374,0.250390,0.957380,2.030233,0.722538,0.108982,3.668645,0.005249
Flooring__cherry_chevron_floor_34_60_height,Flooring,12,0,0,0,0,1,0,1.500000,1.500000,2.000000,1.710342,0.877869,0.231204,0.971596,1.622002,0.733115,0.086581,3.194923,0.003260
Flooring__cherry_chevron_floor_34_60_height,Flooring,12,0,0,0,0,1,0,1.500000,3.000000,1.000000,4.225325,0.728016,0.125202,0.962631,2.340421,0.551083,0.119449,4.558771,0.007580
Flooring__cherry_chevron_floor_34_60_height,Flooring,12,0,0,0,0,1,0,2.000000,1.500000,2.000000,2.474873,0.862181,0.187842,0.971473,2.027864,0.667936,0.105064,3.798727,0.004099
Flooring__cherry_chevron_floor_34_60_height,Flooring,12,0,0,0,0,1,0,2.000000,4.500000,0.500000,6.270693,0.608349,0.095920,0.958518,2.548261,0.370874,0.138509,5.327820,0.011214
Flooring__cherry_chevron_floor_34_60_height,Flooring,16,0,0,0,0,0,1,0.500000,0.500000,0.500000,6.228288,0.779801,0.228103,0.908564,1.965932,0.805354,0.092331,3.600311,0.008052
Flooring__cherry_chevron_floor_34_60_height,Flooring,16,0,0,0,0,0,1,0.500000,3.000000,2.000000,0.326771,0.924521,0.324020,0.974112,0.363547,0.870316,0.039256,1.479786,0.001469
Flooring__cherry_chevron_floor_34_60_height,Flooring,16,0,0,0,0,0,1,0.500000,4.500000,2.000000,0.256651,0.926019,0.314961,0.977105,0.336795,0.837300,0.037239,1.701238,0.001367
Flooring__cherry_chevron_floor_34_60_height,Flooring,16,0,0,0,0,0,1,0.500000,0.500000,2.000000,0.477533,0.936312,0.382552,0.968975,0.306838,0.931642,0.041816,1.368393,0.001385
Flooring__cherry_chevron_floor_34_60_height,Flooring,16,0,0,0,0,0,1,1.000000,1.500000,0.500000,11.449172,0.657266,0.099458,0.928937,3.699389,0.616868,0.142798,5.135891,0.012533
Flooring__cherry_chevron_floor_34_60_height,Flooring,16,0,0,0,0,0,1,1.000000,4.500000,2.000000,0.557599,0.896812,0.246012,0.980064,0.726342,0.712514,0.059568,2.461292,0.002132
Flooring__cherry_chevron_floor_34_60_height,Flooring,16,0,0,0,0,0,1,1.500000,0.500000,1.500000,4.188600,0.850681,0.215313,0.958802,2.044901,0.723117,0.113287,3.699895,0.005487
Flooring__cherry_chevron_floor_34_60_height,Flooring,16,0,0,0,0,0,1,1.500000,1.500000,2.000000,1.696079,0.871557,0.209507,0.973154,1.593962,0.734676,0.088369,3.297285,0.003389
Flooring__cherry_chevron_floor_34_60_height,Flooring,16,0,0,0,0,0,1,1.500000,3.000000,1.000000,4.387520,0.723473,0.124043,0.961071,2.314951,0.545938,0.119227,4.527521,0.007779
Flooring__cherry_chevron_floor_34_60_height,Flooring,16,0,0,0,0,0,1,2.000000,1.500000,2.000000,2.461167,0.859727,0.188807,0.972044,2.080418,0.671205,0.105621,3.896782,0.004107
Flooring__cherry_chevron_floor_34_60_height,Flooring,16,0,0,0,0,0,1,2.000000,4.500000,0.500000,6.312426,0.610247,0.098648,0.958581,2.565030,0.369438,0.139186,5.405410,0.011220
Flooring__dark_wood_tiles_3_height,Flooring,4,1,0,0,0,0,0,0.500000,0.500000,0.500000,19.940715,0.872008,0.567365,0.900578,1.120023,0.796279,0.158326,3.060667,0.010590
Flooring__dark_wood_tiles_3_height,Flooring,4,1,0,0,0,0,0,0.500000,3.000000,2.000000,0.773600,0.914172,0.337216,0.985864,0.768582,0.918144,0.081969,2.354228,0.001951
Flooring__dark_wood_tiles_3_height,Flooring,4,1,0,0,0,0,0,0.500000,4.500000,2.000000,0.585401,0.900788,0.251939,0.987079,0.630359,0.869642,0.075139,2.461292,0.002052
Flooring__dark_wood_tiles_3_height,Flooring,4,1,0,0,0,0,0,0.500000,0.500000,2.000000,0.386464,0.990449,0.922008,0.969575,0.226833,0.991882,0.038866,1.144314,0.000359
Flooring__dark_wood_tiles_3_height,Flooring,4,1,0,0,0,0,0,1.000000,1.500000,0.500000,20.619411,0.726472,0.317809,0.925530,3.986818,0.614708,0.186971,6.000000,0.014587
Flooring__dark_wood_tiles_3_height,Flooring,4,1,0,0,0,0,0,1.000000,4.500000,2.000000,1.335319,0.866840,0.222975,0.982369,0.933989,0.716200,0.098831,2.779208,0.003234
Flooring__dark_wood_tiles_3_height,Flooring,4,1,0,0,0,0,0,1.500000,0.500000,1.500000,10.231269,0.913801,0.531833,0.945378,1.244480,0.732358,0.152939,3.266035,0.005957
Flooring__dark_wood_tiles_3_height,Flooring,4,1,0,0,0,0,0,1.500000,1.500000,2.000000,3.671717,0.882412,0.456816,0.971811,1.430943,0.748367,0.125298,2.988285,0.004160
Flooring__dark_wood_tiles_3_height,Flooring,4,1,0,0,0,0,0,1.500000,3.000000,1.000000,7.638690,0.744759,0.163184,0.963434,3.200480,0.543960,0.163239,5.906250,0.009198
Flooring__dark_wood_tiles_3_height,Flooring,4,1,0,0,0,0,0,2.000000,1.500000,2.000000,4.523842,0.862712,0.324288,0.976004,2.454483,0.680703,0.153598,4.558771,0.005051
Flooring__dark_wood_tiles_3_height,Flooring,4,1,0,0,0,0,0,2.000000,4.500000,0.500000,9.584899,0.627130,0.104521,0.958261,2.957002,0.357361,0.171249,5.757660,0.012775
Flooring__dark_wood_tiles_3_height,Flooring,6,0,1,0,0,0,0,0.500000,0.500000,0.500000,12.164711,0.854633,0.488634,0.896150,1.616861,0.799788,0.121905,3.994032,0.009069
Flooring__dark_wood_tiles_3_height,Flooring,6,0,1,0,0,0,0,0.500000,3.000000,2.000000,0.752887,0.903356,0.271715,0.982771,0.476183,0.874803,0.073130,1.701238,0.002143
Flooring__dark_wood_tiles_3_height,Flooring,6,0,1,0,0,0,0,0.500000,4.500000,2.000000,0.517173,0.904319,0.245337,0.983379,0.445326,0.839357,0.061855,1.811278,0.001954
Flooring__dark_wood_tiles_3_height,Flooring,6,0,1,0,0,0,0,0.500000,0.500000,2.000000,1.705861,0.958833,0.585444,0.971735,0.318951,0.939952,0.083123,1.256566,0.001751
Flooring__dark_wood_tiles_3_height,Flooring,6,0,1,0,0,0,0,1.000000,1.500000,0.500000,16.058101,0.709750,0.186131,0.926958,3.918282,0.608045,0.167334,5.593750,0.013432
Flooring__dark_wood_tiles_3_height,Flooring,6,0,1,0,0,0,0,1.000000,4.500000,2.000000,0.909327,0.882037,0.212709,0.983383,0.907176,0.712672,0.084514,2.884043,0.002679
Flooring__dark_wood_tiles_3_height,Flooring,6,0,1,0,0,0,0,1.500000,0.500000,1.500000,6.915782,0.889174,0.370931,0.959167,1.714915,0.725319,0.147064,4.090446,0.005863
Flooring__dark_wood_tiles_3_height,Flooring,6,0,1,0,0,0,0,1.500000,1.500000,2.000000,2.426147,0.879871,0.252476,0.979810,1.635408,0.742976,0.122124,3.297285,0.003692
Flooring__dark_wood_tiles_3_height,Flooring,6,0,1,0,0,0,0,1.500000,3.000000,1.000000,6.554314,0.751651,0.127819,0.964965,2.920671,0.545448,0.154259,5.449699,0.008520
Flooring__dark_wood_tiles_3_height,Flooring,6,0,1,0,0,0,0,2.000000,1.500000,2.000000,3.562698,0.854459,0.172036,0.980044,2.323904,0.679435,0.150188,4.185994,0.004756
Flooring__dark_wood_tiles_3_height,Flooring,6,0,1,0,0,0,0,2.000000,4.500000,0.500000,9.267403,0.622020,0.100040,0.958933,2.866910,0.359793,0.169677,5.757660,0.012722
Flooring__dark_wood_tiles_3_height,Flooring,8,0,0,1,0,0,0,0.500000,0.500000,0.500000,10.325597,0.825187,0.368986,0.903724,1.889615,0.796019,0.116019,3.994032,0.009084
Flooring__dark_wood_tiles_3_height,Flooring,8,0,0,1,0,0,0,0.500000,3.000000,2.000000,0.559640,0.914103,0.330994,0.975329,0.429895,0.870215,0.053076,1.811278,0.001814
Flooring__dark_wood_tiles_3_height,Flooring,8,0,0,1,0,0,0,0.500000,4.500000,2.000000,0.418304,0.910411,0.262799,0.980432,0.428242,0.834281,0.051207,1.920849,0.001736
Flooring__dark_wood_tiles_3_height,Flooring,8,0,0,1,0,0,0,0.500000,0.500000,2.000000,1.180944,0.951778,0.581647,0.967080,0.290073,0.925642,0.066852,1.144314,0.001728
Flooring__dark_wood_tiles_3_height,Flooring,8,0,0,1,0,0,0,1.000000,1.500000,0.500000,15.765189,0.694711,0.125382,0.929482,4.093188,0.608064,0.168495,5.663910,0.013496
Flooring__dark_wood_tiles_3_height,Flooring,8,0,0,1,0,0,0,1.000000,4.500000,2.000000,0.882879,0.880113,0.192545,0.984669,0.876898,0.712997,0.085738,2.884043,0.002664
Flooring__dark_wood_tiles_3_height,Flooring,8,0,0,1,0,0,0,1.500000,0.500000,1.500000,5.800553,0.874039,0.285402,0.963712,1.993499,0.723874,0.142101,3.994032,0.005700
Flooring__dark_wood_tiles_3_height,Flooring,8,0,0,1,0,0,0,1.500000,1.500000,2.000000,2.400149,0.867512,0.180764,0.979921,1.702503,0.741448,0.122420,3.398984,0.003869
Flooring__dark_wood_tiles_3_height,Flooring,8,0,0,1,0,0,0,1.500000,3.000000,1.000000,6.605418,0.752920,0.127471,0.964320,2.966005,0.545917,0.153388,5.480949,0.008500
Flooring__dark_wood_tiles_3_height,Flooring,8,0,0,1,0,0,0,2.000000,1.500000,2.000000,3.442647,0.853596,0.157350,0.979430,2.331602,0.675383,0.145699,4.185994,0.004694
Flooring__dark_wood_tiles_3_height,Flooring,8,0,0,1,0,0,0,2.000000,4.500000,0.500000,9.027629,0.624798,0.097590,0.958972,2.807504,0.361222,0.167505,5.692946,0.012544
Flooring__dark_wood_tiles_3_height,Flooring,10,0,0,0,1,0,0,0.500000,0.500000,0.500000,9.150714,0.808849,0.283151,0.910013,2.083750,0.796852,0.112177,3.896782,0.008728
Flooring__dark_wood_tiles_3_height,Flooring,10,0,0,0,1,0,0,0.500000,3.000000,2.000000,0.514633,0.913872,0.276405,0.979046,0.469205,0.869796,0.054087,1.811278,0.001765
Flooring__dark_wood_tiles_3_height,Flooring,10,0,0,0,1,0,0,0.500000,4.500000,2.000000,0.391309,0.913218,0.256547,0.982219,0.415428,0.834736,0.051277,1.811278,0.001661
Flooring__dark_wood_tiles_3_height,Flooring,10,0,0,0,1,0,0,0.500000,0.500000,2.000000,0.721640,0.949442,0.521848,0.966650,0.331157,0.929693,0.052623,1.701238,0.001464
Flooring__dark_wood_tiles_3_height,Flooring,10,0,0,0,1,0,0,1.000000,1.500000,0.500000,16.050190,0.691631,0.111015,0.929324,4.125603,0.606716,0.169972,5.757660,0.013592
Flooring__dark_wood_tiles_3_height,Flooring,10,0,0,0,1,0,0,1.000000,4.500000,2.000000,0.884025,0.879472,0.196707,0.984171,0.888778,0.713247,0.084255,2.988285,0.002664
Flooring__dark_wood_tiles_3_height,Flooring,10,0,0,0,1,0,0,1.500000,0.500000,1.500000,5.472629,0.861906,0.234749,0.965560,2.060448,0.722166,0.141834,3.896782,0.005850
Flooring__dark_wood_tiles_3_height,Flooring,10,0,0,0,1,0,0,1.500000,1.500000,2.000000,2.446025,0.864635,0.172892,0.979360,1.769934,0.736572,0.122058,3.398984,0.003922
Flooring__dark_wood_tiles_3_height,Flooring,10,0,0,0,1,0,0,1.500000,3.000000,1.000000,6.598761,0.752407,0.129159,0.964640,2.957481,0.543396,0.154088,5.625000,0.008530
Flooring__dark_wood_tiles_3_height,Flooring,10,0,0,0,1,0,0,2.000000,1.500000,2.000000,3.422322,0.852234,0.165736,0.979284,2.276128,0.672014,0.144379,4.090446,0.004713
Flooring__dark_wood_tiles_3_height,Flooring,10,0,0,0,1,0,0,2.000000,4.500000,0.500000,8.987175,0.626722,0.098184,0.958931,2.747223,0.359964,0.167029,5.625000,0.012503
Flooring__dark_wood_tiles_3_height,Flooring,12,0,0,0,0,1,0,0.500000,0.500000,0.500000,8.897072,0.801216,0.273830,0.908784,2.177774,0.795620,0.110015,4.090446,0.008701
Flooring__dark_wood_tiles_3_height,Flooring,12,0,0,0,0,1,0,0.500000,3.000000,2.000000,0.449018,0.918516,0.271524,0.980368,0.451992,0.869867,0.052955,1.811278,0.001652
Flooring__dark_wood_tiles_3_height,Flooring,12,0,0,0,0,1,0,0.500000,4.500000,2.000000,0.370739,0.914045,0.250721,0.982940,0.432621,0.834541,0.050745,1.920849,0.001610
Flooring__dark_wood_tiles_3_height,Flooring,12,0,0,0,0,1,0,0.500000,0.500000,2.000000,0.714335,0.937016,0.434284,0.970300,0.372023,0.925676,0.052865,1.368393,0.001647
Flooring__dark_wood_tiles_3_height,Flooring,12,0,0,0,0,1,0,1.000000,1.500000,0.500000,15.793170,0.691645,0.107550,0.929048,4.102467,0.604953,0.168072,5.625000,0.013466
Flooring__dark_wood_tiles_3_height,Flooring,12,0,0,0,0,1,0,1.000000,4.500000,2.000000,0.870082,0.881444,0.205667,0.984185,0.871618,0.710974,0.084089,2.884043,0.002630
Flooring__dark_wood_tiles_3_height,Flooring,12,0,0,0,0,1,0,1.500000,0.500000,1.500000,5.501603,0.849482,0.194685,0.965029,2.178338,0.719427,0.140890,3.994032,0.005855
Flooring__dark_wood_tiles_3_height,Flooring,12,0,0,0,0,1,0,1.500000,1.500000,2.000000,2.422012,0.865272,0.170256,0.979356,1.748140,0.735005,0.121959,3.500000,0.003911
Flooring__dark_wood_tiles_3_height,Flooring,12,0,0,0,0,1,0,1.500000,3.000000,1.000000,6.568538,0.749954,0.126033,0.964890,2.958342,0.542655,0.154204,5.554229,0.008537
Flooring__dark_wood_tiles_3_height,Flooring,12,0,0,0,0,1,0,2.000000,1.500000,2.000000,3.375457,0.851966,0.150271,0.979297,2.267237,0.668550,0.143611,3.994032,0.004661
Flooring__dark_wood_tiles_3_height,Flooring,12,0,0,0,0,1,0,2.000000,4.500000,0.500000,8.907364,0.625955,0.098250,0.958897,2.733102,0.358747,0.166144,5.554229,0.012474
Flooring__dark_wood_tiles_3_height,Flooring,16,0,0,0,0,0,1,0.500000,0.500000,0.500000,8.412364,0.786748,0.209527,0.913389,2.257684,0.793744,0.110395,4.185994,0.008686
Flooring__dark_wood_tiles_3_height,Flooring,16,0,0,0,0,0,1,0.500000,3.000000,2.000000,0.418314,0.921116,0.260230,0.980889,0.447206,0.869401,0.052551,1.811278,0.001608
Flooring__dark_wood_tiles_3_height,Flooring,16,0,0,0,0,0,1,0.500000,4.500000,2.000000,0.354578,0.916562,0.258098,0.983193,0.404169,0.833848,0.050550,1.811278,0.001573
Flooring__dark_wood_tiles_3_height,Flooring,16,0,0,0,0,0,1,0.500000,0.500000,2.000000,0.517955,0.939346,0.378577,0.972737,0.360556,0.924369,0.046978,1.479786,0.001439
Flooring__dark_wood_tiles_3_height,Flooring,16,0,0,0,0,0,1,1.000000,1.500000,0.500000,15.796603,0.690468,0.103013,0.929451,4.126229,0.605263,0.168532,5.692946,0.013482
Flooring__dark_wood_tiles_3_height,Flooring,16,0,0,0,0,0,1,1.000000,4.500000,2.000000,0.854489,0.881018,0.194068,0.984146,0.838382,0.712266,0.083244,2.779208,0.002621
Flooring__dark_wood_tiles_3_height,Flooring,16,0,0,0,0,0,1,1.500000,0.500000,1.500000,5.291347,0.852400,0.185785,0.965506,2.242840,0.718585,0.139318,4.280639,0.005699
Flooring__dark_wood_tiles_3_height,Flooring,16,0,0,0,0,0,1,1.500000,1.500000,2.000000,2.365047,0.868626,0.170988,0.979324,1.765319,0.734278,0.120911,3.500000,0.003863
Flooring__dark_wood_tiles_3_height,Flooring,16,0,0,0,0,0,1,1.500000,3.000000,1.000000,6.486278,0.752339,0.126853,0.964970,2.922713,0.542355,0.153398,5.554229,0.008476
Flooring__dark_wood_tiles_3_height,Flooring,16,0,0,0,0,0,1,2.000000,1.500000,2.000000,3.410220,0.850695,0.149458,0.980006,2.293065,0.670429,0.146092,4.090446,0.004646
Flooring__dark_wood_tiles_3_height,Flooring,16,0,0,0,0,0,1,2.000000,4.500000,0.500000,8.942654,0.625788,0.098141,0.958878,2.718714,0.359409,0.166464,5.625000,0.012488
Flooring__light_wood_tiles_1_height,Flooring,4,1,0,0,0,0,0,0.500000,0.500000,0.500000,14.526117,0.928173,0.585372,0.943389,1.231858,0.777352,0.177758,3.262189,0.006580
Flooring__light_wood_tiles_1_height,Flooring,4,1,0,0,0,0,0,0.500000,3.000000,2.000000,2.073776,0.882568,0.452361,0.987869,0.925166,0.832047,0.146411,2.461292,0.003451
Flooring__light_wood_tiles_1_height,Flooring,4,1,0,0,0,0,0,0.500000,4.500000,2.000000,1.503786,0.851664,0.360348,0.990634,0.808600,0.818139,0.138343,2.461292,0.003485
Flooring__light_wood_tiles_1_height,Flooring,4,1,0,0,0,0,0,0.500000,0.500000,2.000000,6.425426,0.963778,0.676747,0.969819,0.526651,0.857935,0.161981,1.669988,0.003280
Flooring__light_wood_tiles_1_height,Flooring,4,1,0,0,0,0,0,1.000000,1.500000,0.500000,17.161707,0.828473,0.339020,0.956927,3.838267,0.567580,0.223472,5.663910,0.009981
Flooring__light_wood_tiles_1_height,Flooring,4,1,0,0,0,0,0,1.000000,4.500000,2.000000,2.331897,0.848085,0.373339,0.985400,1.900101,0.674526,0.141736,4.558771,0.004256
Flooring__light_wood_tiles_1_height,Flooring,4,1,0,0,0,0,0,1.500000,0.500000,1.500000,16.701230,0.917352,0.529448,0.960294,1.463063,0.562214,0.230054,3.203535,0.007542
Flooring__light_wood_tiles_1_height,Flooring,4,1,0,0,0,0,0,1.500000,1.500000,2.000000,7.818153,0.876425,0.339199,0.979125,2.912235,0.581800,0.217009,4.558771,0.005958
Flooring__light_wood_tiles_1_height,Flooring,4,1,0,0,0,0,0,1.500000,3.000000,1.000000,7.306426,0.809948,0.284182,0.978392,3.348035,0.487385,0.206194,5.787349,0.007360
Flooring__light_wood_tiles_1_height,Flooring,4,1,0,0,0,0,0,2.000000,1.500000,2.000000,7.422464,0.884606,0.409101,0.978363,3.180224,0.532148,0.209649,5.554229,0.005557
Flooring__light_wood_tiles_1_height,Flooring,4,1,0,0,0,0,0,2.000000,4.500000,0.500000,8.662180,0.677707,0.167640,0.981054,3.299838,0.342254,0.239785,6.000000,0.011114
Flooring__light_wood_tiles_1_height,Flooring,6,0,1,0,0,0,0,0.500000,0.500000,0.500000,11.557131,0.901655,0.452863,0.941108,1.540304,0.755263,0.157439,3.798727,0.007048
Flooring__light_wood_tiles_1_height,Flooring,6,0,1,0,0,0,0,0.500000,3.000000,2.000000,1.271352,0.904115,0.453297,0.981141,1.042835,0.827025,0.091166,2.884043,0.002494
Flooring__light_wood_tiles_1_height,Flooring,6,0,1,0,0,0,0,0.500000,4.500000,2.000000,0.987195,0.883400,0.351566,0.984849,0.922912,0.812866,0.089082,2.884043,0.002621
Flooring__light_wood_tiles_1_height,Flooring,6,0,1,0,0,0,0,0.500000,0.500000,2.000000,2.625130,0.955978,0.655272,0.966434,0.487505,0.867293,0.095905,2.107291,0.002275
Flooring__light_wood_tiles_1_height,Flooring,6,0,1,0,0,0,0,1.000000,1.500000,0.500000,15.792373,0.803390,0.256079,0.959322,4.006934,0.570599,0.221083,5.327820,0.010176
Flooring__light_wood_tiles_1_height,Flooring,6,0,1,0,0,0,0,1.000000,4.500000,2.000000,1.911262,0.847790,0.239961,0.986412,1.699673,0.673676,0.133514,4.280639,0.003972
Flooring__light_wood_tiles_1_height,Flooring,6,0,1,0,0,0,0,1.500000,0.500000,1.500000,11.411391,0.900567,0.411517,0.964853,2.178144,0.571114,0.202818,4.968750,0.006660
Flooring__light_wood_tiles_1_height,Flooring,6,0,1,0,0,0,0,1.500000,1.500000,2.000000,5.578482,0.876828,0.303106,0.979673,2.823405,0.588603,0.186572,5.154598,0.005151
Flooring__light_wood_tiles_1_height,Flooring,6,0,1,0,0,0,0,1.500000,3.000000,1.000000,6.696629,0.785629,0.161310,0.978962,3.149840,0.474988,0.200581,5.480949,0.007567
Flooring__light_wood_tiles_1_height,Flooring,6,0,1,0,0,0,0,2.000000,1.500000,2.000000,6.164932,0.865470,0.244681,0.980081,3.254559,0.530346,0.197435,5.327820,0.005459
Flooring__light_wood_tiles_1_height,Flooring,6,0,1,0,0,0,0,2.000000,4.500000,0.500000,7.472098,0.680585,0.151334,0.981627,3.100109,0.347422,0.226016,5.968750,0.010303
Flooring__light_wood_tiles_1_height,Flooring,8,0,0,1,0,0,0,0.500000,0.500000,0.500000,9.539932,0.886122,0.368101,0.944265,1.699768,0.758622,0.145884,3.699895,0.006746
Flooring__light_wood_tiles_1_height,Flooring,8,0,0,1,0,0,0,0.500000,3.000000,2.000000,1.256564,0.889210,0.333258,0.982987,1.076940,0.810341,0.095388,3.091917,0.002740
Flooring__light_wood_tiles_1_height,Flooring,8,0,0,1,0,0,0,0.500000,4.500000,2.000000,0.961746,0.877666,0.287102,0.986177,0.935630,0.799533,0.092733,3.091917,0.002720
Flooring__light_wood_tiles_1_height,Flooring,8,0,0,1,0,0,0,0.500000,0.500000,2.000000,2.500376,0.942771,0.428833,0.969331,0.726710,0.856638,0.100487,2.430042,0.002534
Flooring__light_wood_tiles_1_height,Flooring,8,0,0,1,0,0,0,1.000000,1.500000,0.500000,14.206420,0.800993,0.183180,0.960141,4.019906,0.564590,0.212042,5.554229,0.009615
Flooring__light_wood_tiles_1_height,Flooring,8,0,0,1,0,0,0,1.000000,4.500000,2.000000,1.838562,0.842791,0.227872,0.987163,1.751740,0.658525,0.133992,4.558771,0.003958
Flooring__light_wood_tiles_1_height,Flooring,8,0,0,1,0,0,0,1.500000,0.500000,1.500000,10.710855,0.889791,0.311815,0.967563,2.499771,0.577539,0.204344,4.827209,0.006544
Flooring__light_wood_tiles_1_height,Flooring,8,0,0,1,0,0,0,1.500000,1.500000,2.000000,5.238764,0.869804,0.225492,0.980721,2.833989,0.599877,0.184985,5.167141,0.004981
Flooring__light_wood_tiles_1_height,Flooring,8,0,0,1,0,0,0,1.500000,3.000000,1.000000,6.564469,0.783996,0.144237,0.978394,3.151037,0.480216,0.196319,5.554229,0.007525
Flooring__light_wood_tiles_1_height,Flooring,8,0,0,1,0,0,0,2.000000,1.500000,2.000000,6.451104,0.859281,0.202362,0.980115,3.261184,0.515390,0.203112,5.480949,0.005716
Flooring__light_wood_tiles_1_height,Flooring,8,0,0,1,0,0,0,2.000000,4.500000,0.500000,7.277818,0.690920,0.125233,0.981882,2.951647,0.343808,0.224767,5.894455,0.009979
Flooring__light_wood_tiles_1_height,Flooring,10,0,0,0,1,0,0,0.500000,0.500000,0.500000,9.626737,0.883753,0.323555,0.945637,2.001455,0.760745,0.147725,3.994032,0.006700
Flooring__light_wood_tiles_1_height,Flooring,10,0,0,0,1,0,0,0.500000,3.000000,2.000000,1.101791,0.896389,0.295695,0.982327,1.042943,0.823253,0.087907,2.988285,0.002508
Flooring__light_wood_tiles_1_height,Flooring,10,0,0,0,1,0,0,0.500000,4.500000,2.000000,0.855771,0.882609,0.242486,0.985936,0.917110,0.810421,0.087135,3.091917,0.002573
Flooring__light_wood_tiles_1_height,Flooring,10,0,0,0,1,0,0,0.500000,0.500000,2.000000,1.949523,0.945962,0.485159,0.968745,0.712337,0.860243,0.087584,2.322978,0.002247
Flooring__light_wood_tiles_1_height,Flooring,10,0,0,0,1,0,0,1.000000,1.500000,0.500000,13.926144,0.790234,0.140466,0.960280,4.002701,0.565207,0.209287,5.554229,0.009671
Flooring__light_wood_tiles_1_height,Flooring,10,0,0,0,1,0,0,1.000000,4.500000,2.000000,1.803618,0.843430,0.184945,0.987464,1.652837,0.658037,0.134730,4.467070,0.003953
Flooring__light_wood_tiles_1_height,Flooring,10,0,0,0,1,0,0,1.500000,0.500000,1.500000,10.243734,0.883579,0.256865,0.967131,2.664381,0.580138,0.197733,4.827209,0.006445
Flooring__light_wood_tiles_1_height,Flooring,10,0,0,0,1,0,0,1.500000,1.500000,2.000000,5.224122,0.871443,0.232279,0.979724,2.734695,0.599179,0.179982,5.053073,0.004960
Flooring__light_wood_tiles_1_height,Flooring,10,0,0,0,1,0,0,1.500000,3.000000,1.000000,6.624545,0.777343,0.127304,0.978900,3.111025,0.478693,0.198873,5.554229,0.007662
Flooring__light_wood_tiles_1_height,Flooring,10,0,0,0,1,0,0,2.000000,1.500000,2.000000,6.223951,0.862547,0.182509,0.980708,3.242625,0.519733,0.201154,5.554229,0.005463
Flooring__light_wood_tiles_1_height,Flooring,10,0,0,0,1,0,0,2.000000,4.500000,0.500000,7.078517,0.693138,0.107450,0.981718,2.889888,0.346806,0.220582,5.875000,0.009868
Flooring__light_wood_tiles_1_height,Flooring,12,0,0,0,0,1,0,0.500000,0.500000,0.500000,9.036295,0.865104,0.272192,0.947890,2.091508,0.756302,0.146258,3.994032,0.006895
Flooring__light_wood_tiles_1_height,Flooring,12,0,0,0,0,1,0,0.500000,3.000000,2.000000,1.066687,0.893501,0.237302,0.983231,1.030284,0.812415,0.089036,2.884043,0.002527
Flooring__light_wood_tiles_1_height,Flooring,12,0,0,0,0,1,0,0.500000,4.500000,2.000000,0.842990,0.881548,0.231549,0.986163,0.889868,0.799025,0.086820,2.988285,0.002572
Flooring__light_wood_tiles_1_height,Flooring,12,0,0,0,0,1,0,0.500000,0.500000,2.000000,1.924852,0.933548,0.406656,0.970107,0.864140,0.856915,0.086826,2.430042,0.002361
Flooring__light_wood_tiles_1_height,Flooring,12,0,0,0,0,1,0,1.000000,1.500000,0.500000,14.038753,0.788890,0.127936,0.960038,3.975284,0.565128,0.210124,5.480949,0.009780
Flooring__light_wood_tiles_1_height,Flooring,12,0,0,0,0,1,0,1.000000,4.500000,2.000000,1.842857,0.842086,0.187208,0.987196,1.680737,0.658553,0.134881,4.343095,0.004012
Flooring__light_wood_tiles_1_height,Flooring,12,0,0,0,0,1,0,1.500000,0.500000,1.500000,10.043198,0.884667,0.249649,0.966840,2.818306,0.577110,0.194895,5.000000,0.006376
Flooring__light_wood_tiles_1_height,Flooring,12,0,0,0,0,1,0,1.500000,1.500000,2.000000,5.168365,0.871402,0.206040,0.979556,2.690907,0.598662,0.178700,4.914268,0.004906
Flooring__light_wood_tiles_1_height,Flooring,12,0,0,0,0,1,0,1.500000,3.000000,1.000000,6.557634,0.782420,0.133662,0.978583,3.033102,0.478380,0.196436,5.374160,0.007544
Flooring__light_wood_tiles_1_height,Flooring,12,0,0,0,0,1,0,2.000000,1.500000,2.000000,6.278363,0.862036,0.210297,0.980364,3.204445,0.518345,0.200548,5.374160,0.005543
Flooring__light_wood_tiles_1_height,Flooring,12,0,0,0,0,1,0,2.000000,4.500000,0.500000,7.070903,0.692931,0.106450,0.981794,2.898961,0.346467,0.221037,5.875000,0.009859
Flooring__light_wood_tiles_1_height,Flooring,16,0,0,0,0,0,1,0.500000,0.500000,0.500000,8.659170,0.858645,0.230433,0.947817,2.375373,0.757730,0.143837,4.185994,0.006686
Flooring__light_wood_tiles_1_height,Flooring,16,0,0,0,0,0,1,0.500000,3.000000,2.000000,0.997557,0.898169,0.244175,0.983190,0.995725,0.815666,0.085616,2.988285,0.002432
Flooring__light_wood_tiles_1_height,Flooring,16,0,0,0,0,0,1,0.500000,4.500000,2.000000,0.784573,0.883003,0.230786,0.986449,0.846089,0.802432,0.084699,2.988285,0.002506
Flooring__light_wood_tiles_1_height,Flooring,16,0,0,0,0,0,1,0.500000,0.500000,2.000000,1.479879,0.931743,0.349815,0.972557,0.861364,0.855529,0.080973,2.461292,0.002182
Flooring__light_wood_tiles_1_height,Flooring,16,0,0,0,0,0,1,1.000000,1.500000,0.500000,13.906548,0.792659,0.119145,0.959948,3.911025,0.564085,0.209012,5.554229,0.009628
Flooring__light_wood_tiles_1_height,Flooring,16,0,0,0,0,0,1,1.000000,4.500000,2.000000,1.846259,0.841104,0.181532,0.987369,1.610695,0.657103,0.135755,4.249389,0.004015
Flooring__light_wood_tiles_1_height,Flooring,16,0,0,0,0,0,1,1.500000,0.500000,1.500000,9.705584,0.874882,0.207732,0.967781,3.048797,0.578305,0.194935,5.000000,0.006319
Flooring__light_wood_tiles_1_height,Flooring,16,0,0,0,0,0,1,1.500000,1.500000,2.000000,5.179608,0.871906,0.190851,0.979952,2.686018,0.597905,0.180064,5.217098,0.004930
Flooring__light_wood_tiles_1_height,Flooring,16,0,0,0,0,0,1,1.500000,3.000000,1.000000,6.508645,0.778381,0.123723,0.978862,3.045392,0.478523,0.196937,5.480949,0.007543
Flooring__light_wood_tiles_1_height,Flooring,16,0,0,0,0,0,1,2.000000,1.500000,2.000000,6.331635,0.858588,0.165192,0.980475,3.237860,0.517131,0.202171,5.554229,0.005575
Flooring__light_wood_tiles_1_height,Flooring,16,0,0,0,0,0,1,2.000000,4.500000,0.500000,7.165053,0.690522,0.103207,0.981805,2.911775,0.347299,0.222622,5.875000,0.009938
Flooring__oak_small_regular_floor_34_71_height,Flooring,4,1,0,0,0,0,0,0.500000,0.500000,0.500000,0.133192,0.968913,0.907859,0.733645,0.092883,0.964249,0.007834,0.576938,0.000674
Flooring__oak_small_regular_floor_34_71_height,Flooring,4,1,0,0,0,0,0,0.500000,3.000000,2.000000,0.071968,0.968618,0.537363,0.957674,0.096068,0.829035,0.013918,0.805082,0.000506
Flooring__oak_small_regular_floor_34_71_height,Flooring,4,1,0,0,0,0,0,0.500000,4.500000,2.000000,0.062691,0.970934,0.563738,0.958821,0.085213,0.799049,0.013463,0.918564,0.000504
Flooring__oak_small_regular_floor_34_71_height,Flooring,4,1,0,0,0,0,0,0.500000,0.500000,2.000000,0.052565,0.978566,0.607299,0.960620,0.049064,0.993688,0.010617,0.347266,0.000222
Flooring__oak_small_regular_floor_34_71_height,Flooring,4,1,0,0,0,0,0,1.000000,1.500000,0.500000,1.646546,0.782643,0.240412,0.872303,0.750625,0.638730,0.041135,2.138541,0.005455
Flooring__oak_small_regular_floor_34_71_height,Flooring,4,1,0,0,0,0,0,1.000000,4.500000,2.000000,0.070325,0.968781,0.514659,0.958341,0.078392,0.614742,0.013149,0.805082,0.000513
Flooring__oak_small_regular_floor_34_71_height,Flooring,4,1,0,0,0,0,0,1.500000,0.500000,1.500000,0.154636,0.966964,0.783371,0.902047,0.110712,0.928827,0.013037,0.805082,0.000695
Flooring__oak_small_regular_floor_34_71_height,Flooring,4,1,0,0,0,0,0,1.500000,1.500000,2.000000,0.175355,0.952179,0.436505,0.953767,0.268856,0.690850,0.022525,1.479786,0.000931
Flooring__oak_small_regular_floor_34_71_height,Flooring,4,1,0,0,0,0,0,1.500000,3.000000,1.000000,0.381113,0.896526,0.350456,0.931138,0.354312,0.545168,0.025848,1.701238,0.001952
Flooring__oak_small_regular_floor_34_71_height,Flooring,4,1,0,0,0,0,0,2.000000,1.500000,2.000000,0.150879,0.956146,0.468432,0.955184,0.281592,0.580040,0.020308,1.590737,0.000844
Flooring__oak_small_regular_floor_34_71_height,Flooring,4,1,0,0,0,0,0,2.000000,4.500000,0.500000,0.570496,0.824497,0.278961,0.922477,0.278060,0.399550,0.029766,1.590737,0.003135
Flooring__oak_small_regular_floor_34_71_height,Flooring,6,0,1,0,0,0,0,0.500000,0.500000,0.500000,0.225722,0.919459,0.531752,0.857280,0.180395,0.956085,0.015718,0.918564,0.001809
Flooring__oak_small_regular_floor_34_71_height,Flooring,6,0,1,0,0,0,0,0.500000,3.000000,2.000000,0.065668,0.970748,0.553737,0.953016,0.082671,0.810322,0.012259,0.691205,0.000483
Flooring__oak_small_regular_floor_34_71_height,Flooring,6,0,1,0,0,0,0,0.500000,4.500000,2.000000,0.057625,0.973032,0.593392,0.954897,0.083452,0.782857,0.012149,0.805082,0.000481
Flooring__oak_small_regular_floor_34_71_height,Flooring,6,0,1,0,0,0,0,0.500000,0.500000,2.000000,0.007569,0.996406,0.977707,0.798377,0.025881,0.980529,0.001690,0.231872,0.000052
Flooring__oak_small_regular_floor_34_71_height,Flooring,6,0,1,0,0,0,0,1.000000,1.500000,0.500000,1.529396,0.785235,0.237469,0.883277,0.799997,0.663566,0.041477,2.567818,0.005217
Flooring__oak_small_regular_floor_34_71_height,Flooring,6,0,1,0,0,0,0,1.000000,4.500000,2.000000,0.072714,0.967873,0.533238,0.962025,0.114548,0.635293,0.014741,1.031644,0.000552
Flooring__oak_small_regular_floor_34_71_height,Flooring,6,0,1,0,0,0,0,1.500000,0.500000,1.500000,0.122413,0.959746,0.513898,0.937415,0.145546,0.904490,0.016288,1.031644,0.000739
Flooring__oak_small_regular_floor_34_71_height,Flooring,6,0,1,0,0,0,0,1.500000,1.500000,2.000000,0.112802,0.961964,0.523962,0.955016,0.218700,0.662903,0.018951,1.337143,0.000759
Flooring__oak_small_regular_floor_34_71_height,Flooring,6,0,1,0,0,0,0,1.500000,3.000000,1.000000,0.328384,0.902192,0.359244,0.933501,0.281271,0.538551,0.024056,1.479786,0.001780
Flooring__oak_small_regular_floor_34_71_height,Flooring,6,0,1,0,0,0,0,2.000000,1.500000,2.000000,0.184374,0.954149,0.446576,0.954401,0.346130,0.581769,0.021967,1.701238,0.000904
Flooring__oak_small_regular_floor_34_71_height,Flooring,6,0,1,0,0,0,0,2.000000,4.500000,0.500000,0.632976,0.814729,0.268441,0.923710,0.333864,0.387692,0.031669,1.701238,0.003373
Flooring__oak_small_regular_floor_34_71_height,Flooring,8,0,0,1,0,0,0,0.500000,0.500000,0.500000,0.883054,0.856050,0.340708,0.870173,0.334010,0.932040,0.028285,1.256566,0.003098
Flooring__oak_small_regular_floor_34_71_height,Flooring,8,0,0,1,0,0,0,0.500000,3.000000,2.000000,0.056386,0.973628,0.592936,0.948039,0.076794,0.794922,0.010756,0.691205,0.000429
Flooring__oak_small_regular_floor_34_71_height,Flooring,8,0,0,1,0,0,0,0.500000,4.500000,2.000000,0.047600,0.977084,0.608646,0.951705,0.054287,0.771852,0.009961,0.576938,0.000398
Flooring__oak_small_regular_floor_34_71_height,Flooring,8,0,0,1,0,0,0,0.500000,0.500000,2.000000,0.034267,0.983367,0.701842,0.931812,0.027563,0.977009,0.006257,0.347266,0.000235
Flooring__oak_small_regular_floor_34_71_height,Flooring,8,0,0,1,0,0,0,1.000000,1.500000,0.500000,1.228229,0.798685,0.253294,0.886753,0.644207,0.643436,0.037829,2.246641,0.004681
Flooring__oak_small_regular_floor_34_71_height,Flooring,8,0,0,1,0,0,0,1.000000,4.500000,2.000000,0.076123,0.966131,0.562591,0.951778,0.110395,0.616827,0.013767,0.805082,0.000545
Flooring__oak_small_regular_floor_34_71_height,Flooring,8,0,0,1,0,0,0,1.500000,0.500000,1.500000,0.125910,0.957555,0.480198,0.944223,0.154904,0.903683,0.015192,0.918564,0.000734
Flooring__oak_small_regular_floor_34_71_height,Flooring,8,0,0,1,0,0,0,1.500000,1.500000,2.000000,0.134289,0.961502,0.499020,0.959325,0.267950,0.654491,0.020960,1.479786,0.000794
Flooring__oak_small_regular_floor_34_71_height,Flooring,8,0,0,1,0,0,0,1.500000,3.000000,1.000000,0.350386,0.900489,0.368342,0.928618,0.319286,0.525461,0.024196,1.590737,0.001842
Flooring__oak_small_regular_floor_34_71_height,Flooring,8,0,0,1,0,0,0,2.000000,1.500000,2.000000,0.180505,0.954283,0.427177,0.957431,0.299595,0.614861,0.023393,1.669988,0.000919
Flooring__oak_small_regular_floor_34_71_height,Flooring,8,0,0,1,0,0,0,2.000000,4.500000,0.500000,0.737326,0.800585,0.250488,0.926880,0.386882,0.413414,0.035022,2.029940,0.003676
Flooring__oak_small_regular_floor_34_71_height,Flooring,10,0,0,0,1,0,0,0.500000,0.500000,0.500000,0.626244,0.870018,0.367794,0.872015,0.273227,0.935322,0.024129,1.144314,0.002759
Flooring__oak_small_regular_floor_34_71_height,Flooring,10,0,0,0,1,0,0,0.500000,3.000000,2.000000,0.055977,0.974170,0.576965,0.953299,0.076044,0.799316,0.010822,0.691205,0.000437
Flooring__oak_small_regular_floor_34_71_height,Flooring,10,0,0,0,1,0,0,0.500000,4.500000,2.000000,0.053591,0.974163,0.580778,0.952284,0.055380,0.775690,0.010150,0.576938,0.000395
Flooring__oak_small_regular_floor_34_71_height,Flooring,10,0,0,0,1,0,0,0.500000,0.500000,2.000000,0.012482,0.993759,0.918211,0.917855,0.022501,0.975927,0.003540,0.347266,0.000115
Flooring__oak_small_regular_floor_34_71_height,Flooring,10,0,0,0,1,0,0,1.000000,1.500000,0.500000,1.213062,0.800089,0.259055,0.878573,0.649959,0.642691,0.036353,2.138541,0.004673
Flooring__oak_small_regular_floor_34_71_height,Flooring,10,0,0,0,1,0,0,1.000000,4.500000,2.000000,0.064927,0.970745,0.503571,0.966349,0.100251,0.618605,0.015246,0.805082,0.000505
Flooring__oak_small_regular_floor_34_71_height,Flooring,10,0,0,0,1,0,0,1.500000,0.500000,1.500000,0.111323,0.963048,0.545811,0.936738,0.152438,0.911388,0.014631,1.031644,0.000679
Flooring__oak_small_regular_floor_34_71_height,Flooring,10,0,0,0,1,0,0,1.500000,1.500000,2.000000,0.141908,0.957709,0.481185,0.951459,0.250169,0.680465,0.019402,1.337143,0.000781
Flooring__oak_small_regular_floor_34_71_height,Flooring,10,0,0,0,1,0,0,1.500000,3.000000,1.000000,0.340334,0.900852,0.359974,0.932227,0.297095,0.552666,0.024516,1.590737,0.001826
Flooring__oak_small_regular_floor_34_71_height,Flooring,10,0,0,0,1,0,0,2.000000,1.500000,2.000000,0.169866,0.953616,0.440690,0.961269,0.316067,0.595053,0.022726,1.701238,0.000859
Flooring__oak_small_regular_floor_34_71_height,Flooring,10,0,0,0,1,0,0,2.000000,4.500000,0.500000,0.593030,0.822196,0.277830,0.923491,0.301735,0.407701,0.030773,1.701238,0.003243
Flooring__oak_small_regular_floor_34_71_height,Flooring,12,0,0,0,0,1,0,0.500000,0.500000,0.500000,0.944953,0.841251,0.343755,0.835461,0.310527,0.896777,0.026166,1.479786,0.003680
Flooring__oak_small_regular_floor_34_71_height,Flooring,12,0,0,0,0,1,0,0.500000,3.000000,2.000000,0.056288,0.973421,0.605554,0.941496,0.074470,0.779332,0.010695,0.691205,0.000451
Flooring__oak_small_regular_floor_34_71_height,Flooring,12,0,0,0,0,1,0,0.500000,4.500000,2.000000,0.048807,0.976410,0.644862,0.943647,0.054368,0.757452,0.009769,0.691205,0.000398
Flooring__oak_small_regular_floor_34_71_height,Flooring,12,0,0,0,0,1,0,0.500000,0.500000,2.000000,0.024726,0.987713,0.821050,0.924894,0.036208,0.961829,0.006236,0.462290,0.000226
Flooring__oak_small_regular_floor_34_71_height,Flooring,12,0,0,0,0,1,0,1.000000,1.500000,0.500000,1.291596,0.795914,0.252690,0.884467,0.687297,0.646433,0.038479,2.246641,0.004832
Flooring__oak_small_regular_floor_34_71_height,Flooring,12,0,0,0,0,1,0,1.000000,4.500000,2.000000,0.070075,0.968788,0.581744,0.958694,0.112781,0.621860,0.013592,0.918564,0.000527
Flooring__oak_small_regular_floor_34_71_height,Flooring,12,0,0,0,0,1,0,1.500000,0.500000,1.500000,0.108873,0.962418,0.525272,0.940077,0.153099,0.899562,0.014879,0.918564,0.000733
Flooring__oak_small_regular_floor_34_71_height,Flooring,12,0,0,0,0,1,0,1.500000,1.500000,2.000000,0.141325,0.956432,0.467939,0.959458,0.250325,0.646947,0.021266,1.479786,0.000879
Flooring__oak_small_regular_floor_34_71_height,Flooring,12,0,0,0,0,1,0,1.500000,3.000000,1.000000,0.341336,0.901571,0.361638,0.929813,0.288955,0.521337,0.024196,1.479786,0.001807
Flooring__oak_small_regular_floor_34_71_height,Flooring,12,0,0,0,0,1,0,2.000000,1.500000,2.000000,0.182395,0.955862,0.440534,0.960030,0.336707,0.583836,0.023625,1.701238,0.000868
Flooring__oak_small_regular_floor_34_71_height,Flooring,12,0,0,0,0,1,0,2.000000,4.500000,0.500000,0.685398,0.808527,0.262422,0.924009,0.341376,0.380852,0.033319,1.920849,0.003529
Flooring__oak_small_regular_floor_34_71_height,Flooring,16,0,0,0,0,0,1,0.500000,0.500000,0.500000,0.547379,0.866467,0.388446,0.839090,0.248064,0.912517,0.020007,1.144314,0.002768
Flooring__oak_small_regular_floor_34_71_height,Flooring,16,0,0,0,0,0,1,0.500000,3.000000,2.000000,0.060771,0.972498,0.578826,0.947440,0.073447,0.791674,0.010723,0.576938,0.000455
Flooring__oak_small_regular_floor_34_71_height,Flooring,16,0,0,0,0,0,1,0.500000,4.500000,2.000000,0.045206,0.978249,0.658777,0.947282,0.066756,0.769439,0.010274,0.691205,0.000408
Flooring__oak_small_regular_floor_34_71_height,Flooring,16,0,0,0,0,0,1,0.500000,0.500000,2.000000,0.024732,0.987771,0.690200,0.950653,0.028069,0.965684,0.005923,0.462290,0.000202
Flooring__oak_small_regular_floor_34_71_height,Flooring,16,0,0,0,0,0,1,1.000000,1.500000,0.500000,1.349695,0.792593,0.249988,0.881060,0.687171,0.645523,0.038609,2.246641,0.004946
Flooring__oak_small_regular_floor_34_71_height,Flooring,16,0,0,0,0,0,1,1.000000,4.500000,2.000000,0.068475,0.969257,0.507044,0.962772,0.096082,0.620590,0.014788,0.918564,0.000541
Flooring__oak_small_regular_floor_34_71_height,Flooring,16,0,0,0,0,0,1,1.500000,0.500000,1.500000,0.118048,0.959309,0.495608,0.944063,0.167059,0.903801,0.015194,1.031644,0.000721
Flooring__oak_small_regular_floor_34_71_height,Flooring,16,0,0,0,0,0,1,1.500000,1.500000,2.000000,0.134154,0.961593,0.538858,0.959108,0.262563,0.653026,0.020972,1.479786,0.000815
Flooring__oak_small_regular_floor_34_71_height,Flooring,16,0,0,0,0,0,1,1.500000,3.000000,1.000000,0.367492,0.897702,0.356703,0.931687,0.331199,0.521343,0.025114,1.590737,0.001894
Flooring__oak_small_regular_floor_34_71_height,Flooring,16,0,0,0,0,0,1,2.000000,1.500000,2.000000,0.174508,0.955972,0.457299,0.958183,0.316899,0.587735,0.022568,1.701238,0.000872
Flooring__oak_small_regular_floor_34_71_height,Flooring,16,0,0,0,0,0,1,2.000000,4.500000,0.500000,0.659444,0.812415,0.268558,0.922331,0.337475,0.391506,0.032359,1.811278,0.003463
Flooring__old_wood_tiles_5_height,Flooring,4,1,0,0,0,0,0,0.500000,0.500000,0.500000,19.341328,0.806023,0.413326,0.891993,1.317287,0.798980,0.149589,3.163673,0.012306
Flooring__old_wood_tiles_5_height,Flooring,4,1,0,0,0,0,0,0.500000,3.000000,2.000000,0.680174,0.895486,0.244048,0.981122,0.668546,0.891838,0.066350,2.354228,0.002206
Flooring__old_wood_tiles_5_height,Flooring,4,1,0,0,0,0,0,0.500000,4.500000,2.000000,0.640192,0.886722,0.237129,0.982954,0.570003,0.843461,0.068202,2.354228,0.002325
Flooring__old_wood_tiles_5_height,Flooring,4,1,0,0,0,0,0,0.500000,0.500000,2.000000,0.038881,0.996745,0.959647,0.970354,0.099699,0.997968,0.011695,0.576938,0.000082
Flooring__old_wood_tiles_5_height,Flooring,4,1,0,0,0,0,0,1.000000,1.500000,0.500000,14.289798,0.650501,0.149621,0.924850,3.979729,0.582858,0.154762,5.894455,0.014308
Flooring__old_wood_tiles_5_height,Flooring,4,1,0,0,0,0,0,1.000000,4.500000,2.000000,1.209986,0.854539,0.212077,0.980490,1.117766,0.671909,0.089231,3.500000,0.003355
Flooring__old_wood_tiles_5_height,Flooring,4,1,0,0,0,0,0,1.500000,0.500000,1.500000,8.312825,0.916058,0.492490,0.943941,1.176262,0.730637,0.135259,3.091917,0.005200
Flooring__old_wood_tiles_5_height,Flooring,4,1,0,0,0,0,0,1.500000,1.500000,2.000000,3.167252,0.876746,0.410736,0.968022,1.759954,0.707354,0.111476,3.600311,0.004295
Flooring__old_wood_tiles_5_height,Flooring,4,1,0,0,0,0,0,1.500000,3.000000,1.000000,5.939924,0.741499,0.130757,0.961260,2.804949,0.512125,0.138951,5.135891,0.008196
Flooring__old_wood_tiles_5_height,Flooring,4,1,0,0,0,0,0,2.000000,1.500000,2.000000,3.279235,0.877985,0.314262,0.968532,2.078718,0.658902,0.114745,4.090446,0.004272
Flooring__old_wood_tiles_5_height,Flooring,4,1,0,0,0,0,0,2.000000,4.500000,0.500000,8.799870,0.592786,0.092150,0.955741,2.934835,0.310020,0.158559,5.818599,0.012811
Flooring__old_wood_tiles_5_height,Flooring,6,0,1,0,0,0,0,0.500000,0.500000,0.500000,8.809032,0.814817,0.425297,0.892694,1.700344,0.803070,0.100887,4.249389,0.008728
Flooring__old_wood_tiles_5_height,Flooring,6,0,1,0,0,0,0,0.500000,3.000000,2.000000,0.688955,0.887915,0.259858,0.979074,0.626370,0.842401,0.064146,2.246641,0.002364
Flooring__old_wood_tiles_5_height,Flooring,6,0,1,0,0,0,0,0.500000,4.500000,2.000000,0.522857,0.892879,0.261200,0.980506,0.527238,0.812118,0.057973,2.354228,0.002118
Flooring__old_wood_tiles_5_height,Flooring,6,0,1,0,0,0,0,0.500000,0.500000,2.000000,1.804952,0.949168,0.568544,0.971867,0.347535,0.933911,0.086003,1.256566,0.001968
Flooring__old_wood_tiles_5_height,Flooring,6,0,1,0,0,0,0,1.000000,1.500000,0.500000,13.597665,0.625016,0.101249,0.927739,4.071586,0.578240,0.154003,5.925705,0.014526
Flooring__old_wood_tiles_5_height,Flooring,6,0,1,0,0,0,0,1.000000,4.500000,2.000000,1.001723,0.867361,0.206909,0.980200,1.016331,0.682374,0.080756,3.297285,0.002986
Flooring__old_wood_tiles_5_height,Flooring,6,0,1,0,0,0,0,1.500000,0.500000,1.500000,5.913949,0.887859,0.358037,0.954756,1.656594,0.727756,0.127878,3.798727,0.005459
Flooring__old_wood_tiles_5_height,Flooring,6,0,1,0,0,0,0,1.500000,1.500000,2.000000,2.346546,0.868708,0.205213,0.974415,1.771270,0.711279,0.108384,3.668645,0.003930
Flooring__old_wood_tiles_5_height,Flooring,6,0,1,0,0,0,0,1.500000,3.000000,1.000000,5.744001,0.741956,0.128576,0.961139,2.845304,0.503923,0.136190,5.296570,0.008125
Flooring__old_wood_tiles_5_height,Flooring,6,0,1,0,0,0,0,2.000000,1.500000,2.000000,3.066401,0.858859,0.208240,0.973828,2.228222,0.646399,0.121576,4.280639,0.004513
Flooring__old_wood_tiles_5_height,Flooring,6,0,1,0,0,0,0,2.000000,4.500000,0.500000,7.927021,0.603492,0.098851,0.955407,2.845545,0.315892,0.149745,5.757660,0.012116
Flooring__old_wood_tiles_5_height,Flooring,8,0,0,1,0,0,0,0.500000,0.500000,0.500000,7.152242,0.781788,0.261516,0.909666,2.002928,0.805779,0.098727,4.311845,0.008622
Flooring__old_wood_tiles_5_height,Flooring,8,0,0,1,0,0,0,0.500000,3.000000,2.000000,0.522291,0.904133,0.304184,0.974822,0.541600,0.845001,0.050337,2.029940,0.001917
Flooring__old_wood_tiles_5_height,Flooring,8,0,0,1,0,0,0,0.500000,4.500000,2.000000,0.442773,0.901768,0.282325,0.978501,0.456782,0.814265,0.050142,2.029940,0.001883
Flooring__old_wood_tiles_5_height,Flooring,8,0,0,1,0,0,0,0.500000,0.500000,2.000000,1.243284,0.945685,0.568784,0.963086,0.302942,0.917115,0.064961,1.144314,0.001928
Flooring__old_wood_tiles_5_height,Flooring,8,0,0,1,0,0,0,1.000000,1.500000,0.500000,13.087981,0.624424,0.095705,0.928631,3.982079,0.577627,0.152201,5.787349,0.014316
Flooring__old_wood_tiles_5_height,Flooring,8,0,0,1,0,0,0,1.000000,4.500000,2.000000,1.011747,0.864045,0.203700,0.981355,1.005566,0.679076,0.082931,3.297285,0.003025
Flooring__old_wood_tiles_5_height,Flooring,8,0,0,1,0,0,0,1.500000,0.500000,1.500000,4.635285,0.875198,0.296991,0.959513,1.898815,0.722473,0.120508,3.994032,0.005185
Flooring__old_wood_tiles_5_height,Flooring,8,0,0,1,0,0,0,1.500000,1.500000,2.000000,2.121214,0.868668,0.210986,0.975085,1.787974,0.707448,0.103838,3.699895,0.003774
Flooring__old_wood_tiles_5_height,Flooring,8,0,0,1,0,0,0,1.500000,3.000000,1.000000,5.668286,0.742868,0.131512,0.961828,2.773948,0.503326,0.136663,5.084323,0.008065
Flooring__old_wood_tiles_5_height,Flooring,8,0,0,1,0,0,0,2.000000,1.500000,2.000000,2.661319,0.864406,0.180481,0.975118,2.149715,0.641160,0.116821,4.280639,0.004202
Flooring__old_wood_tiles_5_height,Flooring,8,0,0,1,0,0,0,2.000000,4.500000,0.500000,7.583249,0.606366,0.099939,0.955844,2.741879,0.315920,0.147203,5.692946,0.011898
Flooring__old_wood_tiles_5_height,Flooring,10,0,0,0,1,0,0,0.500000,0.500000,0.500000,6.469519,0.761533,0.212121,0.915243,2.059886,0.803058,0.096751,4.558771,0.008684
Flooring__old_wood_tiles_5_height,Flooring,10,0,0,0,1,0,0,0.500000,3.000000,2.000000,0.476560,0.909456,0.317040,0.976432,0.565215,0.848613,0.049624,2.138541,0.001815
Flooring__old_wood_tiles_5_height,Flooring,10,0,0,0,1,0,0,0.500000,4.500000,2.000000,0.434987,0.905197,0.276337,0.979727,0.486775,0.816248,0.051038,2.138541,0.001826
Flooring__old_wood_tiles_5_height,Flooring,10,0,0,0,1,0,0,0.500000,0.500000,2.000000,0.796589,0.949796,0.639203,0.953608,0.266978,0.920818,0.046734,1.144314,0.001568
Flooring__old_wood_tiles_5_height,Flooring,10,0,0,0,1,0,0,1.000000,1.500000,0.500000,12.980798,0.622541,0.096009,0.929431,3.999045,0.577222,0.152216,5.818599,0.014265
Flooring__old_wood_tiles_5_height,Flooring,10,0,0,0,1,0,0,1.000000,4.500000,2.000000,0.987973,0.867446,0.209606,0.981087,1.002265,0.678346,0.082203,3.297285,0.002977
Flooring__old_wood_tiles_5_height,Flooring,10,0,0,0,1,0,0,1.500000,0.500000,1.500000,3.878046,0.868591,0.242019,0.964822,1.903488,0.724588,0.117912,3.962782,0.004901
Flooring__old_wood_tiles_5_height,Flooring,10,0,0,0,1,0,0,1.500000,1.500000,2.000000,1.865170,0.871104,0.203593,0.976315,1.689692,0.708860,0.099813,3.699895,0.003545
Flooring__old_wood_tiles_5_height,Flooring,10,0,0,0,1,0,0,1.500000,3.000000,1.000000,5.465987,0.743227,0.130310,0.962732,2.724235,0.503069,0.135607,5.084323,0.007951
Flooring__old_wood_tiles_5_height,Flooring,10,0,0,0,1,0,0,2.000000,1.500000,2.000000,2.729036,0.860322,0.198428,0.976132,2.198755,0.638757,0.119878,4.280639,0.004281
Flooring__old_wood_tiles_5_height,Flooring,10,0,0,0,1,0,0,2.000000,4.500000,0.500000,7.599129,0.606170,0.100445,0.955881,2.714653,0.316986,0.147417,5.625000,0.011885
Flooring__old_wood_tiles_5_height,Flooring,12,0,0,0,0,1,0,0.500000,0.500000,0.500000,6.130932,0.757921,0.229723,0.916242,2.206588,0.802129,0.095177,4.575102,0.008591
Flooring__old_wood_tiles_5_height,Flooring,12,0,0,0,0,1,0,0.500000,3.000000,2.000000,0.496518,0.906411,0.264363,0.977593,0.522685,0.845659,0.052504,2.029940,0.001877
Flooring__old_wood_tiles_5_height,Flooring,12,0,0,0,0,1,0,0.500000,4.500000,2.000000,0.429329,0.904124,0.259540,0.980589,0.461224,0.814870,0.052470,2.138541,0.001843
Flooring__old_wood_tiles_5_height,Flooring,12,0,0,0,0,1,0,0.500000,0.500000,2.000000,0.631213,0.944147,0.534532,0.964641,0.349111,0.922864,0.045490,1.368393,0.001444
Flooring__old_wood_tiles_5_height,Flooring,12,0,0,0,0,1,0,1.000000,1.500000,0.500000,12.618499,0.625555,0.094847,0.929925,3.896011,0.575896,0.150632,5.692946,0.014029
Flooring__old_wood_tiles_5_height,Flooring,12,0,0,0,0,1,0,1.000000,4.500000,2.000000,0.960822,0.867561,0.209020,0.981405,1.006528,0.676474,0.081556,3.194923,0.002933
Flooring__old_wood_tiles_5_height,Flooring,12,0,0,0,0,1,0,1.500000,0.500000,1.500000,4.048618,0.868030,0.249176,0.963258,2.008660,0.723487,0.118431,3.994032,0.005039
Flooring__old_wood_tiles_5_height,Flooring,12,0,0,0,0,1,0,1.500000,1.500000,2.000000,1.898597,0.872983,0.213218,0.975665,1.660590,0.710014,0.099818,3.699895,0.003555
Flooring__old_wood_tiles_5_height,Flooring,12,0,0,0,0,1,0,1.500000,3.000000,1.000000,5.530622,0.741744,0.129666,0.962194,2.736863,0.503021,0.135682,5.053073,0.008003
Flooring__old_wood_tiles_5_height,Flooring,12,0,0,0,0,1,0,2.000000,1.500000,2.000000,2.744451,0.856950,0.180047,0.975797,2.185880,0.636327,0.119999,4.374345,0.004354
Flooring__old_wood_tiles_5_height,Flooring,12,0,0,0,0,1,0,2.000000,4.500000,0.500000,7.641256,0.606721,0.100161,0.955928,2.732350,0.316628,0.147815,5.625000,0.011901
Flooring__old_wood_tiles_5_height,Flooring,16,0,0,0,0,0,1,0.500000,0.500000,0.500000,5.720355,0.743014,0.180038,0.919594,2.282511,0.800876,0.094471,4.484476,0.008567
Flooring__old_wood_tiles_5_height,Flooring,16,0,0,0,0,0,1,0.500000,3.000000,2.000000,0.459007,0.908973,0.296873,0.976455,0.530288,0.846634,0.050039,2.138541,0.001832
Flooring__old_wood_tiles_5_height,Flooring,16,0,0,0,0,0,1,0.500000,4.500000,2.000000,0.416978,0.905580,0.269919,0.980124,0.474250,0.815030,0.051029,2.138541,0.001822
Flooring__old_wood_tiles_5_height,Flooring,16,0,0,0,0,0,1,0.500000,0.500000,2.000000,0.513938,0.935458,0.439398,0.966268,0.305685,0.920322,0.041581,1.144314,0.001444
Flooring__old_wood_tiles_5_height,Flooring,16,0,0,0,0,0,1,1.000000,1.500000,0.500000,12.555206,0.625044,0.094834,0.929998,3.877775,0.575927,0.150397,5.757660,0.014048
Flooring__old_wood_tiles_5_height,Flooring,16,0,0,0,0,0,1,1.000000,4.500000,2.000000,0.955062,0.867072,0.209426,0.981506,0.981342,0.676056,0.081723,3.194923,0.002941
Flooring__old_wood_tiles_5_height,Flooring,16,0,0,0,0,0,1,1.500000,0.500000,1.500000,4.031816,0.859193,0.208739,0.964267,2.074037,0.720196,0.119316,3.994032,0.005131
Flooring__old_wood_tiles_5_height,Flooring,16,0,0,0,0,0,1,1.500000,1.500000,2.000000,1.942805,0.869387,0.195618,0.975958,1.692343,0.707820,0.101579,3.699895,0.003660
Flooring__old_wood_tiles_5_height,Flooring,16,0,0,0,0,0,1,1.500000,3.000000,1.000000,5.554448,0.743373,0.131612,0.961942,2.747765,0.502256,0.135535,5.167141,0.007986
Flooring__old_wood_tiles_5_height,Flooring,16,0,0,0,0,0,1,2.000000,1.500000,2.000000,2.751882,0.856948,0.191512,0.975613,2.203979,0.638647,0.119235,4.435820,0.004367
Flooring__old_wood_tiles_5_height,Flooring,16,0,0,0,0,0,1,2.000000,4.500000,0.500000,7.629221,0.607534,0.101359,0.955798,2.733928,0.317564,0.147579,5.661696,0.011895
Flooring__poplar_beveled_floor_34_87_height,Flooring,4,1,0,0,0,0,0,0.500000,0.500000,0.500000,0.000000,1.000000,1.000000,1.000000,0.003282,1.000000,0.000000,0.116115,0.000000
Flooring__poplar_beveled_floor_34_87_height,Flooring,4,1,0,0,0,0,0,0.500000,3.000000,2.000000,0.000000,1.000000,1.000000,1.000000,0.003282,0.988235,0.000000,0.116115,0.000000
Flooring__poplar_beveled_floor_34_87_height,Flooring,4,1,0,0,0,0,0,0.500000,4.500000,2.000000,0.016333,0.991833,0.757676,0.960146,0.012639,0.951811,0.001776,0.116115,0.000034
Flooring__poplar_beveled_floor_34_87_height,Flooring,4,1,0,0,0,0,0,0.500000,0.500000,2.000000,0.000000,1.000000,1.000000,1.000000,0.003282,1.000000,0.000000,0.116115,0.000000
Flooring__poplar_beveled_floor_34_87_height,Flooring,4,1,0,0,0,0,0,1.000000,1.500000,0.500000,6.022672,0.805230,0.371558,0.931544,1.208296,0.924652,0.102938,2.461292,0.006823
Flooring__poplar_beveled_floor_34_87_height,Flooring,4,1,0,0,0,0,0,1.000000,4.500000,2.000000,0.054809,0.977173,0.582154,0.973998,0.099557,0.914241,0.014841,0.805082,0.000375
Flooring__poplar_beveled_floor_34_87_height,Flooring,4,1,0,0,0,0,0,1.500000,0.500000,1.500000,0.073884,0.989449,0.903213,0.960332,0.139088,0.996723,0.013791,0.691205,0.000190
Flooring__poplar_beveled_floor_34_87_height,Flooring,4,1,0,0,0,0,0,1.500000,1.500000,2.000000,0.148006,0.972725,0.567723,0.974718,0.243333,0.988306,0.025552,1.294098,0.000428
Flooring__poplar_beveled_floor_34_87_height,Flooring,4,1,0,0,0,0,0,1.500000,3.000000,1.000000,3.142738,0.782789,0.163484,0.962813,0.967186,0.811550,0.101956,2.461292,0.005918
Flooring__poplar_beveled_floor_34_87_height,Flooring,4,1,0,0,0,0,0,2.000000,1.500000,2.000000,0.920700,0.908607,0.294061,0.987720,0.927753,0.916145,0.095750,2.461292,0.002152
Flooring__poplar_beveled_floor_34_87_height,Flooring,4,1,0,0,0,0,0,2.000000,4.500000,0.500000,2.484029,0.790357,0.427109,0.939848,0.743916,0.669106,0.073734,2.673795,0.005598
Flooring__poplar_beveled_floor_34_87_height,Flooring,6,0,1,0,0,0,0,0.500000,0.500000,0.500000,0.044320,0.991467,0.960958,0.895398,0.102513,0.999053,0.006301,0.576938,0.000141
Flooring__poplar_beveled_floor_34_87_height,Flooring,6,0,1,0,0,0,0,0.500000,3.000000,2.000000,0.000000,1.000000,1.000000,1.000000,0.003282,0.988817,0.001394,0.116115,0.000035
Flooring__poplar_beveled_floor_34_87_height,Flooring,6,0,1,0,0,0,0,0.500000,4.500000,2.000000,0.013918,0.993041,0.879374,0.934480,0.012639,0.947328,0.003530,0.231872,0.000102
Flooring__poplar_beveled_floor_34_87_height,Flooring,6,0,1,0,0,0,0,0.500000,0.500000,2.000000,0.000000,1.000000,1.000000,1.000000,0.003282,1.000000,0.000000,0.116115,0.000000
Flooring__poplar_beveled_floor_34_87_height,Flooring,6,0,1,0,0,0,0,1.000000,1.500000,0.500000,4.458945,0.785679,0.365498,0.908832,0.529918,0.875706,0.076349,1.479786,0.006809
Flooring__poplar_beveled_floor_34_87_height,Flooring,6,0,1,0,0,0,0,1.000000,4.500000,2.000000,0.189306,0.938851,0.327849,0.981512,0.182697,0.880362,0.035290,1.256566,0.001103
Flooring__poplar_beveled_floor_34_87_height,Flooring,6,0,1,0,0,0,0,1.500000,0.500000,1.500000,1.515788,0.917600,0.415648,0.964195,0.464374,0.943598,0.070605,1.479786,0.002420
Flooring__poplar_beveled_floor_34_87_height,Flooring,6,0,1,0,0,0,0,1.500000,1.500000,2.000000,0.750439,0.902662,0.257254,0.979185,0.498352,0.908018,0.065771,1.479786,0.002123
Flooring__poplar_beveled_floor_34_87_height,Flooring,6,0,1,0,0,0,0,1.500000,3.000000,1.000000,1.185249,0.889381,0.543762,0.916396,0.539844,0.808146,0.041432,1.920849,0.002774
Flooring__poplar_beveled_floor_34_87_height,Flooring,6,0,1,0,0,0,0,2.000000,1.500000,2.000000,0.784225,0.903148,0.262253,0.977928,0.505074,0.894767,0.065194,1.479786,0.002161
Flooring__poplar_beveled_floor_34_87_height,Flooring,6,0,1,0,0,0,0,2.000000,4.500000,0.500000,2.427302,0.741075,0.168961,0.938337,0.805560,0.683559,0.071216,2.673795,0.006368
Flooring__poplar_beveled_floor_34_87_height,Flooring,8,0,0,1,0,0,0,0.500000,0.500000,0.500000,0.849680,0.945758,0.766584,0.918305,0.301619,0.986681,0.034789,1.144314,0.001515
Flooring__poplar_beveled_floor_34_87_height,Flooring,8,0,0,1,0,0,0,0.500000,3.000000,2.000000,0.009255,0.995373,0.883313,0.956043,0.012639,0.987106,0.004233,0.347266,0.000100
Flooring__poplar_beveled_floor_34_87_height,Flooring,8,0,0,1,0,0,0,0.500000,4.500000,2.000000,0.028296,0.986212,0.757038,0.953390,0.036411,0.942184,0.007644,0.462290,0.000227
Flooring__poplar_beveled_floor_34_87_height,Flooring,8,0,0,1,0,0,0,0.500000,0.500000,2.000000,0.000000,1.000000,1.000000,1.000000,0.003282,1.000000,0.000000,0.116115,0.000000
Flooring__poplar_beveled_floor_34_87_height,Flooring,8,0,0,1,0,0,0,1.000000,1.500000,0.500000,1.581489,0.883989,0.685558,0.851922,0.663843,0.870763,0.037395,2.029940,0.003473
Flooring__poplar_beveled_floor_34_87_height,Flooring,8,0,0,1,0,0,0,1.000000,4.500000,2.000000,0.224244,0.934509,0.375327,0.973097,0.193377,0.837308,0.030583,1.031644,0.001161
Flooring__poplar_beveled_floor_34_87_height,Flooring,8,0,0,1,0,0,0,1.500000,0.500000,1.500000,1.077793,0.930862,0.458338,0.963545,0.288727,0.926785,0.061119,1.144314,0.002079
Flooring__poplar_beveled_floor_34_87_height,Flooring,8,0,0,1,0,0,0,1.500000,1.500000,2.000000,0.385589,0.932528,0.427268,0.974745,0.268608,0.899042,0.044261,1.144314,0.001427
Flooring__poplar_beveled_floor_34_87_height,Flooring,8,0,0,1,0,0,0,1.500000,3.000000,1.000000,0.818454,0.883637,0.311941,0.944789,0.662893,0.824350,0.042159,2.029940,0.002546
Flooring__poplar_beveled_floor_34_87_height,Flooring,8,0,0,1,0,0,0,2.000000,1.500000,2.000000,0.248671,0.951642,0.507864,0.946234,0.390629,0.860108,0.023745,1.701238,0.000978
Flooring__poplar_beveled_floor_34_87_height,Flooring,8,0,0,1,0,0,0,2.000000,4.500000,0.500000,1.681945,0.779480,0.212563,0.931796,0.671154,0.679569,0.056450,2.567818,0.005143
Flooring__poplar_beveled_floor_34_87_height,Flooring,10,0,0,0,1,0,0,0.500000,0.500000,0.500000,1.822365,0.883047,0.470897,0.903634,0.194938,0.955311,0.047887,0.918564,0.003560
Flooring__poplar_beveled_floor_34_87_height,Flooring,10,0,0,0,1,0,0,0.500000,3.000000,2.000000,0.092487,0.961591,0.448744,0.975942,0.086325,0.964866,0.020748,0.805082,0.000622
Flooring__poplar_beveled_floor_34_87_height,Flooring,10,0,0,0,1,0,0,0.500000,4.500000,2.000000,0.086125,0.963537,0.443830,0.975702,0.091202,0.918967,0.021241,0.805082,0.000665
Flooring__poplar_beveled_floor_34_87_height,Flooring,10,0,0,0,1,0,0,0.500000,0.500000,2.000000,0.001727,0.999565,0.994403,0.957588,0.026487,0.999892,0.001446,0.231872,0.000005
Flooring__poplar_beveled_floor_34_87_height,Flooring,10,0,0,0,1,0,0,1.000000,1.500000,0.500000,2.266533,0.811498,0.286127,0.899807,0.590973,0.871598,0.053175,1.701238,0.005038
Flooring__poplar_beveled_floor_34_87_height,Flooring,10,0,0,0,1,0,0,1.000000,4.500000,2.000000,0.174920,0.943983,0.417335,0.969330,0.158033,0.852629,0.026364,1.031644,0.000997
Flooring__poplar_beveled_floor_34_87_height,Flooring,10,0,0,0,1,0,0,1.500000,0.500000,1.500000,0.676441,0.954011,0.729097,0.927729,0.206041,0.906954,0.035531,1.144314,0.001508
Flooring__poplar_beveled_floor_34_87_height,Flooring,10,0,0,0,1,0,0,1.500000,1.500000,2.000000,0.159691,0.959352,0.530693,0.945054,0.269239,0.890850,0.018525,1.448536,0.000761
Flooring__poplar_beveled_floor_34_87_height,Flooring,10,0,0,0,1,0,0,1.500000,3.000000,1.000000,0.774692,0.879389,0.312166,0.941174,0.499594,0.806253,0.040347,1.920849,0.002621
Flooring__poplar_beveled_floor_34_87_height,Flooring,10,0,0,0,1,0,0,2.000000,1.500000,2.000000,0.328061,0.931503,0.331593,0.976648,0.452577,0.864166,0.041042,1.701238,0.001350
Flooring__poplar_beveled_floor_34_87_height,Flooring,10,0,0,0,1,0,0,2.000000,4.500000,0.500000,1.545227,0.789389,0.210660,0.930232,0.607347,0.689625,0.053659,2.354228,0.004868
Flooring__poplar_beveled_floor_34_87_height,Flooring,12,0,0,0,0,1,0,0.500000,0.500000,0.500000,1.567037,0.890743,0.520407,0.887413,0.150100,0.945813,0.039957,0.691205,0.003275
Flooring__poplar_beveled_floor_34_87_height,Flooring,12,0,0,0,0,1,0,0.500000,3.000000,2.000000,0.113042,0.957410,0.398444,0.981178,0.113801,0.948599,0.026574,0.805082,0.000734
Flooring__poplar_beveled_floor_34_87_height,Flooring,12,0,0,0,0,1,0,0.500000,4.500000,2.000000,0.097052,0.961069,0.425496,0.978892,0.100144,0.905223,0.023190,0.691205,0.000680
Flooring__poplar_beveled_floor_34_87_height,Flooring,12,0,0,0,0,1,0,0.500000,0.500000,2.000000,0.018627,0.994856,0.851217,0.971014,0.036917,0.997755,0.008057,0.462290,0.000076
Flooring__poplar_beveled_floor_34_87_height,Flooring,12,0,0,0,0,1,0,1.000000,1.500000,0.500000,1.246793,0.862957,0.392103,0.903633,0.632002,0.884784,0.039115,1.920849,0.003259
Flooring__poplar_beveled_floor_34_87_height,Flooring,12,0,0,0,0,1,0,1.000000,4.500000,2.000000,0.065687,0.976028,0.701661,0.967270,0.102755,0.851703,0.015630,0.918564,0.000457
Flooring__poplar_beveled_floor_34_87_height,Flooring,12,0,0,0,0,1,0,1.500000,0.500000,1.500000,0.516469,0.953792,0.693465,0.934643,0.246398,0.922894,0.030886,1.144314,0.001293
Flooring__poplar_beveled_floor_34_87_height,Flooring,12,0,0,0,0,1,0,1.500000,1.500000,2.000000,0.118723,0.963497,0.579327,0.948896,0.234844,0.909029,0.016291,1.256566,0.000660
Flooring__poplar_beveled_floor_34_87_height,Flooring,12,0,0,0,0,1,0,1.500000,3.000000,1.000000,0.841991,0.869725,0.253292,0.950990,0.537556,0.821945,0.045797,1.920849,0.002845
Flooring__poplar_beveled_floor_34_87_height,Flooring,12,0,0,0,0,1,0,2.000000,1.500000,2.000000,0.402917,0.919049,0.290465,0.974603,0.521137,0.865139,0.043597,1.920849,0.001613
Flooring__poplar_beveled_floor_34_87_height,Flooring,12,0,0,0,0,1,0,2.000000,4.500000,0.500000,1.569200,0.793032,0.242102,0.923802,0.661967,0.686253,0.051436,2.354228,0.004806
Flooring__poplar_beveled_floor_34_87_height,Flooring,16,0,0,0,0,0,1,0.500000,0.500000,0.500000,0.719807,0.908058,0.619926,0.847516,0.168709,0.950037,0.024523,0.918564,0.002257
Flooring__poplar_beveled_floor_34_87_height,Flooring,16,0,0,0,0,0,1,0.500000,3.000000,2.000000,0.100603,0.963249,0.551916,0.960869,0.069042,0.941844,0.017176,0.691205,0.000660
Flooring__poplar_beveled_floor_34_87_height,Flooring,16,0,0,0,0,0,1,0.500000,4.500000,2.000000,0.086201,0.963866,0.492470,0.960082,0.076369,0.901285,0.014675,0.576938,0.000562
Flooring__poplar_beveled_floor_34_87_height,Flooring,16,0,0,0,0,0,1,0.500000,0.500000,2.000000,0.035357,0.983492,0.655596,0.960950,0.045521,0.995369,0.007770,0.462290,0.000173
Flooring__poplar_beveled_floor_34_87_height,Flooring,16,0,0,0,0,0,1,1.000000,1.500000,0.500000,1.658606,0.828177,0.250387,0.904197,0.621746,0.872082,0.046322,1.920849,0.004227
Flooring__poplar_beveled_floor_34_87_height,Flooring,16,0,0,0,0,0,1,1.000000,4.500000,2.000000,0.082950,0.964455,0.474423,0.966255,0.115424,0.851285,0.017362,0.918564,0.000585
Flooring__poplar_beveled_floor_34_87_height,Flooring,16,0,0,0,0,0,1,1.500000,0.500000,1.500000,0.538777,0.921487,0.428821,0.959398,0.299114,0.923347,0.040036,1.144314,0.001805
Flooring__poplar_beveled_floor_34_87_height,Flooring,16,0,0,0,0,0,1,1.500000,1.500000,2.000000,0.237978,0.935585,0.332822,0.971808,0.313456,0.899835,0.032131,1.448536,0.001202
Flooring__poplar_beveled_floor_34_87_height,Flooring,16,0,0,0,0,0,1,1.500000,3.000000,1.000000,0.967823,0.862528,0.254139,0.943456,0.593175,0.807311,0.045338,2.029940,0.003019
Flooring__poplar_beveled_floor_34_87_height,Flooring,16,0,0,0,0,0,1,2.000000,1.500000,2.000000,0.396994,0.918958,0.277612,0.976995,0.532469,0.878738,0.045495,1.920849,0.001583
Flooring__poplar_beveled_floor_34_87_height,Flooring,16,0,0,0,0,0,1,2.000000,4.500000,0.500000,2.051670,0.760130,0.186602,0.933556,0.739617,0.677026,0.062975,2.673795,0.005738
Flooring__teak_herringbone_floor_34_40_height,Flooring,4,1,0,0,0,0,0,0.500000,0.500000,0.500000,15.795572,0.798761,0.373760,0.898831,1.019992,0.883183,0.139510,2.246641,0.011335
Flooring__teak_herringbone_floor_34_40_height,Flooring,4,1,0,0,0,0,0,0.500000,3.000000,2.000000,0.139375,0.953427,0.417820,0.973778,0.171968,0.933826,0.026013,1.031644,0.000859
Flooring__teak_herringbone_floor_34_40_height,Flooring,4,1,0,0,0,0,0,0.500000,4.500000,2.000000,0.171952,0.945798,0.389770,0.972391,0.234132,0.875217,0.026927,1.368393,0.000968
Flooring__teak_herringbone_floor_34_40_height,Flooring,4,1,0,0,0,0,0,0.500000,0.500000,2.000000,0.000000,1.000000,1.000000,1.000000,0.003282,1.000000,0.000000,0.116115,0.000000
Flooring__teak_herringbone_floor_34_40_height,Flooring,4,1,0,0,0,0,0,1.000000,1.500000,0.500000,8.573878,0.709586,0.295055,0.886574,2.977024,0.660576,0.097557,4.558771,0.010982
Flooring__teak_herringbone_floor_34_40_height,Flooring,4,1,0,0,0,0,0,1.000000,4.500000,2.000000,0.449894,0.909508,0.275738,0.974005,0.514906,0.701663,0.047131,2.138541,0.001831
Flooring__teak_herringbone_floor_34_40_height,Flooring,4,1,0,0,0,0,0,1.500000,0.500000,1.500000,2.896996,0.920096,0.401619,0.968445,0.684081,0.934370,0.106164,1.920849,0.002887
Flooring__teak_herringbone_floor_34_40_height,Flooring,4,1,0,0,0,0,0,1.500000,1.500000,2.000000,1.906241,0.889555,0.235333,0.972269,1.070938,0.865086,0.092646,2.461292,0.003268
Flooring__teak_herringbone_floor_34_40_height,Flooring,4,1,0,0,0,0,0,1.500000,3.000000,1.000000,2.871779,0.767640,0.185637,0.949493,1.702765,0.607427,0.085205,3.896782,0.006204
Flooring__teak_herringbone_floor_34_40_height,Flooring,4,1,0,0,0,0,0,2.000000,1.500000,2.000000,1.788766,0.882606,0.242476,0.967380,1.236163,0.747521,0.082309,2.673795,0.003378
Flooring__teak_herringbone_floor_34_40_height,Flooring,4,1,0,0,0,0,0,2.000000,4.500000,0.500000,4.487360,0.630203,0.119965,0.940733,1.955680,0.385113,0.097803,4.649397,0.009701
Flooring__teak_herringbone_floor_34_40_height,Flooring,6,0,1,0,0,0,0,0.500000,0.500000,0.500000,8.629191,0.804852,0.481894,0.866201,1.000196,0.873056,0.088185,2.673795,0.009232
Flooring__teak_herringbone_floor_34_40_height,Flooring,6,0,1,0,0,0,0,0.500000,3.000000,2.000000,0.249869,0.935061,0.347297,0.972270,0.250461,0.911737,0.032920,1.256566,0.001202
Flooring__teak_herringbone_floor_34_40_height,Flooring,6,0,1,0,0,0,0,0.500000,4.500000,2.000000,0.174500,0.943738,0.383407,0.967452,0.227428,0.862894,0.026444,1.479786,0.001040
Flooring__teak_herringbone_floor_34_40_height,Flooring,6,0,1,0,0,0,0,0.500000,0.500000,2.000000,0.000000,1.000000,1.000000,1.000000,0.003282,1.000000,0.000000,0.116115,0.000000
Flooring__teak_herringbone_floor_34_40_height,Flooring,6,0,1,0,0,0,0,1.000000,1.500000,0.500000,10.223414,0.624198,0.110188,0.907716,2.899701,0.675187,0.118148,4.280639,0.013528
Flooring__teak_herringbone_floor_34_40_height,Flooring,6,0,1,0,0,0,0,1.000000,4.500000,2.000000,0.382300,0.916498,0.316136,0.968670,0.464191,0.736784,0.039071,1.920849,0.001627
Flooring__teak_herringbone_floor_34_40_height,Flooring,6,0,1,0,0,0,0,1.500000,0.500000,1.500000,3.150007,0.881805,0.322456,0.954939,0.998898,0.861899,0.093741,2.567818,0.004368
Flooring__teak_herringbone_floor_34_40_height,Flooring,6,0,1,0,0,0,0,1.500000,1.500000,2.000000,0.974265,0.896335,0.275325,0.963559,0.841954,0.809307,0.057367,2.246641,0.002547
Flooring__teak_herringbone_floor_34_40_height,Flooring,6,0,1,0,0,0,0,1.500000,3.000000,1.000000,2.394348,0.772113,0.178977,0.951052,1.543299,0.587098,0.078763,3.699895,0.005757
Flooring__teak_herringbone_floor_34_40_height,Flooring,6,0,1,0,0,0,0,2.000000,1.500000,2.000000,2.062153,0.876479,0.232587,0.968454,1.348955,0.757961,0.091322,2.988285,0.003738
Flooring__teak_herringbone_floor_34_40_height,Flooring,6,0,1,0,0,0,0,2.000000,4.500000,0.500000,4.504200,0.628185,0.120166,0.941659,1.753816,0.378984,0.098718,4.185994,0.009729
Flooring__teak_herringbone_floor_34_40_height,Flooring,8,0,0,1,0,0,0,0.500000,0.500000,0.500000,5.281762,0.793281,0.398572,0.877976,1.106225,0.859063,0.073268,2.536568,0.007996
Flooring__teak_herringbone_floor_34_40_height,Flooring,8,0,0,1,0,0,0,0.500000,3.000000,2.000000,0.243615,0.933062,0.351100,0.966345,0.236569,0.881636,0.029430,1.256566,0.001229
Flooring__teak_herringbone_floor_34_40_height,Flooring,8,0,0,1,0,0,0,0.500000,4.500000,2.000000,0.152988,0.945762,0.419184,0.963105,0.174573,0.841014,0.022228,1.144314,0.000938
Flooring__teak_herringbone_floor_34_40_height,Flooring,8,0,0,1,0,0,0,0.500000,0.500000,2.000000,0.252703,0.976022,0.765252,0.970056,0.151654,0.988149,0.030704,1.031644,0.000531
Flooring__teak_herringbone_floor_34_40_height,Flooring,8,0,0,1,0,0,0,1.000000,1.500000,0.500000,7.436568,0.644359,0.119172,0.914525,2.751626,0.674125,0.104849,4.558771,0.011576
Flooring__teak_herringbone_floor_34_40_height,Flooring,8,0,0,1,0,0,0,1.000000,4.500000,2.000000,0.269061,0.928293,0.355840,0.966649,0.340939,0.722258,0.031616,1.701238,0.001339
Flooring__teak_herringbone_floor_34_40_height,Flooring,8,0,0,1,0,0,0,1.500000,0.500000,1.500000,2.599992,0.871287,0.224211,0.963773,1.108868,0.873717,0.093763,2.673795,0.004157
Flooring__teak_herringbone_floor_34_40_height,Flooring,8,0,0,1,0,0,0,1.500000,1.500000,2.000000,1.228746,0.889153,0.237896,0.969081,0.982396,0.814263,0.070566,2.461292,0.002895
Flooring__teak_herringbone_floor_34_40_height,Flooring,8,0,0,1,0,0,0,1.500000,3.000000,1.000000,2.462633,0.770414,0.172466,0.950434,1.606303,0.584740,0.079320,3.798727,0.005811
Flooring__teak_herringbone_floor_34_40_height,Flooring,8,0,0,1,0,0,0,2.000000,1.500000,2.000000,1.544611,0.881697,0.233708,0.971732,1.097924,0.802196,0.082036,2.673795,0.003220
Flooring__teak_herringbone_floor_34_40_height,Flooring,8,0,0,1,0,0,0,2.000000,4.500000,0.500000,5.635350,0.604954,0.109630,0.941713,1.978821,0.375506,0.110648,4.467070,0.010972
Flooring__teak_herringbone_floor_34_40_height,Flooring,10,0,0,0,1,0,0,0.500000,0.500000,0.500000,5.166512,0.744649,0.218921,0.896829,1.337975,0.861527,0.078488,2.673795,0.008643
Flooring__teak_herringbone_floor_34_40_height,Flooring,10,0,0,0,1,0,0,0.500000,3.000000,2.000000,0.205527,0.939019,0.385973,0.967577,0.219374,0.889170,0.028313,1.368393,0.001160
Flooring__teak_herringbone_floor_34_40_height,Flooring,10,0,0,0,1,0,0,0.500000,4.500000,2.000000,0.156323,0.945850,0.443199,0.963591,0.201045,0.845074,0.022783,1.256566,0.000944
Flooring__teak_herringbone_floor_34_40_height,Flooring,10,0,0,0,1,0,0,0.500000,0.500000,2.000000,0.154206,0.978927,0.763872,0.969905,0.123891,0.990602,0.023909,0.805082,0.000419
Flooring__teak_herringbone_floor_34_40_height,Flooring,10,0,0,0,1,0,0,1.000000,1.500000,0.500000,7.607888,0.641655,0.113935,0.914824,2.721396,0.668622,0.106245,4.374345,0.011713
Flooring__teak_herringbone_floor_34_40_height,Flooring,10,0,0,0,1,0,0,1.000000,4.500000,2.000000,0.270409,0.930383,0.383126,0.965524,0.352499,0.718164,0.032130,1.811278,0.001345
Flooring__teak_herringbone_floor_34_40_height,Flooring,10,0,0,0,1,0,0,1.500000,0.500000,1.500000,1.907885,0.879741,0.248343,0.968439,0.995072,0.894269,0.085660,2.354228,0.003545
Flooring__teak_herringbone_floor_34_40_height,Flooring,10,0,0,0,1,0,0,1.500000,1.500000,2.000000,0.966343,0.895953,0.268115,0.969918,0.739810,0.842704,0.064342,2.138541,0.002544
Flooring__teak_herringbone_floor_34_40_height,Flooring,10,0,0,0,1,0,0,1.500000,3.000000,1.000000,2.761435,0.759904,0.166774,0.952809,1.633753,0.600561,0.086038,3.699895,0.006218
Flooring__teak_herringbone_floor_34_40_height,Flooring,10,0,0,0,1,0,0,2.000000,1.500000,2.000000,1.788685,0.875894,0.236175,0.968987,1.265685,0.765390,0.085602,2.884043,0.003542
Flooring__teak_herringbone_floor_34_40_height,Flooring,10,0,0,0,1,0,0,2.000000,4.500000,0.500000,4.720463,0.622424,0.118911,0.941233,1.813406,0.378964,0.100817,4.374345,0.009998
Flooring__teak_herringbone_floor_34_40_height,Flooring,12,0,0,0,0,1,0,0.500000,0.500000,0.500000,4.263754,0.766212,0.262756,0.900948,1.268441,0.850694,0.071646,2.673795,0.007641
Flooring__teak_herringbone_floor_34_40_height,Flooring,12,0,0,0,0,1,0,0.500000,3.000000,2.000000,0.169040,0.945183,0.423446,0.975224,0.242416,0.873991,0.028258,1.368393,0.000965
Flooring__teak_herringbone_floor_34_40_height,Flooring,12,0,0,0,0,1,0,0.500000,4.500000,2.000000,0.120746,0.954431,0.411653,0.973691,0.170530,0.834555,0.023598,1.256566,0.000833
Flooring__teak_herringbone_floor_34_40_height,Flooring,12,0,0,0,0,1,0,0.500000,0.500000,2.000000,0.329100,0.956293,0.472920,0.966053,0.146167,0.974277,0.033333,0.691205,0.000925
Flooring__teak_herringbone_floor_34_40_height,Flooring,12,0,0,0,0,1,0,1.000000,1.500000,0.500000,8.553030,0.630841,0.110260,0.908071,2.697630,0.655963,0.108410,4.280639,0.012433
Flooring__teak_herringbone_floor_34_40_height,Flooring,12,0,0,0,0,1,0,1.000000,4.500000,2.000000,0.330552,0.921395,0.340497,0.969309,0.397064,0.716790,0.036373,1.811278,0.001539
Flooring__teak_herringbone_floor_34_40_height,Flooring,12,0,0,0,0,1,0,1.500000,0.500000,1.500000,2.293189,0.877945,0.247919,0.969928,1.202691,0.890706,0.096681,2.673795,0.003789
Flooring__teak_herringbone_floor_34_40_height,Flooring,12,0,0,0,0,1,0,1.500000,1.500000,2.000000,1.408509,0.887949,0.240911,0.971707,0.967093,0.832114,0.078221,2.354228,0.002965
Flooring__teak_herringbone_floor_34_40_height,Flooring,12,0,0,0,0,1,0,1.500000,3.000000,1.000000,2.742653,0.764678,0.169526,0.948855,1.638951,0.586486,0.082390,3.798727,0.006119
Flooring__teak_herringbone_floor_34_40_height,Flooring,12,0,0,0,0,1,0,2.000000,1.500000,2.000000,1.528922,0.879917,0.222223,0.969705,1.181634,0.784379,0.080567,2.884043,0.003270
Flooring__teak_herringbone_floor_34_40_height,Flooring,12,0,0,0,0,1,0,2.000000,4.500000,0.500000,4.974045,0.615486,0.113240,0.941845,1.858146,0.388741,0.103768,4.280639,0.010272
Flooring__teak_herringbone_floor_34_40_height,Flooring,16,0,0,0,0,0,1,0.500000,0.500000,0.500000,3.972139,0.740477,0.216887,0.905485,1.200219,0.856780,0.072584,2.461292,0.007887
Flooring__teak_herringbone_floor_34_40_height,Flooring,16,0,0,0,0,0,1,0.500000,3.000000,2.000000,0.150625,0.948622,0.435693,0.964469,0.182309,0.883888,0.023098,1.144314,0.000900
Flooring__teak_herringbone_floor_34_40_height,Flooring,16,0,0,0,0,0,1,0.500000,4.500000,2.000000,0.129274,0.951429,0.424390,0.965160,0.161774,0.843839,0.020096,1.031644,0.000816
Flooring__teak_herringbone_floor_34_40_height,Flooring,16,0,0,0,0,0,1,0.500000,0.500000,2.000000,0.214462,0.956064,0.536888,0.965125,0.107995,0.976695,0.025521,0.576938,0.000793
Flooring__teak_herringbone_floor_34_40_height,Flooring,16,0,0,0,0,0,1,1.000000,1.500000,0.500000,7.968170,0.638578,0.119141,0.908543,2.767644,0.670082,0.105032,4.467070,0.011938
Flooring__teak_herringbone_floor_34_40_height,Flooring,16,0,0,0,0,0,1,1.000000,4.500000,2.000000,0.330379,0.920883,0.334243,0.967064,0.395968,0.723588,0.035505,1.920849,0.001494
Flooring__teak_herringbone_floor_34_40_height,Flooring,16,0,0,0,0,0,1,1.500000,0.500000,1.500000,2.464388,0.874673,0.231567,0.964989,1.042630,0.878973,0.093153,2.567818,0.004008
Flooring__teak_herringbone_floor_34_40_height,Flooring,16,0,0,0,0,0,1,1.500000,1.500000,2.000000,1.170935,0.889601,0.250190,0.969877,0.868314,0.822900,0.069529,2.246641,0.002816
Flooring__teak_herringbone_floor_34_40_height,Flooring,16,0,0,0,0,0,1,1.500000,3.000000,1.000000,2.543206,0.766547,0.173954,0.951295,1.591919,0.589984,0.081034,3.699895,0.005925
Flooring__teak_herringbone_floor_34_40_height,Flooring,16,0,0,0,0,0,1,2.000000,1.500000,2.000000,1.787883,0.876471,0.233502,0.969120,1.257455,0.771251,0.086365,2.884043,0.003539
Flooring__teak_herringbone_floor_34_40_height,Flooring,16,0,0,0,0,0,1,2.000000,4.500000,0.500000,4.654468,0.624145,0.117178,0.941196,1.831230,0.382886,0.100086,4.374345,0.009914
Flooring__wood_tiles_9_height,Flooring,4,1,0,0,0,0,0,0.500000,0.500000,0.500000,22.484924,0.867885,0.580391,0.890968,1.447684,0.784133,0.160018,3.569061,0.011664
Flooring__wood_tiles_9_height,Flooring,4,1,0,0,0,0,0,0.500000,3.000000,2.000000,0.517045,0.925948,0.342625,0.987902,0.728343,0.905853,0.072914,2.430042,0.001580
Flooring__wood_tiles_9_height,Flooring,4,1,0,0,0,0,0,0.500000,4.500000,2.000000,0.487735,0.900741,0.256475,0.985658,0.575680,0.844526,0.065415,2.461292,0.001942
Flooring__wood_tiles_9_height,Flooring,4,1,0,0,0,0,0,0.500000,0.500000,2.000000,0.848380,0.989764,0.913655,0.972200,0.305256,0.986393,0.061772,1.337143,0.000538
Flooring__wood_tiles_9_height,Flooring,4,1,0,0,0,0,0,1.000000,1.500000,0.500000,21.835727,0.712912,0.311449,0.916078,3.799256,0.584396,0.180425,5.327820,0.015944
Flooring__wood_tiles_9_height,Flooring,4,1,0,0,0,0,0,1.000000,4.500000,2.000000,1.134379,0.870467,0.264570,0.982272,1.278765,0.675631,0.090640,4.249389,0.003033
Flooring__wood_tiles_9_height,Flooring,4,1,0,0,0,0,0,1.500000,0.500000,1.500000,10.335393,0.906437,0.490872,0.955119,1.333371,0.750143,0.169602,3.297285,0.006195
Flooring__wood_tiles_9_height,Flooring,4,1,0,0,0,0,0,1.500000,1.500000,2.000000,4.138753,0.889492,0.460092,0.972195,1.743579,0.739940,0.134894,4.467070,0.004277
Flooring__wood_tiles_9_height,Flooring,4,1,0,0,0,0,0,1.500000,3.000000,1.000000,6.225395,0.757985,0.155695,0.960981,2.643423,0.532773,0.141912,4.914268,0.008210
Flooring__wood_tiles_9_height,Flooring,4,1,0,0,0,0,0,2.000000,1.500000,2.000000,3.915802,0.881079,0.379758,0.972609,2.387121,0.689027,0.134301,4.738897,0.004397
Flooring__wood_tiles_9_height,Flooring,4,1,0,0,0,0,0,2.000000,4.500000,0.500000,8.522425,0.614042,0.097042,0.957889,2.801931,0.327361,0.160079,5.625000,0.012582
Flooring__wood_tiles_9_height,Flooring,6,0,1,0,0,0,0,0.500000,0.500000,0.500000,14.112537,0.825423,0.455726,0.890789,1.975134,0.784246,0.128437,3.994032,0.010919
Flooring__wood_tiles_9_height,Flooring,6,0,1,0,0,0,0,0.500000,3.000000,2.000000,0.758366,0.900067,0.249657,0.980110,0.769254,0.852320,0.069352,2.779208,0.002241
Flooring__wood_tiles_9_height,Flooring,6,0,1,0,0,0,0,0.500000,4.500000,2.000000,0.496887,0.901429,0.285011,0.981656,0.650612,0.811882,0.058275,2.884043,0.001969
Flooring__wood_tiles_9_height,Flooring,6,0,1,0,0,0,0,0.500000,0.500000,2.000000,1.202530,0.957141,0.581953,0.976092,0.445360,0.953393,0.076384,1.590737,0.001445
Flooring__wood_tiles_9_height,Flooring,6,0,1,0,0,0,0,1.000000,1.500000,0.500000,18.575700,0.688189,0.174358,0.923615,4.034897,0.586309,0.175518,5.327820,0.015321
Flooring__wood_tiles_9_height,Flooring,6,0,1,0,0,0,0,1.000000,4.500000,2.000000,0.810757,0.884866,0.247161,0.983513,1.188972,0.681490,0.079917,3.994032,0.002551
Flooring__wood_tiles_9_height,Flooring,6,0,1,0,0,0,0,1.500000,0.500000,1.500000,7.138528,0.883173,0.357798,0.960985,1.828178,0.745667,0.152118,4.090446,0.005996
Flooring__wood_tiles_9_height,Flooring,6,0,1,0,0,0,0,1.500000,1.500000,2.000000,2.536321,0.877886,0.223366,0.977923,1.773285,0.743375,0.119809,4.374345,0.003739
Flooring__wood_tiles_9_height,Flooring,6,0,1,0,0,0,0,1.500000,3.000000,1.000000,6.044464,0.753003,0.131172,0.959319,2.710072,0.526832,0.137151,5.167141,0.008194
Flooring__wood_tiles_9_height,Flooring,6,0,1,0,0,0,0,2.000000,1.500000,2.000000,3.805454,0.858450,0.191493,0.976994,2.502653,0.676564,0.145076,5.135891,0.004767
Flooring__wood_tiles_9_height,Flooring,6,0,1,0,0,0,0,2.000000,4.500000,0.500000,8.157116,0.618994,0.095810,0.956770,2.658412,0.331998,0.154288,5.522979,0.012259
Flooring__wood_tiles_9_height,Flooring,8,0,0,1,0,0,0,0.500000,0.500000,0.500000,12.577010,0.806672,0.371511,0.894353,2.310510,0.776507,0.122475,4.090446,0.010664
Flooring__wood_tiles_9_height,Flooring,8,0,0,1,0,0,0,0.500000,3.000000,2.000000,0.521662,0.917320,0.315505,0.977828,0.664816,0.852253,0.053445,2.461292,0.001724
Flooring__wood_tiles_9_height,Flooring,8,0,0,1,0,0,0,0.500000,4.500000,2.000000,0.397355,0.910593,0.295805,0.981035,0.627785,0.812830,0.051655,2.779208,0.001712
Flooring__wood_tiles_9_height,Flooring,8,0,0,1,0,0,0,0.500000,0.500000,2.000000,1.148706,0.946447,0.527619,0.971792,0.428111,0.930863,0.070950,1.811278,0.001796
Flooring__wood_tiles_9_height,Flooring,8,0,0,1,0,0,0,1.000000,1.500000,0.500000,18.061720,0.671307,0.119136,0.923345,4.089295,0.582668,0.172904,5.480949,0.015367
Flooring__wood_tiles_9_height,Flooring,8,0,0,1,0,0,0,1.000000,4.500000,2.000000,0.821306,0.883172,0.239157,0.983324,1.197724,0.681429,0.079438,3.896782,0.002568
Flooring__wood_tiles_9_height,Flooring,8,0,0,1,0,0,0,1.500000,0.500000,1.500000,6.655110,0.867809,0.278513,0.963910,2.174123,0.730890,0.152698,4.586897,0.006092
Flooring__wood_tiles_9_height,Flooring,8,0,0,1,0,0,0,1.500000,1.500000,2.000000,2.551579,0.874720,0.195113,0.978634,1.911998,0.730176,0.123120,4.435820,0.003816
Flooring__wood_tiles_9_height,Flooring,8,0,0,1,0,0,0,1.500000,3.000000,1.000000,5.803447,0.753349,0.131163,0.960178,2.669245,0.524627,0.135823,5.167141,0.008042
Flooring__wood_tiles_9_height,Flooring,8,0,0,1,0,0,0,2.000000,1.500000,2.000000,2.855954,0.866515,0.176509,0.979889,2.221717,0.664918,0.134828,4.914268,0.004167
Flooring__wood_tiles_9_height,Flooring,8,0,0,1,0,0,0,2.000000,4.500000,0.500000,7.531243,0.624998,0.096224,0.957287,2.483306,0.328745,0.149171,5.480949,0.011817
Flooring__wood_tiles_9_height,Flooring,10,0,0,0,1,0,0,0.500000,0.500000,0.500000,11.281962,0.793218,0.307749,0.903729,2.440127,0.778180,0.120809,4.343095,0.010328
Flooring__wood_tiles_9_height,Flooring,10,0,0,0,1,0,0,0.500000,3.000000,2.000000,0.450992,0.922233,0.323422,0.980561,0.684986,0.852989,0.053677,2.567818,0.001599
Flooring__wood_tiles_9_height,Flooring,10,0,0,0,1,0,0,0.500000,4.500000,2.000000,0.369117,0.913453,0.290100,0.982272,0.621186,0.811979,0.051228,2.673795,0.001648
Flooring__wood_tiles_9_height,Flooring,10,0,0,0,1,0,0,0.500000,0.500000,2.000000,0.861252,0.942447,0.529760,0.972651,0.451235,0.929906,0.062692,2.138541,0.001671
Flooring__wood_tiles_9_height,Flooring,10,0,0,0,1,0,0,1.000000,1.500000,0.500000,17.770662,0.669357,0.103761,0.924257,4.087013,0.580772,0.172086,5.449699,0.015212
Flooring__wood_tiles_9_height,Flooring,10,0,0,0,1,0,0,1.000000,4.500000,2.000000,0.827295,0.882443,0.239000,0.982948,1.162896,0.677809,0.079236,3.798727,0.002600
Flooring__wood_tiles_9_height,Flooring,10,0,0,0,1,0,0,1.500000,0.500000,1.500000,5.568359,0.866831,0.234782,0.966562,2.111015,0.729438,0.144494,4.374345,0.005513
Flooring__wood_tiles_9_height,Flooring,10,0,0,0,1,0,0,1.500000,1.500000,2.000000,2.157152,0.878003,0.183538,0.980483,1.833662,0.728826,0.118762,4.467070,0.003521
Flooring__wood_tiles_9_height,Flooring,10,0,0,0,1,0,0,1.500000,3.000000,1.000000,5.498013,0.758214,0.128082,0.961365,2.595738,0.523568,0.134104,5.000000,0.007813
Flooring__wood_tiles_9_height,Flooring,10,0,0,0,1,0,0,2.000000,1.500000,2.000000,2.784690,0.870256,0.180501,0.980194,2.063320,0.665730,0.133618,4.925705,0.004036
Flooring__wood_tiles_9_height,Flooring,10,0,0,0,1,0,0,2.000000,4.500000,0.500000,7.476623,0.624765,0.096192,0.957791,2.324305,0.329452,0.149529,5.084323,0.011795
Flooring__wood_tiles_9_height,Flooring,12,0,0,0,0,1,0,0.500000,0.500000,0.500000,10.805980,0.780668,0.266818,0.905385,2.533109,0.779904,0.119239,4.090446,0.010156
Flooring__wood_tiles_9_height,Flooring,12,0,0,0,0,1,0,0.500000,3.000000,2.000000,0.417120,0.922020,0.292686,0.980113,0.638534,0.852249,0.051445,2.567818,0.001563
Flooring__wood_tiles_9_height,Flooring,12,0,0,0,0,1,0,0.500000,4.500000,2.000000,0.355671,0.916546,0.303815,0.981963,0.600929,0.811362,0.049632,2.642545,0.001609
Flooring__wood_tiles_9_height,Flooring,12,0,0,0,0,1,0,0.500000,0.500000,2.000000,0.725348,0.940677,0.514552,0.973368,0.488765,0.928571,0.056217,2.029940,0.001553
Flooring__wood_tiles_9_height,Flooring,12,0,0,0,0,1,0,1.000000,1.500000,0.500000,17.511796,0.669100,0.099701,0.924093,4.054085,0.581186,0.170765,5.405410,0.015098
Flooring__wood_tiles_9_height,Flooring,12,0,0,0,0,1,0,1.000000,4.500000,2.000000,0.770395,0.884725,0.227141,0.983240,1.170557,0.678390,0.077101,3.962782,0.002508
Flooring__wood_tiles_9_height,Flooring,12,0,0,0,0,1,0,1.500000,0.500000,1.500000,5.147428,0.869946,0.225420,0.967481,2.028968,0.727033,0.141116,4.374345,0.005281
Flooring__wood_tiles_9_height,Flooring,12,0,0,0,0,1,0,1.500000,1.500000,2.000000,2.109468,0.880372,0.184337,0.980131,1.665043,0.729423,0.115867,4.185994,0.003426
Flooring__wood_tiles_9_height,Flooring,12,0,0,0,0,1,0,1.500000,3.000000,1.000000,5.377202,0.760726,0.129210,0.961187,2.436331,0.525725,0.132488,4.827209,0.007734
Flooring__wood_tiles_9_height,Flooring,12,0,0,0,0,1,0,2.000000,1.500000,2.000000,3.081735,0.864220,0.166539,0.979500,2.181153,0.661935,0.139263,4.914268,0.004298
Flooring__wood_tiles_9_height,Flooring,12,0,0,0,0,1,0,2.000000,4.500000,0.500000,7.536983,0.624375,0.097394,0.957922,2.379835,0.328021,0.150437,5.167141,0.011823
Flooring__wood_tiles_9_height,Flooring,16,0,0,0,0,0,1,0.500000,0.500000,0.500000,10.420747,0.762023,0.203873,0.907964,2.574313,0.777357,0.119407,4.280639,0.010273
Flooring__wood_tiles_9_height,Flooring,16,0,0,0,0,0,1,0.500000,3.000000,2.000000,0.432941,0.922240,0.315647,0.980861,0.676121,0.852408,0.052875,2.567818,0.001589
Flooring__wood_tiles_9_height,Flooring,16,0,0,0,0,0,1,0.500000,4.500000,2.000000,0.369387,0.913640,0.289993,0.982149,0.616232,0.811152,0.051121,2.673795,0.001640
Flooring__wood_tiles_9_height,Flooring,16,0,0,0,0,0,1,0.500000,0.500000,2.000000,0.587612,0.936615,0.390649,0.974957,0.466068,0.929057,0.052897,2.029940,0.001491
Flooring__wood_tiles_9_height,Flooring,16,0,0,0,0,0,1,1.000000,1.500000,0.500000,16.992036,0.674252,0.098968,0.924619,3.922793,0.580452,0.168733,5.449699,0.014795
Flooring__wood_tiles_9_height,Flooring,16,0,0,0,0,0,1,1.000000,4.500000,2.000000,0.719314,0.886166,0.236368,0.983865,1.038587,0.676934,0.075869,3.600311,0.002426
Flooring__wood_tiles_9_height,Flooring,16,0,0,0,0,0,1,1.500000,0.500000,1.500000,5.137107,0.863389,0.198468,0.967760,2.094571,0.734167,0.142039,4.527521,0.005350
Flooring__wood_tiles_9_height,Flooring,16,0,0,0,0,0,1,1.500000,1.500000,2.000000,2.114820,0.880001,0.190724,0.980051,1.704433,0.734494,0.115962,4.527521,0.003466
Flooring__wood_tiles_9_height,Flooring,16,0,0,0,0,0,1,1.500000,3.000000,1.000000,5.546949,0.755448,0.127293,0.961070,2.502253,0.525880,0.134137,4.738897,0.007917
Flooring__wood_tiles_9_height,Flooring,16,0,0,0,0,0,1,2.000000,1.500000,2.000000,3.230913,0.861129,0.168840,0.979273,2.274070,0.667159,0.140486,5.053073,0.004401
Flooring__wood_tiles_9_height,Flooring,16,0,0,0,0,0,1,2.000000,4.500000,0.500000,7.634511,0.623850,0.095726,0.957694,2.429633,0.330593,0.150966,5.327820,0.011883
